employeeId,name,email,department,role,city,country,salary,yearsAtCompany,remote
EMP10001,Omar Hamilton,omar.hamilton1@example.com,Sales,Product Manager,Amsterdam,NL,92440,4.1,true
EMP10002,Lucas Cerf,lucas.cerf2@example.com,Sales,Product Manager,Tokyo,JP,136325,9.8,true
EMP10003,Zara Hamilton,zara.hamilton3@example.com,Engineering,Sales Rep,Sydney,AU,159298,9.4,false
EMP10004,Noah Perlman,noah.perlman4@example.com,Sales,Product Manager,Amsterdam,NL,162359,11.4,true
EMP10005,Alan Liskov,alan.liskov5@example.com,Marketing,Sales Rep,Dublin,IE,108274,4.4,true
EMP10006,Linus Andersson,linus.andersson6@example.com,Customer Success,DevOps Engineer,London,UK,162857,10.7,false
EMP10007,Carlos Berners-Lee,carlos.berners-lee7@example.com,Sales,Finance Analyst,London,UK,109879,1.3,true
EMP10008,Theo Johnson,theo.johnson8@example.com,Engineering,DevOps Engineer,São Paulo,BR,144040,3.2,true
EMP10009,Grace Okafor,grace.okafor9@example.com,Engineering,Finance Analyst,London,UK,121999,10.7,true
EMP10010,Theo Liskov,theo.liskov10@example.com,Finance,Software Engineer,London,UK,52188,8.7,false
EMP10011,Leo Nakamura,leo.nakamura11@example.com,Marketing,Customer Success,Paris,FR,96418,4.5,false
EMP10012,Margaret Berners-Lee,margaret.berners-lee12@example.com,Design,Marketing Lead,Sydney,AU,102651,4.7,false
EMP10013,Lucas Chen,lucas.chen13@example.com,Finance,DevOps Engineer,Sydney,AU,85857,11.6,true
EMP10014,Elena Silva,elena.silva14@example.com,Engineering,Data Analyst,Sydney,AU,124036,2.5,false
EMP10015,Margaret Singh,margaret.singh15@example.com,Marketing,Finance Analyst,Amsterdam,NL,81610,1.7,true
EMP10016,Sam Berners-Lee,sam.berners-lee16@example.com,Finance,Sales Rep,New York,US,52604,7.4,false
EMP10017,Tim Perlman,tim.perlman17@example.com,Product,DevOps Engineer,Paris,FR,124833,6.6,true
EMP10018,Carlos Cerf,carlos.cerf18@example.com,Engineering,UX Designer,Berlin,DE,132103,3.8,false
EMP10019,Lucas Müller,lucas.müller19@example.com,Product,Product Manager,Tokyo,JP,78220,0.6,true
EMP10020,Noah Nakamura,noah.nakamura20@example.com,Sales,Sales Rep,São Paulo,BR,64208,9.1,true
EMP10021,Aisha Silva,aisha.silva21@example.com,Customer Success,UX Designer,Sydney,AU,73585,8.8,true
EMP10022,Ivan Cerf,ivan.cerf22@example.com,Operations,Sales Rep,Amsterdam,NL,73533,0.7,false
EMP10023,James Kowalski,james.kowalski23@example.com,Design,Marketing Lead,Sydney,AU,160668,9.6,false
EMP10024,Vint Nakamura,vint.nakamura24@example.com,Product,QA Engineer,Singapore,SG,133586,7.6,false
EMP10025,Linus Lovelace,linus.lovelace25@example.com,Sales,Marketing Lead,Nairobi,KE,143723,6.1,false
EMP10026,Noah Johnson,noah.johnson26@example.com,Marketing,Product Manager,Toronto,CA,119279,6.3,true
EMP10027,Priya Kowalski,priya.kowalski27@example.com,Finance,Data Analyst,Amsterdam,NL,126797,0.3,false
EMP10028,Ada Chen,ada.chen28@example.com,Product,Data Analyst,Dublin,IE,138925,4.2,false
EMP10029,Sophie Johnson,sophie.johnson29@example.com,Operations,DevOps Engineer,London,UK,150722,7.1,true
EMP10030,Fatima Andersson,fatima.andersson30@example.com,Finance,Data Analyst,Dublin,IE,56323,4.5,true
EMP10031,Alan Silva,alan.silva31@example.com,Operations,Product Manager,New York,US,122684,5.5,true
EMP10032,Theo Turing,theo.turing32@example.com,Design,Sales Rep,São Paulo,BR,111455,2.6,true
EMP10033,Sophie Nakamura,sophie.nakamura33@example.com,Marketing,Product Manager,Berlin,DE,52898,4.7,false
EMP10034,Ivan Turing,ivan.turing34@example.com,Finance,Finance Analyst,New York,US,145695,11.8,false
EMP10035,Amara Lovelace,amara.lovelace35@example.com,Marketing,UX Designer,Sydney,AU,88738,9.2,false
EMP10036,Leo Kowalski,leo.kowalski36@example.com,Product,Finance Analyst,Berlin,DE,152437,10.6,false
EMP10037,Alan Rossi,alan.rossi37@example.com,Engineering,Product Manager,São Paulo,BR,132311,3.0,false
EMP10038,Carlos Johnson,carlos.johnson38@example.com,Operations,UX Designer,London,UK,61515,4.1,false
EMP10039,Sophie Müller,sophie.müller39@example.com,Product,Product Manager,Berlin,DE,76469,9.7,true
EMP10040,Zara Cerf,zara.cerf40@example.com,Engineering,QA Engineer,Paris,FR,98701,8.6,true
EMP10041,Leo Turing,leo.turing41@example.com,Design,Data Analyst,Amsterdam,NL,141617,0.7,false
EMP10042,Theo Nakamura,theo.nakamura42@example.com,Product,Data Analyst,Tokyo,JP,113815,8.3,false
EMP10043,Zara Lovelace,zara.lovelace43@example.com,Product,Finance Analyst,Nairobi,KE,115432,5.9,true
EMP10044,Sophie Lovelace,sophie.lovelace44@example.com,Customer Success,DevOps Engineer,Nairobi,KE,83689,4.3,true
EMP10045,Katherine Kowalski,katherine.kowalski45@example.com,Sales,Data Analyst,New York,US,64480,4.3,false
EMP10046,Ada Rossi,ada.rossi46@example.com,Operations,UX Designer,Singapore,SG,78542,9.9,true
EMP10047,Sophie Lovelace,sophie.lovelace47@example.com,Marketing,Software Engineer,Sydney,AU,103927,10.8,false
EMP10048,Barbara Silva,barbara.silva48@example.com,Finance,Product Manager,New York,US,127567,7.0,true
EMP10049,Priya Kowalski,priya.kowalski49@example.com,Product,UX Designer,São Paulo,BR,56553,3.5,false
EMP10050,Leo Torvalds,leo.torvalds50@example.com,Marketing,Customer Success,Singapore,SG,130204,0.1,false
EMP10051,Theo Hamilton,theo.hamilton51@example.com,Operations,Customer Success,London,UK,156439,3.0,false
EMP10052,Yuki Andersson,yuki.andersson52@example.com,Customer Success,Customer Success,Toronto,CA,84494,0.7,true
EMP10053,Tim Petrov,tim.petrov53@example.com,Operations,Sales Rep,São Paulo,BR,134905,0.1,true
EMP10054,Fatima Hopper,fatima.hopper54@example.com,Finance,Marketing Lead,Dublin,IE,61580,4.0,false
EMP10055,Chen Perlman,chen.perlman55@example.com,Marketing,DevOps Engineer,São Paulo,BR,163262,3.3,true
EMP10056,Carlos Rossi,carlos.rossi56@example.com,Finance,Marketing Lead,London,UK,109066,3.6,true
EMP10057,Alan Lovelace,alan.lovelace57@example.com,Sales,Software Engineer,Paris,FR,99510,2.5,false
EMP10058,Vint Perlman,vint.perlman58@example.com,Operations,Data Analyst,São Paulo,BR,47541,8.2,false
EMP10059,Tim Chen,tim.chen59@example.com,Customer Success,DevOps Engineer,Amsterdam,NL,69287,9.7,false
EMP10060,Linus Chen,linus.chen60@example.com,Marketing,Finance Analyst,Tokyo,JP,156834,5.5,false
EMP10061,Noah Singh,noah.singh61@example.com,Sales,Product Manager,Paris,FR,66143,10.8,true
EMP10062,James Lovelace,james.lovelace62@example.com,Design,Marketing Lead,Berlin,DE,103450,3.1,false
EMP10063,Ivan Rossi,ivan.rossi63@example.com,Sales,UX Designer,London,UK,112872,3.1,true
EMP10064,Linus Silva,linus.silva64@example.com,Customer Success,Customer Success,London,UK,160570,5.9,false
EMP10065,Nina Chen,nina.chen65@example.com,Design,Product Manager,Berlin,DE,148362,1.0,true
EMP10066,Nina Hopper,nina.hopper66@example.com,Marketing,Software Engineer,London,UK,128085,1.8,false
EMP10067,Margaret Hopper,margaret.hopper67@example.com,Sales,Customer Success,Tokyo,JP,107727,7.7,false
EMP10068,Sophie Perlman,sophie.perlman68@example.com,Engineering,Software Engineer,Sydney,AU,61419,1.2,false
EMP10069,Linus Kowalski,linus.kowalski69@example.com,Finance,Sales Rep,Tokyo,JP,99460,6.8,true
EMP10070,Priya Chen,priya.chen70@example.com,Finance,Finance Analyst,Paris,FR,84871,7.4,false
EMP10071,Fatima Chen,fatima.chen71@example.com,Product,UX Designer,São Paulo,BR,138027,7.7,false
EMP10072,Vint Chen,vint.chen72@example.com,Customer Success,UX Designer,São Paulo,BR,136260,1.9,false
EMP10073,Elena Silva,elena.silva73@example.com,Operations,QA Engineer,Tokyo,JP,121223,3.7,true
EMP10074,Fatima Perlman,fatima.perlman74@example.com,Finance,Data Analyst,New York,US,97109,11.4,false
EMP10075,Linus Torvalds,linus.torvalds75@example.com,Design,Customer Success,Toronto,CA,151228,0.4,true
EMP10076,Katherine Chen,katherine.chen76@example.com,Product,Sales Rep,Toronto,CA,111931,2.1,false
EMP10077,Lucas Lovelace,lucas.lovelace77@example.com,Marketing,Finance Analyst,Sydney,AU,59918,0.8,false
EMP10078,Leo Hopper,leo.hopper78@example.com,Customer Success,DevOps Engineer,Dublin,IE,109755,4.8,true
EMP10079,Tim Singh,tim.singh79@example.com,Marketing,Finance Analyst,Amsterdam,NL,161818,0.2,false
EMP10080,Maya Torvalds,maya.torvalds80@example.com,Product,UX Designer,Sydney,AU,112305,3.0,false
EMP10081,Priya Berners-Lee,priya.berners-lee81@example.com,Sales,UX Designer,Singapore,SG,84580,8.0,false
EMP10082,Priya Chen,priya.chen82@example.com,Customer Success,Customer Success,New York,US,65123,1.9,true
EMP10083,Zara Hopper,zara.hopper83@example.com,Marketing,Marketing Lead,Singapore,SG,97574,0.4,false
EMP10084,Lucas Singh,lucas.singh84@example.com,Customer Success,Sales Rep,São Paulo,BR,55977,2.0,true
EMP10085,Linus Cerf,linus.cerf85@example.com,Product,DevOps Engineer,Toronto,CA,95055,5.8,false
EMP10086,Chen Perlman,chen.perlman86@example.com,Design,QA Engineer,Paris,FR,133112,2.0,true
EMP10087,Maya Cerf,maya.cerf87@example.com,Sales,Marketing Lead,Nairobi,KE,72944,9.0,true
EMP10088,Amara Hopper,amara.hopper88@example.com,Sales,Data Analyst,Paris,FR,144686,8.8,false
EMP10089,Carlos Andersson,carlos.andersson89@example.com,Operations,DevOps Engineer,Dublin,IE,161099,9.9,false
EMP10090,Noah Singh,noah.singh90@example.com,Operations,UX Designer,Paris,FR,62190,0.0,true
EMP10091,Fatima Turing,fatima.turing91@example.com,Finance,Finance Analyst,New York,US,78194,3.0,true
EMP10092,Yuki Kowalski,yuki.kowalski92@example.com,Finance,Finance Analyst,Berlin,DE,110287,11.3,true
EMP10093,Noah Petrov,noah.petrov93@example.com,Engineering,Data Analyst,Nairobi,KE,89935,2.7,false
EMP10094,Barbara Lovelace,barbara.lovelace94@example.com,Marketing,Data Analyst,Sydney,AU,120715,0.8,false
EMP10095,Carlos Müller,carlos.müller95@example.com,Customer Success,Data Analyst,Paris,FR,155954,1.5,false
EMP10096,Vint Berners-Lee,vint.berners-lee96@example.com,Product,DevOps Engineer,Dublin,IE,62175,1.7,false
EMP10097,Vint Lovelace,vint.lovelace97@example.com,Customer Success,Data Analyst,Toronto,CA,66997,10.0,false
EMP10098,Zara Andersson,zara.andersson98@example.com,Sales,Marketing Lead,Singapore,SG,48926,6.7,true
EMP10099,Nina Torvalds,nina.torvalds99@example.com,Operations,DevOps Engineer,Sydney,AU,74331,10.9,true
EMP10100,Grace Lovelace,grace.lovelace100@example.com,Design,DevOps Engineer,Toronto,CA,97693,0.4,true
EMP10101,Leo Hamilton,leo.hamilton101@example.com,Customer Success,DevOps Engineer,Paris,FR,132493,7.9,false
EMP10102,Leo Berners-Lee,leo.berners-lee102@example.com,Sales,Data Analyst,Dublin,IE,130503,4.0,true
EMP10103,Ada Kowalski,ada.kowalski103@example.com,Finance,Marketing Lead,Dublin,IE,155197,0.6,true
EMP10104,Nina Rossi,nina.rossi104@example.com,Operations,Finance Analyst,Sydney,AU,47418,11.7,false
EMP10105,Barbara Hopper,barbara.hopper105@example.com,Marketing,Product Manager,Dublin,IE,142728,7.8,true
EMP10106,Linus Okafor,linus.okafor106@example.com,Marketing,Customer Success,Singapore,SG,110893,10.9,false
EMP10107,Amara Turing,amara.turing107@example.com,Finance,DevOps Engineer,Paris,FR,145272,11.4,false
EMP10108,Alan Berners-Lee,alan.berners-lee108@example.com,Design,UX Designer,New York,US,81925,6.8,true
EMP10109,Sophie Müller,sophie.müller109@example.com,Sales,Marketing Lead,Nairobi,KE,50550,8.5,true
EMP10110,Lucas Hamilton,lucas.hamilton110@example.com,Customer Success,Product Manager,Tokyo,JP,96295,3.2,true
EMP10111,Omar Turing,omar.turing111@example.com,Sales,Customer Success,New York,US,149247,10.6,false
EMP10112,Grace Chen,grace.chen112@example.com,Product,Sales Rep,Amsterdam,NL,66194,10.0,false
EMP10113,Elena Okafor,elena.okafor113@example.com,Operations,Software Engineer,Toronto,CA,141790,9.6,false
EMP10114,Barbara Singh,barbara.singh114@example.com,Marketing,Sales Rep,New York,US,120149,7.3,true
EMP10115,Maya Andersson,maya.andersson115@example.com,Customer Success,Sales Rep,Nairobi,KE,139694,0.5,false
EMP10116,Maya Singh,maya.singh116@example.com,Customer Success,Customer Success,Paris,FR,144735,5.0,false
EMP10117,Noah Müller,noah.müller117@example.com,Sales,Product Manager,Sydney,AU,85227,7.4,false
EMP10118,Maya Perlman,maya.perlman118@example.com,Sales,Software Engineer,Singapore,SG,74747,7.7,true
EMP10119,Zara Müller,zara.müller119@example.com,Sales,Product Manager,Singapore,SG,94554,8.8,true
EMP10120,Maya Kowalski,maya.kowalski120@example.com,Finance,Data Analyst,São Paulo,BR,127887,4.5,false
EMP10121,Leo Cerf,leo.cerf121@example.com,Sales,Sales Rep,Berlin,DE,115131,2.4,true
EMP10122,Yuki Perlman,yuki.perlman122@example.com,Product,Marketing Lead,Amsterdam,NL,54539,6.6,false
EMP10123,Fatima Kowalski,fatima.kowalski123@example.com,Operations,DevOps Engineer,London,UK,97854,9.4,true
EMP10124,Grace Liskov,grace.liskov124@example.com,Customer Success,DevOps Engineer,Dublin,IE,87804,4.5,false
EMP10125,Omar Torvalds,omar.torvalds125@example.com,Finance,UX Designer,São Paulo,BR,96215,2.3,true
EMP10126,Radia Müller,radia.müller126@example.com,Design,Product Manager,Berlin,DE,72630,10.3,false
EMP10127,Sam Berners-Lee,sam.berners-lee127@example.com,Engineering,UX Designer,New York,US,109498,7.1,true
EMP10128,Leo Lovelace,leo.lovelace128@example.com,Operations,Finance Analyst,Toronto,CA,138906,8.8,false
EMP10129,Nina Hopper,nina.hopper129@example.com,Design,UX Designer,New York,US,71330,4.0,false
EMP10130,Theo Rossi,theo.rossi130@example.com,Sales,Marketing Lead,São Paulo,BR,127549,5.7,false
EMP10131,Amara Lovelace,amara.lovelace131@example.com,Design,Finance Analyst,New York,US,62018,7.1,true
EMP10132,Amara Hamilton,amara.hamilton132@example.com,Product,UX Designer,London,UK,72411,5.3,false
EMP10133,James Silva,james.silva133@example.com,Engineering,Customer Success,Toronto,CA,161511,3.9,false
EMP10134,Carlos Cerf,carlos.cerf134@example.com,Product,Data Analyst,Singapore,SG,74602,7.2,true
EMP10135,Radia Singh,radia.singh135@example.com,Finance,DevOps Engineer,Singapore,SG,126685,2.9,true
EMP10136,Sam Singh,sam.singh136@example.com,Sales,Data Analyst,Paris,FR,76271,6.6,true
EMP10137,Carlos Perlman,carlos.perlman137@example.com,Sales,UX Designer,Tokyo,JP,101847,9.0,true
EMP10138,Carlos Nakamura,carlos.nakamura138@example.com,Marketing,Software Engineer,New York,US,82205,6.0,false
EMP10139,Alan Müller,alan.müller139@example.com,Customer Success,Sales Rep,Toronto,CA,56433,10.9,false
EMP10140,Fatima Johnson,fatima.johnson140@example.com,Product,Data Analyst,Paris,FR,46531,4.8,false
EMP10141,Yuki Hamilton,yuki.hamilton141@example.com,Design,Product Manager,Singapore,SG,75927,0.8,false
EMP10142,Nina Andersson,nina.andersson142@example.com,Customer Success,Customer Success,Singapore,SG,121141,2.5,true
EMP10143,Grace Turing,grace.turing143@example.com,Product,Software Engineer,London,UK,108016,1.9,true
EMP10144,Nina Hamilton,nina.hamilton144@example.com,Operations,DevOps Engineer,Nairobi,KE,142041,5.3,true
EMP10145,Maya Hopper,maya.hopper145@example.com,Marketing,DevOps Engineer,New York,US,61203,0.1,true
EMP10146,Vint Liskov,vint.liskov146@example.com,Design,QA Engineer,Toronto,CA,77526,5.8,true
EMP10147,Barbara Müller,barbara.müller147@example.com,Product,Marketing Lead,Toronto,CA,110689,4.0,false
EMP10148,Elena Silva,elena.silva148@example.com,Design,UX Designer,London,UK,121514,1.6,true
EMP10149,Alan Hopper,alan.hopper149@example.com,Product,QA Engineer,Singapore,SG,102563,11.0,true
EMP10150,Ada Cerf,ada.cerf150@example.com,Sales,Finance Analyst,Nairobi,KE,103279,9.2,true
EMP10151,Aisha Torvalds,aisha.torvalds151@example.com,Product,Software Engineer,Toronto,CA,132753,9.0,true
EMP10152,Zara Cerf,zara.cerf152@example.com,Customer Success,Software Engineer,Berlin,DE,87208,7.3,false
EMP10153,Radia Johnson,radia.johnson153@example.com,Finance,Product Manager,London,UK,100547,10.1,false
EMP10154,Vint Turing,vint.turing154@example.com,Operations,Marketing Lead,Paris,FR,148227,5.2,false
EMP10155,Alan Silva,alan.silva155@example.com,Operations,Product Manager,Dublin,IE,118794,11.5,true
EMP10156,Nina Lovelace,nina.lovelace156@example.com,Design,Finance Analyst,Toronto,CA,109541,4.4,true
EMP10157,Grace Turing,grace.turing157@example.com,Marketing,Data Analyst,São Paulo,BR,51156,8.7,true
EMP10158,Sophie Rossi,sophie.rossi158@example.com,Design,UX Designer,Nairobi,KE,51204,4.6,true
EMP10159,Katherine Silva,katherine.silva159@example.com,Design,QA Engineer,Dublin,IE,162453,1.4,true
EMP10160,Leo Andersson,leo.andersson160@example.com,Engineering,Software Engineer,Paris,FR,85631,7.3,false
EMP10161,Ada Okafor,ada.okafor161@example.com,Finance,Finance Analyst,Toronto,CA,48153,4.5,true
EMP10162,Noah Cerf,noah.cerf162@example.com,Customer Success,Data Analyst,Nairobi,KE,107223,9.0,true
EMP10163,Aisha Liskov,aisha.liskov163@example.com,Engineering,DevOps Engineer,Berlin,DE,107831,2.5,true
EMP10164,Leo Andersson,leo.andersson164@example.com,Operations,QA Engineer,Amsterdam,NL,61630,4.6,true
EMP10165,Tim Andersson,tim.andersson165@example.com,Marketing,Data Analyst,Toronto,CA,75530,2.8,true
EMP10166,James Kowalski,james.kowalski166@example.com,Engineering,Product Manager,Nairobi,KE,134565,11.1,true
EMP10167,Radia Silva,radia.silva167@example.com,Operations,Software Engineer,São Paulo,BR,48682,1.7,true
EMP10168,James Kowalski,james.kowalski168@example.com,Sales,QA Engineer,Berlin,DE,150470,10.3,true
EMP10169,Priya Berners-Lee,priya.berners-lee169@example.com,Marketing,Data Analyst,Amsterdam,NL,142207,9.7,false
EMP10170,Elena Hopper,elena.hopper170@example.com,Sales,Product Manager,Paris,FR,111520,11.9,true
EMP10171,Barbara Johnson,barbara.johnson171@example.com,Product,DevOps Engineer,Dublin,IE,74458,4.1,false
EMP10172,Linus Cerf,linus.cerf172@example.com,Product,Customer Success,Singapore,SG,120015,1.8,false
EMP10173,Theo Okafor,theo.okafor173@example.com,Customer Success,Marketing Lead,Nairobi,KE,140575,3.4,false
EMP10174,Ivan Cerf,ivan.cerf174@example.com,Sales,UX Designer,São Paulo,BR,75222,0.7,true
EMP10175,Radia Hopper,radia.hopper175@example.com,Customer Success,Customer Success,Nairobi,KE,146900,1.0,true
EMP10176,Sophie Andersson,sophie.andersson176@example.com,Sales,QA Engineer,Sydney,AU,45420,10.3,false
EMP10177,Margaret Müller,margaret.müller177@example.com,Customer Success,Customer Success,Berlin,DE,131975,0.4,false
EMP10178,Amara Turing,amara.turing178@example.com,Marketing,UX Designer,Singapore,SG,103094,11.2,true
EMP10179,Radia Turing,radia.turing179@example.com,Sales,Customer Success,Berlin,DE,94942,8.9,false
EMP10180,James Nakamura,james.nakamura180@example.com,Customer Success,Software Engineer,Paris,FR,157137,1.9,true
EMP10181,Ada Kowalski,ada.kowalski181@example.com,Customer Success,UX Designer,London,UK,116301,8.5,false
EMP10182,Theo Rossi,theo.rossi182@example.com,Design,Marketing Lead,São Paulo,BR,122863,4.4,true
EMP10183,Zara Berners-Lee,zara.berners-lee183@example.com,Marketing,Sales Rep,São Paulo,BR,87636,0.9,true
EMP10184,Yuki Okafor,yuki.okafor184@example.com,Product,DevOps Engineer,Singapore,SG,101985,1.4,true
EMP10185,Grace Johnson,grace.johnson185@example.com,Marketing,Software Engineer,São Paulo,BR,140545,5.4,true
EMP10186,Barbara Lovelace,barbara.lovelace186@example.com,Operations,Marketing Lead,London,UK,148312,0.9,false
EMP10187,Ivan Hopper,ivan.hopper187@example.com,Engineering,Customer Success,New York,US,140050,9.7,true
EMP10188,Sam Johnson,sam.johnson188@example.com,Sales,DevOps Engineer,Amsterdam,NL,154099,7.3,false
EMP10189,Radia Berners-Lee,radia.berners-lee189@example.com,Customer Success,QA Engineer,New York,US,74039,7.8,true
EMP10190,Zara Müller,zara.müller190@example.com,Customer Success,UX Designer,Amsterdam,NL,58334,5.9,false
EMP10191,Margaret Kowalski,margaret.kowalski191@example.com,Product,Product Manager,Dublin,IE,131620,1.9,true
EMP10192,Leo Hopper,leo.hopper192@example.com,Design,QA Engineer,London,UK,120218,2.4,false
EMP10193,Zara Kowalski,zara.kowalski193@example.com,Sales,QA Engineer,New York,US,50020,7.7,true
EMP10194,Margaret Kowalski,margaret.kowalski194@example.com,Marketing,Software Engineer,Amsterdam,NL,132946,6.4,false
EMP10195,Sophie Silva,sophie.silva195@example.com,Marketing,Product Manager,São Paulo,BR,164967,2.7,true
EMP10196,Ivan Kowalski,ivan.kowalski196@example.com,Engineering,Product Manager,Nairobi,KE,150457,5.2,true
EMP10197,Katherine Cerf,katherine.cerf197@example.com,Design,Customer Success,Singapore,SG,137943,6.1,true
EMP10198,Omar Torvalds,omar.torvalds198@example.com,Marketing,DevOps Engineer,São Paulo,BR,109383,5.6,true
EMP10199,Elena Müller,elena.müller199@example.com,Sales,Finance Analyst,Dublin,IE,133045,10.3,true
EMP10200,Ada Okafor,ada.okafor200@example.com,Product,QA Engineer,Sydney,AU,142098,7.8,true
EMP10201,Maya Liskov,maya.liskov201@example.com,Sales,UX Designer,Sydney,AU,46455,3.5,false
EMP10202,Amara Liskov,amara.liskov202@example.com,Product,QA Engineer,Paris,FR,163513,6.8,true
EMP10203,Carlos Nakamura,carlos.nakamura203@example.com,Operations,DevOps Engineer,Paris,FR,83157,2.6,false
EMP10204,Aisha Perlman,aisha.perlman204@example.com,Marketing,Software Engineer,New York,US,63714,7.3,true
EMP10205,Ada Hopper,ada.hopper205@example.com,Product,Software Engineer,Paris,FR,74108,7.3,true
EMP10206,Katherine Cerf,katherine.cerf206@example.com,Operations,QA Engineer,London,UK,93982,11.7,false
EMP10207,Fatima Singh,fatima.singh207@example.com,Product,Sales Rep,Berlin,DE,163788,2.6,false
EMP10208,Nina Cerf,nina.cerf208@example.com,Engineering,QA Engineer,Tokyo,JP,72954,3.6,false
EMP10209,Aisha Silva,aisha.silva209@example.com,Customer Success,Software Engineer,Sydney,AU,148910,6.2,true
EMP10210,Fatima Hamilton,fatima.hamilton210@example.com,Product,Sales Rep,Paris,FR,55509,2.8,false
EMP10211,Ivan Turing,ivan.turing211@example.com,Customer Success,Customer Success,Singapore,SG,115173,10.3,true
EMP10212,Elena Torvalds,elena.torvalds212@example.com,Operations,Data Analyst,Berlin,DE,85314,4.6,false
EMP10213,James Cerf,james.cerf213@example.com,Marketing,Sales Rep,Berlin,DE,151790,6.2,false
EMP10214,Radia Kowalski,radia.kowalski214@example.com,Design,Software Engineer,Amsterdam,NL,72430,11.5,true
EMP10215,Radia Andersson,radia.andersson215@example.com,Design,Product Manager,Tokyo,JP,108105,0.7,false
EMP10216,Linus Hamilton,linus.hamilton216@example.com,Marketing,Software Engineer,Amsterdam,NL,65968,4.6,false
EMP10217,Fatima Chen,fatima.chen217@example.com,Design,DevOps Engineer,Singapore,SG,93064,6.7,true
EMP10218,Tim Torvalds,tim.torvalds218@example.com,Sales,Data Analyst,São Paulo,BR,48818,6.1,false
EMP10219,Ivan Liskov,ivan.liskov219@example.com,Engineering,QA Engineer,São Paulo,BR,142816,8.2,true
EMP10220,Barbara Torvalds,barbara.torvalds220@example.com,Design,Marketing Lead,Nairobi,KE,74547,5.9,false
EMP10221,Leo Rossi,leo.rossi221@example.com,Marketing,DevOps Engineer,London,UK,110189,11.9,true
EMP10222,Nina Perlman,nina.perlman222@example.com,Marketing,Software Engineer,Berlin,DE,98272,1.8,true
EMP10223,Nina Cerf,nina.cerf223@example.com,Product,UX Designer,Dublin,IE,73391,4.2,false
EMP10224,Radia Torvalds,radia.torvalds224@example.com,Engineering,Product Manager,Amsterdam,NL,158042,9.2,false
EMP10225,Sophie Nakamura,sophie.nakamura225@example.com,Marketing,Customer Success,Tokyo,JP,60684,10.8,true
EMP10226,Zara Okafor,zara.okafor226@example.com,Operations,Data Analyst,Amsterdam,NL,118176,0.7,false
EMP10227,Aisha Liskov,aisha.liskov227@example.com,Design,Product Manager,Singapore,SG,143503,7.9,true
EMP10228,Amara Singh,amara.singh228@example.com,Customer Success,Product Manager,Dublin,IE,114789,7.6,true
EMP10229,Ivan Liskov,ivan.liskov229@example.com,Engineering,Customer Success,New York,US,144276,10.1,true
EMP10230,Sam Petrov,sam.petrov230@example.com,Customer Success,Marketing Lead,Toronto,CA,81064,4.5,false
EMP10231,Zara Rossi,zara.rossi231@example.com,Design,QA Engineer,Nairobi,KE,47332,5.9,true
EMP10232,Linus Silva,linus.silva232@example.com,Sales,Sales Rep,São Paulo,BR,82810,10.2,true
EMP10233,Sophie Torvalds,sophie.torvalds233@example.com,Product,Product Manager,Amsterdam,NL,57857,3.5,true
EMP10234,Grace Silva,grace.silva234@example.com,Engineering,Finance Analyst,London,UK,88075,6.4,true
EMP10235,Barbara Berners-Lee,barbara.berners-lee235@example.com,Finance,UX Designer,Paris,FR,64556,2.9,true
EMP10236,Tim Nakamura,tim.nakamura236@example.com,Customer Success,Marketing Lead,Sydney,AU,81877,5.7,false
EMP10237,Amara Perlman,amara.perlman237@example.com,Finance,Marketing Lead,Dublin,IE,74864,3.9,true
EMP10238,Katherine Nakamura,katherine.nakamura238@example.com,Sales,DevOps Engineer,London,UK,51052,2.0,false
EMP10239,Maya Liskov,maya.liskov239@example.com,Sales,Finance Analyst,London,UK,71677,3.2,false
EMP10240,Barbara Silva,barbara.silva240@example.com,Sales,QA Engineer,Singapore,SG,73702,7.5,false
EMP10241,Zara Nakamura,zara.nakamura241@example.com,Product,QA Engineer,Berlin,DE,83149,1.8,false
EMP10242,Margaret Singh,margaret.singh242@example.com,Product,Customer Success,Amsterdam,NL,115593,7.2,true
EMP10243,Aisha Singh,aisha.singh243@example.com,Operations,Software Engineer,São Paulo,BR,56772,2.5,true
EMP10244,Chen Turing,chen.turing244@example.com,Finance,Marketing Lead,Dublin,IE,73676,2.2,true
EMP10245,Katherine Petrov,katherine.petrov245@example.com,Operations,QA Engineer,Nairobi,KE,122294,3.3,true
EMP10246,Vint Liskov,vint.liskov246@example.com,Operations,Product Manager,Amsterdam,NL,48161,9.2,false
EMP10247,Linus Torvalds,linus.torvalds247@example.com,Finance,Finance Analyst,Amsterdam,NL,147858,11.4,true
EMP10248,Carlos Singh,carlos.singh248@example.com,Operations,Sales Rep,Berlin,DE,64709,9.5,false
EMP10249,Linus Rossi,linus.rossi249@example.com,Engineering,Sales Rep,Dublin,IE,73938,0.5,false
EMP10250,Chen Andersson,chen.andersson250@example.com,Sales,UX Designer,Berlin,DE,128826,9.3,true
EMP10251,Elena Andersson,elena.andersson251@example.com,Sales,QA Engineer,Amsterdam,NL,158213,5.0,true
EMP10252,Alan Johnson,alan.johnson252@example.com,Operations,Customer Success,Paris,FR,162676,9.0,false
EMP10253,Margaret Nakamura,margaret.nakamura253@example.com,Operations,Marketing Lead,Nairobi,KE,73819,3.9,true
EMP10254,Aisha Hopper,aisha.hopper254@example.com,Operations,UX Designer,Sydney,AU,84175,3.6,false
EMP10255,Noah Chen,noah.chen255@example.com,Engineering,Finance Analyst,London,UK,83556,5.4,false
EMP10256,Lucas Rossi,lucas.rossi256@example.com,Sales,Sales Rep,Berlin,DE,146666,11.9,true
EMP10257,Omar Singh,omar.singh257@example.com,Engineering,Customer Success,Berlin,DE,103313,6.9,true
EMP10258,Chen Nakamura,chen.nakamura258@example.com,Finance,UX Designer,Paris,FR,129856,9.7,false
EMP10259,Nina Silva,nina.silva259@example.com,Finance,UX Designer,Amsterdam,NL,126724,4.5,true
EMP10260,Zara Okafor,zara.okafor260@example.com,Operations,UX Designer,Berlin,DE,97825,0.1,false
EMP10261,Sophie Okafor,sophie.okafor261@example.com,Marketing,Software Engineer,London,UK,130345,6.7,true
EMP10262,Carlos Perlman,carlos.perlman262@example.com,Sales,Customer Success,Paris,FR,120197,0.6,true
EMP10263,Lucas Chen,lucas.chen263@example.com,Design,Software Engineer,Berlin,DE,151240,11.8,false
EMP10264,Amara Lovelace,amara.lovelace264@example.com,Operations,Finance Analyst,Amsterdam,NL,131072,6.0,false
EMP10265,Katherine Andersson,katherine.andersson265@example.com,Customer Success,Sales Rep,Berlin,DE,137564,0.8,false
EMP10266,Barbara Hopper,barbara.hopper266@example.com,Engineering,Product Manager,Berlin,DE,161688,11.1,true
EMP10267,Margaret Berners-Lee,margaret.berners-lee267@example.com,Marketing,DevOps Engineer,Berlin,DE,155225,4.7,true
EMP10268,Carlos Singh,carlos.singh268@example.com,Product,Marketing Lead,Sydney,AU,136608,9.9,false
EMP10269,Omar Singh,omar.singh269@example.com,Finance,QA Engineer,Berlin,DE,110256,9.8,false
EMP10270,Aisha Perlman,aisha.perlman270@example.com,Sales,UX Designer,Paris,FR,143846,6.9,true
EMP10271,Yuki Andersson,yuki.andersson271@example.com,Engineering,Finance Analyst,Toronto,CA,120748,8.5,true
EMP10272,Sam Nakamura,sam.nakamura272@example.com,Product,Marketing Lead,Singapore,SG,98113,9.2,false
EMP10273,Lucas Petrov,lucas.petrov273@example.com,Design,Marketing Lead,Toronto,CA,72483,10.1,false
EMP10274,Grace Petrov,grace.petrov274@example.com,Customer Success,DevOps Engineer,London,UK,106403,1.9,true
EMP10275,Priya Liskov,priya.liskov275@example.com,Customer Success,Product Manager,Dublin,IE,121964,11.4,false
EMP10276,Carlos Müller,carlos.müller276@example.com,Operations,Data Analyst,Toronto,CA,110669,7.3,true
EMP10277,Carlos Singh,carlos.singh277@example.com,Engineering,Marketing Lead,Dublin,IE,75448,10.6,true
EMP10278,Nina Hopper,nina.hopper278@example.com,Product,Marketing Lead,London,UK,119589,5.7,false
EMP10279,Omar Hopper,omar.hopper279@example.com,Design,Product Manager,London,UK,46799,0.3,true
EMP10280,Carlos Singh,carlos.singh280@example.com,Design,UX Designer,Toronto,CA,112059,2.0,true
EMP10281,James Chen,james.chen281@example.com,Design,Software Engineer,Berlin,DE,123960,3.7,true
EMP10282,Barbara Chen,barbara.chen282@example.com,Finance,Product Manager,Nairobi,KE,128017,7.5,true
EMP10283,Nina Lovelace,nina.lovelace283@example.com,Customer Success,DevOps Engineer,Berlin,DE,151567,7.8,true
EMP10284,Chen Liskov,chen.liskov284@example.com,Product,UX Designer,New York,US,119604,9.4,false
EMP10285,Barbara Okafor,barbara.okafor285@example.com,Customer Success,QA Engineer,Berlin,DE,57784,5.3,false
EMP10286,James Singh,james.singh286@example.com,Sales,Sales Rep,São Paulo,BR,84739,10.2,false
EMP10287,Ada Müller,ada.müller287@example.com,Design,Sales Rep,Nairobi,KE,64335,6.1,false
EMP10288,Sophie Silva,sophie.silva288@example.com,Engineering,UX Designer,Berlin,DE,138277,10.8,false
EMP10289,Carlos Perlman,carlos.perlman289@example.com,Finance,Data Analyst,London,UK,84242,2.8,true
EMP10290,Noah Andersson,noah.andersson290@example.com,Marketing,Marketing Lead,Sydney,AU,50123,7.2,true
EMP10291,Priya Müller,priya.müller291@example.com,Product,Customer Success,Singapore,SG,119205,1.5,false
EMP10292,Alan Hopper,alan.hopper292@example.com,Marketing,Finance Analyst,Toronto,CA,52712,5.9,true
EMP10293,Linus Singh,linus.singh293@example.com,Finance,Customer Success,Toronto,CA,125529,0.6,false
EMP10294,Carlos Kowalski,carlos.kowalski294@example.com,Operations,Customer Success,Paris,FR,86171,6.5,true
EMP10295,Radia Müller,radia.müller295@example.com,Design,Marketing Lead,New York,US,149334,10.2,true
EMP10296,James Perlman,james.perlman296@example.com,Operations,QA Engineer,Nairobi,KE,54942,8.6,false
EMP10297,Radia Liskov,radia.liskov297@example.com,Operations,Software Engineer,Berlin,DE,75131,6.8,false
EMP10298,Nina Silva,nina.silva298@example.com,Sales,Customer Success,Tokyo,JP,45420,10.4,false
EMP10299,Leo Turing,leo.turing299@example.com,Sales,Product Manager,Toronto,CA,130583,10.9,false
EMP10300,Nina Müller,nina.müller300@example.com,Marketing,Data Analyst,Toronto,CA,147910,0.1,false
EMP10301,Sam Hamilton,sam.hamilton301@example.com,Design,Software Engineer,Tokyo,JP,49398,10.7,false
EMP10302,Sophie Kowalski,sophie.kowalski302@example.com,Design,UX Designer,Dublin,IE,74255,3.1,false
EMP10303,Noah Turing,noah.turing303@example.com,Sales,DevOps Engineer,Singapore,SG,157579,2.0,true
EMP10304,Alan Cerf,alan.cerf304@example.com,Marketing,Sales Rep,Amsterdam,NL,106434,3.8,false
EMP10305,Linus Berners-Lee,linus.berners-lee305@example.com,Customer Success,Data Analyst,São Paulo,BR,137835,7.5,true
EMP10306,James Singh,james.singh306@example.com,Operations,UX Designer,New York,US,158317,1.0,false
EMP10307,Linus Hamilton,linus.hamilton307@example.com,Operations,Finance Analyst,New York,US,65164,3.0,false
EMP10308,Maya Nakamura,maya.nakamura308@example.com,Operations,DevOps Engineer,New York,US,51358,2.7,true
EMP10309,Carlos Hopper,carlos.hopper309@example.com,Customer Success,Sales Rep,London,UK,113250,11.8,true
EMP10310,Zara Petrov,zara.petrov310@example.com,Operations,UX Designer,Berlin,DE,80523,0.7,false
EMP10311,Maya Chen,maya.chen311@example.com,Product,UX Designer,Toronto,CA,146386,2.2,true
EMP10312,Carlos Lovelace,carlos.lovelace312@example.com,Product,QA Engineer,Nairobi,KE,52184,10.9,true
EMP10313,Margaret Müller,margaret.müller313@example.com,Sales,Software Engineer,Paris,FR,122393,1.8,true
EMP10314,Sam Torvalds,sam.torvalds314@example.com,Operations,Software Engineer,Tokyo,JP,78166,8.0,true
EMP10315,Radia Andersson,radia.andersson315@example.com,Engineering,Marketing Lead,Dublin,IE,66543,7.4,true
EMP10316,Grace Singh,grace.singh316@example.com,Operations,UX Designer,Berlin,DE,146127,3.3,true
EMP10317,Margaret Rossi,margaret.rossi317@example.com,Product,Finance Analyst,Sydney,AU,102884,8.1,true
EMP10318,Fatima Chen,fatima.chen318@example.com,Finance,Marketing Lead,Sydney,AU,126847,8.6,true
EMP10319,Omar Hopper,omar.hopper319@example.com,Design,Marketing Lead,Nairobi,KE,112254,5.1,false
EMP10320,Fatima Petrov,fatima.petrov320@example.com,Customer Success,Sales Rep,Dublin,IE,164906,8.9,true
EMP10321,Noah Hopper,noah.hopper321@example.com,Customer Success,QA Engineer,Dublin,IE,147803,9.3,true
EMP10322,Katherine Hopper,katherine.hopper322@example.com,Customer Success,UX Designer,São Paulo,BR,55365,4.8,true
EMP10323,James Nakamura,james.nakamura323@example.com,Operations,Customer Success,Dublin,IE,134769,4.0,false
EMP10324,Sam Johnson,sam.johnson324@example.com,Marketing,Data Analyst,Tokyo,JP,59869,12.0,true
EMP10325,Amara Hamilton,amara.hamilton325@example.com,Product,Software Engineer,Nairobi,KE,80392,2.0,true
EMP10326,Fatima Chen,fatima.chen326@example.com,Design,DevOps Engineer,Nairobi,KE,104108,7.4,false
EMP10327,Carlos Okafor,carlos.okafor327@example.com,Customer Success,Software Engineer,Toronto,CA,150650,6.0,false
EMP10328,Barbara Kowalski,barbara.kowalski328@example.com,Customer Success,Finance Analyst,Paris,FR,112405,10.3,true
EMP10329,Omar Rossi,omar.rossi329@example.com,Marketing,UX Designer,London,UK,120959,9.4,false
EMP10330,Noah Andersson,noah.andersson330@example.com,Marketing,Finance Analyst,Paris,FR,128950,10.0,false
EMP10331,Sam Liskov,sam.liskov331@example.com,Finance,Software Engineer,London,UK,64144,9.5,true
EMP10332,Chen Okafor,chen.okafor332@example.com,Marketing,Software Engineer,Singapore,SG,90269,8.2,true
EMP10333,Katherine Rossi,katherine.rossi333@example.com,Engineering,Product Manager,Paris,FR,164899,0.0,false
EMP10334,Lucas Silva,lucas.silva334@example.com,Engineering,Customer Success,Tokyo,JP,162425,6.0,true
EMP10335,James Torvalds,james.torvalds335@example.com,Design,Finance Analyst,London,UK,73889,2.5,false
EMP10336,Maya Petrov,maya.petrov336@example.com,Engineering,QA Engineer,Amsterdam,NL,63492,6.8,true
EMP10337,Sophie Torvalds,sophie.torvalds337@example.com,Marketing,Data Analyst,Paris,FR,137442,9.3,false
EMP10338,Chen Johnson,chen.johnson338@example.com,Design,QA Engineer,Tokyo,JP,73882,11.1,true
EMP10339,Carlos Okafor,carlos.okafor339@example.com,Marketing,Software Engineer,Paris,FR,84823,9.1,false
EMP10340,Tim Silva,tim.silva340@example.com,Design,Product Manager,Toronto,CA,57738,1.5,true
EMP10341,Alan Chen,alan.chen341@example.com,Marketing,DevOps Engineer,Toronto,CA,129803,11.0,false
EMP10342,Ada Hamilton,ada.hamilton342@example.com,Marketing,Sales Rep,Nairobi,KE,136506,0.9,true
EMP10343,Omar Kowalski,omar.kowalski343@example.com,Engineering,Marketing Lead,New York,US,58407,3.0,false
EMP10344,Elena Rossi,elena.rossi344@example.com,Operations,UX Designer,São Paulo,BR,46937,11.3,false
EMP10345,Katherine Cerf,katherine.cerf345@example.com,Finance,Software Engineer,Nairobi,KE,103570,2.3,false
EMP10346,Tim Hopper,tim.hopper346@example.com,Engineering,UX Designer,Toronto,CA,128207,2.1,false
EMP10347,Ada Cerf,ada.cerf347@example.com,Engineering,Data Analyst,Toronto,CA,65736,0.9,false
EMP10348,Priya Perlman,priya.perlman348@example.com,Marketing,UX Designer,Nairobi,KE,97420,0.8,false
EMP10349,Sophie Hopper,sophie.hopper349@example.com,Design,Finance Analyst,New York,US,47075,3.0,true
EMP10350,Aisha Berners-Lee,aisha.berners-lee350@example.com,Finance,Customer Success,Paris,FR,159261,5.1,false
EMP10351,Lucas Okafor,lucas.okafor351@example.com,Marketing,Sales Rep,Dublin,IE,162350,7.3,true
EMP10352,Omar Torvalds,omar.torvalds352@example.com,Design,Software Engineer,Tokyo,JP,119528,3.4,true
EMP10353,Priya Andersson,priya.andersson353@example.com,Sales,Data Analyst,Sydney,AU,160860,7.0,true
EMP10354,Carlos Andersson,carlos.andersson354@example.com,Engineering,Data Analyst,Amsterdam,NL,144113,3.7,true
EMP10355,Aisha Andersson,aisha.andersson355@example.com,Engineering,Product Manager,Amsterdam,NL,107439,8.4,true
EMP10356,Leo Müller,leo.müller356@example.com,Marketing,Sales Rep,Berlin,DE,105497,6.5,true
EMP10357,Alan Cerf,alan.cerf357@example.com,Finance,DevOps Engineer,São Paulo,BR,65668,4.0,true
EMP10358,Noah Andersson,noah.andersson358@example.com,Design,UX Designer,São Paulo,BR,63528,9.3,true
EMP10359,Amara Singh,amara.singh359@example.com,Finance,DevOps Engineer,Singapore,SG,139191,8.1,false
EMP10360,Radia Hamilton,radia.hamilton360@example.com,Operations,Product Manager,Tokyo,JP,78516,10.4,true
EMP10361,Amara Berners-Lee,amara.berners-lee361@example.com,Product,UX Designer,Nairobi,KE,75213,1.7,true
EMP10362,Aisha Nakamura,aisha.nakamura362@example.com,Finance,Finance Analyst,New York,US,129631,3.5,true
EMP10363,Sophie Nakamura,sophie.nakamura363@example.com,Design,Marketing Lead,Singapore,SG,78068,11.1,true
EMP10364,Aisha Okafor,aisha.okafor364@example.com,Finance,Finance Analyst,São Paulo,BR,91992,8.0,true
EMP10365,Omar Turing,omar.turing365@example.com,Product,UX Designer,Dublin,IE,81244,11.6,true
EMP10366,Margaret Chen,margaret.chen366@example.com,Engineering,Product Manager,Paris,FR,86948,10.4,true
EMP10367,Alan Müller,alan.müller367@example.com,Marketing,Marketing Lead,Amsterdam,NL,102124,0.6,false
EMP10368,Grace Cerf,grace.cerf368@example.com,Marketing,Data Analyst,Berlin,DE,82830,1.8,false
EMP10369,James Nakamura,james.nakamura369@example.com,Finance,Data Analyst,Berlin,DE,159145,4.7,false
EMP10370,Omar Cerf,omar.cerf370@example.com,Engineering,Software Engineer,Tokyo,JP,102499,1.9,false
EMP10371,Leo Nakamura,leo.nakamura371@example.com,Engineering,QA Engineer,Dublin,IE,146630,8.6,true
EMP10372,Theo Perlman,theo.perlman372@example.com,Operations,Customer Success,Singapore,SG,72495,5.5,false
EMP10373,Omar Nakamura,omar.nakamura373@example.com,Sales,Marketing Lead,São Paulo,BR,106919,8.7,true
EMP10374,Vint Berners-Lee,vint.berners-lee374@example.com,Design,Marketing Lead,Toronto,CA,111840,3.7,true
EMP10375,Tim Kowalski,tim.kowalski375@example.com,Operations,Sales Rep,Nairobi,KE,145975,11.0,true
EMP10376,Margaret Andersson,margaret.andersson376@example.com,Finance,Data Analyst,Berlin,DE,65901,3.4,false
EMP10377,Lucas Müller,lucas.müller377@example.com,Marketing,Customer Success,Singapore,SG,54602,7.0,true
EMP10378,Priya Kowalski,priya.kowalski378@example.com,Design,Marketing Lead,New York,US,90480,4.8,true
EMP10379,Nina Lovelace,nina.lovelace379@example.com,Engineering,Customer Success,Toronto,CA,100756,5.7,true
EMP10380,Margaret Chen,margaret.chen380@example.com,Finance,Customer Success,Paris,FR,79881,6.2,true
EMP10381,Omar Berners-Lee,omar.berners-lee381@example.com,Operations,Data Analyst,Toronto,CA,95748,4.2,false
EMP10382,Amara Perlman,amara.perlman382@example.com,Finance,QA Engineer,Nairobi,KE,54117,11.2,true
EMP10383,James Liskov,james.liskov383@example.com,Customer Success,Product Manager,New York,US,110840,0.3,false
EMP10384,Noah Singh,noah.singh384@example.com,Operations,Marketing Lead,Toronto,CA,46016,1.4,false
EMP10385,Margaret Lovelace,margaret.lovelace385@example.com,Design,UX Designer,São Paulo,BR,70310,4.6,false
EMP10386,Ada Nakamura,ada.nakamura386@example.com,Sales,Customer Success,Sydney,AU,54457,2.5,false
EMP10387,Fatima Rossi,fatima.rossi387@example.com,Finance,Product Manager,Sydney,AU,71432,3.9,true
EMP10388,Sophie Turing,sophie.turing388@example.com,Engineering,DevOps Engineer,Berlin,DE,92106,6.5,false
EMP10389,Linus Kowalski,linus.kowalski389@example.com,Customer Success,Product Manager,Sydney,AU,83026,9.8,true
EMP10390,James Hopper,james.hopper390@example.com,Marketing,QA Engineer,London,UK,148406,1.1,true
EMP10391,Nina Nakamura,nina.nakamura391@example.com,Finance,Sales Rep,Nairobi,KE,46662,4.5,true
EMP10392,Chen Chen,chen.chen392@example.com,Design,DevOps Engineer,Singapore,SG,72674,7.0,true
EMP10393,James Andersson,james.andersson393@example.com,Sales,Product Manager,Nairobi,KE,65351,11.4,false
EMP10394,Grace Berners-Lee,grace.berners-lee394@example.com,Product,Sales Rep,New York,US,116158,9.0,false
EMP10395,Yuki Hopper,yuki.hopper395@example.com,Design,Customer Success,Berlin,DE,160165,10.2,false
EMP10396,Amara Andersson,amara.andersson396@example.com,Finance,QA Engineer,Singapore,SG,161469,5.2,true
EMP10397,Theo Silva,theo.silva397@example.com,Product,QA Engineer,Paris,FR,78837,8.1,true
EMP10398,Omar Turing,omar.turing398@example.com,Product,QA Engineer,São Paulo,BR,76627,6.7,true
EMP10399,Omar Nakamura,omar.nakamura399@example.com,Marketing,DevOps Engineer,Nairobi,KE,122372,2.4,false
EMP10400,Carlos Cerf,carlos.cerf400@example.com,Engineering,UX Designer,Tokyo,JP,83594,7.7,false
EMP10401,Lucas Kowalski,lucas.kowalski401@example.com,Marketing,QA Engineer,São Paulo,BR,150029,4.7,true
EMP10402,Katherine Chen,katherine.chen402@example.com,Finance,Customer Success,Sydney,AU,129562,0.9,false
EMP10403,Aisha Lovelace,aisha.lovelace403@example.com,Finance,DevOps Engineer,Singapore,SG,133049,0.7,false
EMP10404,Noah Silva,noah.silva404@example.com,Finance,Software Engineer,Dublin,IE,144932,9.3,true
EMP10405,Elena Kowalski,elena.kowalski405@example.com,Finance,Data Analyst,Berlin,DE,158495,10.3,false
EMP10406,Linus Lovelace,linus.lovelace406@example.com,Marketing,Customer Success,Amsterdam,NL,139294,0.3,false
EMP10407,Amara Silva,amara.silva407@example.com,Design,Marketing Lead,São Paulo,BR,71517,0.2,false
EMP10408,Amara Rossi,amara.rossi408@example.com,Finance,QA Engineer,Toronto,CA,149217,9.4,true
EMP10409,Katherine Silva,katherine.silva409@example.com,Customer Success,Sales Rep,Toronto,CA,86197,6.7,false
EMP10410,Radia Kowalski,radia.kowalski410@example.com,Marketing,DevOps Engineer,Dublin,IE,155437,2.7,true
EMP10411,Yuki Nakamura,yuki.nakamura411@example.com,Marketing,Data Analyst,Paris,FR,153171,3.6,false
EMP10412,Leo Rossi,leo.rossi412@example.com,Customer Success,Marketing Lead,Sydney,AU,70821,6.6,true
EMP10413,James Singh,james.singh413@example.com,Operations,Finance Analyst,São Paulo,BR,123069,11.9,true
EMP10414,Noah Turing,noah.turing414@example.com,Finance,Data Analyst,Sydney,AU,69655,7.8,true
EMP10415,Maya Torvalds,maya.torvalds415@example.com,Operations,Sales Rep,Berlin,DE,73261,7.1,true
EMP10416,Omar Müller,omar.müller416@example.com,Operations,UX Designer,Toronto,CA,146084,9.9,false
EMP10417,Omar Andersson,omar.andersson417@example.com,Finance,QA Engineer,Amsterdam,NL,121457,10.9,false
EMP10418,Zara Silva,zara.silva418@example.com,Product,Marketing Lead,New York,US,91713,11.6,false
EMP10419,Grace Rossi,grace.rossi419@example.com,Product,Finance Analyst,Dublin,IE,163604,7.7,false
EMP10420,Sam Okafor,sam.okafor420@example.com,Product,Marketing Lead,New York,US,86427,5.0,true
EMP10421,Theo Cerf,theo.cerf421@example.com,Engineering,Sales Rep,Toronto,CA,51535,1.8,true
EMP10422,Chen Johnson,chen.johnson422@example.com,Design,Sales Rep,Dublin,IE,125599,5.0,false
EMP10423,Aisha Silva,aisha.silva423@example.com,Operations,Customer Success,Berlin,DE,136320,10.0,true
EMP10424,Radia Berners-Lee,radia.berners-lee424@example.com,Finance,UX Designer,Berlin,DE,109504,2.4,false
EMP10425,Maya Andersson,maya.andersson425@example.com,Marketing,UX Designer,Berlin,DE,100104,7.0,true
EMP10426,Sam Hamilton,sam.hamilton426@example.com,Engineering,Sales Rep,London,UK,106961,6.7,false
EMP10427,Tim Singh,tim.singh427@example.com,Product,QA Engineer,Amsterdam,NL,100311,7.0,false
EMP10428,Nina Petrov,nina.petrov428@example.com,Product,Product Manager,London,UK,126088,9.9,true
EMP10429,Yuki Rossi,yuki.rossi429@example.com,Marketing,QA Engineer,São Paulo,BR,83361,0.9,false
EMP10430,Barbara Nakamura,barbara.nakamura430@example.com,Operations,Data Analyst,London,UK,91031,0.5,false
EMP10431,Ivan Nakamura,ivan.nakamura431@example.com,Design,Customer Success,Sydney,AU,88467,10.9,true
EMP10432,Grace Liskov,grace.liskov432@example.com,Customer Success,Marketing Lead,Sydney,AU,136085,7.8,false
EMP10433,Fatima Chen,fatima.chen433@example.com,Design,Product Manager,Singapore,SG,64859,10.3,true
EMP10434,Ada Nakamura,ada.nakamura434@example.com,Operations,Marketing Lead,Sydney,AU,85080,7.7,false
EMP10435,Barbara Hamilton,barbara.hamilton435@example.com,Engineering,Data Analyst,Nairobi,KE,111532,7.9,true
EMP10436,Radia Cerf,radia.cerf436@example.com,Engineering,Sales Rep,Berlin,DE,141140,11.2,false
EMP10437,Zara Berners-Lee,zara.berners-lee437@example.com,Operations,Software Engineer,New York,US,81776,10.0,false
EMP10438,Priya Andersson,priya.andersson438@example.com,Engineering,Customer Success,Amsterdam,NL,60840,9.6,false
EMP10439,Margaret Johnson,margaret.johnson439@example.com,Finance,Marketing Lead,New York,US,59246,1.8,true
EMP10440,Barbara Nakamura,barbara.nakamura440@example.com,Customer Success,Customer Success,São Paulo,BR,74617,11.8,false
EMP10441,Maya Okafor,maya.okafor441@example.com,Engineering,Data Analyst,Singapore,SG,98263,8.0,false
EMP10442,Fatima Johnson,fatima.johnson442@example.com,Finance,Sales Rep,Tokyo,JP,137078,2.0,true
EMP10443,Zara Hopper,zara.hopper443@example.com,Finance,Data Analyst,Paris,FR,134765,0.3,true
EMP10444,Linus Lovelace,linus.lovelace444@example.com,Customer Success,Software Engineer,São Paulo,BR,159492,6.9,false
EMP10445,Theo Torvalds,theo.torvalds445@example.com,Marketing,Marketing Lead,Singapore,SG,117173,2.3,false
EMP10446,Noah Kowalski,noah.kowalski446@example.com,Marketing,Sales Rep,New York,US,45826,9.1,true
EMP10447,Barbara Petrov,barbara.petrov447@example.com,Engineering,Marketing Lead,Toronto,CA,119241,8.3,false
EMP10448,Aisha Perlman,aisha.perlman448@example.com,Marketing,DevOps Engineer,Toronto,CA,149620,1.4,false
EMP10449,Theo Okafor,theo.okafor449@example.com,Finance,Sales Rep,Dublin,IE,56709,10.0,false
EMP10450,Tim Turing,tim.turing450@example.com,Design,UX Designer,Tokyo,JP,121506,11.2,false
EMP10451,Ada Johnson,ada.johnson451@example.com,Operations,Sales Rep,Nairobi,KE,55762,0.5,true
EMP10452,Margaret Johnson,margaret.johnson452@example.com,Customer Success,Customer Success,Dublin,IE,137589,0.1,false
EMP10453,Margaret Nakamura,margaret.nakamura453@example.com,Operations,Software Engineer,Nairobi,KE,159381,8.3,true
EMP10454,Nina Johnson,nina.johnson454@example.com,Sales,Customer Success,Singapore,SG,115144,2.6,true
EMP10455,Amara Lovelace,amara.lovelace455@example.com,Customer Success,Customer Success,Toronto,CA,56470,4.7,false
EMP10456,Theo Berners-Lee,theo.berners-lee456@example.com,Product,Finance Analyst,Singapore,SG,76860,0.1,true
EMP10457,Sam Hopper,sam.hopper457@example.com,Customer Success,Finance Analyst,New York,US,53050,9.3,true
EMP10458,Elena Torvalds,elena.torvalds458@example.com,Product,Customer Success,New York,US,102476,10.5,false
EMP10459,Zara Singh,zara.singh459@example.com,Design,Product Manager,Amsterdam,NL,80993,1.3,false
EMP10460,Aisha Chen,aisha.chen460@example.com,Engineering,UX Designer,São Paulo,BR,155921,6.2,true
EMP10461,Grace Johnson,grace.johnson461@example.com,Customer Success,Finance Analyst,Nairobi,KE,124225,7.5,true
EMP10462,Tim Berners-Lee,tim.berners-lee462@example.com,Design,DevOps Engineer,Toronto,CA,78397,9.5,false
EMP10463,Ada Nakamura,ada.nakamura463@example.com,Product,QA Engineer,Dublin,IE,120189,7.6,true
EMP10464,Margaret Hopper,margaret.hopper464@example.com,Operations,Sales Rep,Singapore,SG,136877,8.1,false
EMP10465,Alan Kowalski,alan.kowalski465@example.com,Design,QA Engineer,Tokyo,JP,150335,10.6,true
EMP10466,Vint Torvalds,vint.torvalds466@example.com,Product,Data Analyst,Berlin,DE,137845,5.8,false
EMP10467,Sophie Nakamura,sophie.nakamura467@example.com,Engineering,QA Engineer,São Paulo,BR,55101,6.1,true
EMP10468,Noah Hopper,noah.hopper468@example.com,Finance,Data Analyst,Paris,FR,150881,11.5,true
EMP10469,Noah Silva,noah.silva469@example.com,Sales,QA Engineer,New York,US,74354,11.5,false
EMP10470,Lucas Perlman,lucas.perlman470@example.com,Marketing,Product Manager,Berlin,DE,163778,0.7,false
EMP10471,Lucas Hopper,lucas.hopper471@example.com,Sales,Sales Rep,São Paulo,BR,92686,6.8,false
EMP10472,Chen Berners-Lee,chen.berners-lee472@example.com,Operations,Software Engineer,Sydney,AU,109552,8.7,false
EMP10473,Theo Rossi,theo.rossi473@example.com,Engineering,DevOps Engineer,Berlin,DE,137851,5.2,true
EMP10474,Leo Turing,leo.turing474@example.com,Operations,Product Manager,São Paulo,BR,164822,1.0,true
EMP10475,Elena Hopper,elena.hopper475@example.com,Finance,Data Analyst,Berlin,DE,95189,5.9,false
EMP10476,Aisha Silva,aisha.silva476@example.com,Operations,Software Engineer,Berlin,DE,64801,1.7,false
EMP10477,Alan Hopper,alan.hopper477@example.com,Finance,Product Manager,Berlin,DE,57782,0.2,true
EMP10478,Ada Kowalski,ada.kowalski478@example.com,Design,Software Engineer,Tokyo,JP,145168,9.4,true
EMP10479,Vint Torvalds,vint.torvalds479@example.com,Product,Finance Analyst,Nairobi,KE,76165,6.4,false
EMP10480,Theo Turing,theo.turing480@example.com,Sales,Data Analyst,Sydney,AU,133777,0.8,true
EMP10481,Linus Hopper,linus.hopper481@example.com,Sales,Data Analyst,Amsterdam,NL,75193,7.1,true
EMP10482,Chen Kowalski,chen.kowalski482@example.com,Operations,Product Manager,Paris,FR,114354,5.4,false
EMP10483,Alan Perlman,alan.perlman483@example.com,Engineering,DevOps Engineer,São Paulo,BR,63442,10.2,false
EMP10484,Yuki Nakamura,yuki.nakamura484@example.com,Engineering,Finance Analyst,Paris,FR,45901,0.2,false
EMP10485,Theo Petrov,theo.petrov485@example.com,Finance,DevOps Engineer,Singapore,SG,65614,8.6,false
EMP10486,Nina Hopper,nina.hopper486@example.com,Operations,Customer Success,Singapore,SG,147621,4.4,false
EMP10487,Linus Rossi,linus.rossi487@example.com,Product,UX Designer,Singapore,SG,164978,6.3,false
EMP10488,Alan Torvalds,alan.torvalds488@example.com,Operations,DevOps Engineer,New York,US,77802,6.4,false
EMP10489,Maya Johnson,maya.johnson489@example.com,Customer Success,DevOps Engineer,Singapore,SG,81856,11.3,true
EMP10490,Radia Liskov,radia.liskov490@example.com,Engineering,Product Manager,Toronto,CA,93890,8.6,false
EMP10491,Maya Chen,maya.chen491@example.com,Engineering,Customer Success,New York,US,113810,7.3,true
EMP10492,Lucas Johnson,lucas.johnson492@example.com,Operations,DevOps Engineer,London,UK,115179,3.9,true
EMP10493,James Müller,james.müller493@example.com,Finance,DevOps Engineer,Nairobi,KE,133371,9.9,true
EMP10494,Fatima Petrov,fatima.petrov494@example.com,Design,QA Engineer,Nairobi,KE,77884,6.0,false
EMP10495,Elena Chen,elena.chen495@example.com,Product,Marketing Lead,Tokyo,JP,149057,5.2,true
EMP10496,Sophie Perlman,sophie.perlman496@example.com,Marketing,Marketing Lead,Berlin,DE,113687,1.0,true
EMP10497,Ada Johnson,ada.johnson497@example.com,Design,Data Analyst,Dublin,IE,124634,6.2,false
EMP10498,Barbara Cerf,barbara.cerf498@example.com,Sales,Data Analyst,Dublin,IE,99922,6.7,true
EMP10499,Maya Okafor,maya.okafor499@example.com,Product,Sales Rep,Nairobi,KE,82679,7.4,true
EMP10500,Elena Hopper,elena.hopper500@example.com,Marketing,DevOps Engineer,Nairobi,KE,89720,1.4,false
EMP10501,Vint Rossi,vint.rossi501@example.com,Sales,Software Engineer,Berlin,DE,94859,8.3,false
EMP10502,Alan Müller,alan.müller502@example.com,Product,Marketing Lead,London,UK,130619,3.3,false
EMP10503,Tim Chen,tim.chen503@example.com,Marketing,Sales Rep,Berlin,DE,155533,11.0,false
EMP10504,Katherine Müller,katherine.müller504@example.com,Engineering,Sales Rep,Tokyo,JP,138689,11.0,false
EMP10505,Theo Silva,theo.silva505@example.com,Engineering,Customer Success,Tokyo,JP,107822,4.2,false
EMP10506,Fatima Rossi,fatima.rossi506@example.com,Sales,Product Manager,Paris,FR,140142,3.3,true
EMP10507,James Müller,james.müller507@example.com,Customer Success,Data Analyst,São Paulo,BR,75896,2.3,true
EMP10508,Leo Singh,leo.singh508@example.com,Customer Success,DevOps Engineer,São Paulo,BR,70739,1.6,true
EMP10509,Barbara Singh,barbara.singh509@example.com,Sales,QA Engineer,Singapore,SG,91657,1.5,false
EMP10510,Fatima Andersson,fatima.andersson510@example.com,Operations,Marketing Lead,Tokyo,JP,108165,9.6,true
EMP10511,Vint Torvalds,vint.torvalds511@example.com,Operations,Data Analyst,Singapore,SG,110803,6.2,false
EMP10512,Margaret Petrov,margaret.petrov512@example.com,Finance,Finance Analyst,New York,US,100767,3.8,false
EMP10513,Aisha Okafor,aisha.okafor513@example.com,Sales,Finance Analyst,Sydney,AU,157572,11.9,false
EMP10514,Ada Perlman,ada.perlman514@example.com,Operations,Sales Rep,Toronto,CA,123352,4.8,false
EMP10515,Carlos Liskov,carlos.liskov515@example.com,Engineering,Sales Rep,Toronto,CA,96518,6.2,false
EMP10516,Margaret Chen,margaret.chen516@example.com,Design,Customer Success,Tokyo,JP,69749,4.8,true
EMP10517,Ada Kowalski,ada.kowalski517@example.com,Product,Data Analyst,London,UK,129888,8.0,false
EMP10518,Tim Johnson,tim.johnson518@example.com,Sales,Finance Analyst,Nairobi,KE,116242,8.7,true
EMP10519,Aisha Berners-Lee,aisha.berners-lee519@example.com,Engineering,QA Engineer,London,UK,101105,7.5,false
EMP10520,Lucas Berners-Lee,lucas.berners-lee520@example.com,Sales,Customer Success,Nairobi,KE,101206,8.0,false
EMP10521,Nina Hopper,nina.hopper521@example.com,Finance,Data Analyst,New York,US,121228,1.3,true
EMP10522,Theo Singh,theo.singh522@example.com,Marketing,Software Engineer,Nairobi,KE,135472,5.0,false
EMP10523,Fatima Hopper,fatima.hopper523@example.com,Product,Customer Success,Sydney,AU,152352,3.7,false
EMP10524,Ivan Silva,ivan.silva524@example.com,Sales,QA Engineer,Amsterdam,NL,49694,2.8,true
EMP10525,Noah Andersson,noah.andersson525@example.com,Operations,DevOps Engineer,Toronto,CA,53382,4.7,true
EMP10526,Tim Andersson,tim.andersson526@example.com,Customer Success,Sales Rep,Sydney,AU,157364,11.1,true
EMP10527,Theo Torvalds,theo.torvalds527@example.com,Finance,Software Engineer,Dublin,IE,151614,10.5,true
EMP10528,James Hamilton,james.hamilton528@example.com,Product,Marketing Lead,São Paulo,BR,127659,6.9,true
EMP10529,Leo Johnson,leo.johnson529@example.com,Design,Customer Success,New York,US,120225,0.8,true
EMP10530,Theo Chen,theo.chen530@example.com,Engineering,Product Manager,New York,US,104424,1.0,true
EMP10531,Sophie Andersson,sophie.andersson531@example.com,Marketing,Marketing Lead,New York,US,158673,7.5,false
EMP10532,Yuki Hopper,yuki.hopper532@example.com,Customer Success,Sales Rep,São Paulo,BR,63427,2.9,true
EMP10533,Grace Rossi,grace.rossi533@example.com,Operations,Finance Analyst,Toronto,CA,142107,11.0,false
EMP10534,Omar Andersson,omar.andersson534@example.com,Customer Success,DevOps Engineer,Paris,FR,70883,3.1,false
EMP10535,Maya Liskov,maya.liskov535@example.com,Design,Finance Analyst,Sydney,AU,87493,3.1,true
EMP10536,Zara Silva,zara.silva536@example.com,Sales,UX Designer,Tokyo,JP,46292,0.5,true
EMP10537,Barbara Petrov,barbara.petrov537@example.com,Finance,Sales Rep,New York,US,151458,10.6,true
EMP10538,Vint Berners-Lee,vint.berners-lee538@example.com,Sales,Software Engineer,Sydney,AU,60843,10.9,true
EMP10539,Chen Cerf,chen.cerf539@example.com,Engineering,Data Analyst,London,UK,56766,1.6,false
EMP10540,Margaret Hopper,margaret.hopper540@example.com,Product,Customer Success,Amsterdam,NL,109886,8.8,false
EMP10541,Katherine Cerf,katherine.cerf541@example.com,Customer Success,Sales Rep,Dublin,IE,153290,5.0,true
EMP10542,Lucas Hopper,lucas.hopper542@example.com,Engineering,DevOps Engineer,Amsterdam,NL,145556,8.3,false
EMP10543,Radia Petrov,radia.petrov543@example.com,Customer Success,Data Analyst,São Paulo,BR,78453,2.8,true
EMP10544,Zara Chen,zara.chen544@example.com,Marketing,Sales Rep,Sydney,AU,142056,2.0,true
EMP10545,Yuki Kowalski,yuki.kowalski545@example.com,Marketing,Marketing Lead,São Paulo,BR,145001,11.1,false
EMP10546,Grace Hopper,grace.hopper546@example.com,Operations,DevOps Engineer,Singapore,SG,147535,10.9,true
EMP10547,Chen Turing,chen.turing547@example.com,Design,Sales Rep,Nairobi,KE,59138,7.3,false
EMP10548,Fatima Johnson,fatima.johnson548@example.com,Product,DevOps Engineer,Sydney,AU,57658,6.5,false
EMP10549,Amara Cerf,amara.cerf549@example.com,Engineering,DevOps Engineer,London,UK,111793,12.0,false
EMP10550,James Singh,james.singh550@example.com,Marketing,Sales Rep,London,UK,118817,4.4,false
EMP10551,Amara Chen,amara.chen551@example.com,Operations,Marketing Lead,Dublin,IE,92258,4.4,true
EMP10552,Tim Torvalds,tim.torvalds552@example.com,Engineering,Software Engineer,Toronto,CA,55735,9.1,false
EMP10553,Margaret Berners-Lee,margaret.berners-lee553@example.com,Engineering,DevOps Engineer,Singapore,SG,48323,7.5,false
EMP10554,Ada Silva,ada.silva554@example.com,Design,Finance Analyst,Dublin,IE,139139,9.7,true
EMP10555,Ada Johnson,ada.johnson555@example.com,Product,Marketing Lead,Berlin,DE,62917,9.3,true
EMP10556,Chen Cerf,chen.cerf556@example.com,Marketing,Product Manager,Tokyo,JP,69566,0.3,true
EMP10557,Vint Turing,vint.turing557@example.com,Customer Success,Marketing Lead,Nairobi,KE,104711,8.7,false
EMP10558,Radia Cerf,radia.cerf558@example.com,Sales,Marketing Lead,New York,US,64536,2.5,false
EMP10559,Linus Chen,linus.chen559@example.com,Product,UX Designer,Amsterdam,NL,96143,8.8,false
EMP10560,Lucas Liskov,lucas.liskov560@example.com,Operations,Customer Success,Singapore,SG,164261,10.2,false
EMP10561,Radia Okafor,radia.okafor561@example.com,Customer Success,Customer Success,Berlin,DE,86783,10.4,false
EMP10562,James Müller,james.müller562@example.com,Customer Success,Data Analyst,Singapore,SG,86277,3.2,false
EMP10563,Linus Singh,linus.singh563@example.com,Marketing,UX Designer,London,UK,116775,5.9,false
EMP10564,Linus Lovelace,linus.lovelace564@example.com,Marketing,Customer Success,Paris,FR,144193,4.9,true
EMP10565,Priya Liskov,priya.liskov565@example.com,Product,DevOps Engineer,Nairobi,KE,84354,8.9,false
EMP10566,Nina Hopper,nina.hopper566@example.com,Finance,Finance Analyst,Singapore,SG,70179,3.0,false
EMP10567,James Silva,james.silva567@example.com,Engineering,Data Analyst,Singapore,SG,87781,11.5,true
EMP10568,Noah Kowalski,noah.kowalski568@example.com,Finance,UX Designer,London,UK,120079,4.1,false
EMP10569,James Liskov,james.liskov569@example.com,Engineering,QA Engineer,Sydney,AU,162572,8.5,true
EMP10570,Aisha Müller,aisha.müller570@example.com,Customer Success,UX Designer,Dublin,IE,108261,0.6,false
EMP10571,Elena Singh,elena.singh571@example.com,Engineering,Finance Analyst,São Paulo,BR,117453,4.2,false
EMP10572,Fatima Torvalds,fatima.torvalds572@example.com,Engineering,QA Engineer,Sydney,AU,57814,9.9,true
EMP10573,Barbara Cerf,barbara.cerf573@example.com,Design,Marketing Lead,London,UK,92500,4.4,false
EMP10574,Yuki Hopper,yuki.hopper574@example.com,Marketing,Product Manager,New York,US,161045,11.0,false
EMP10575,Ada Torvalds,ada.torvalds575@example.com,Sales,Sales Rep,Nairobi,KE,120475,2.9,true
EMP10576,Vint Hopper,vint.hopper576@example.com,Product,Data Analyst,Berlin,DE,48778,3.2,false
EMP10577,Sam Rossi,sam.rossi577@example.com,Engineering,DevOps Engineer,Paris,FR,95981,0.3,false
EMP10578,Radia Cerf,radia.cerf578@example.com,Sales,Software Engineer,Nairobi,KE,126294,5.1,false
EMP10579,Aisha Perlman,aisha.perlman579@example.com,Product,Sales Rep,Toronto,CA,94276,10.4,false
EMP10580,Nina Chen,nina.chen580@example.com,Operations,UX Designer,Amsterdam,NL,156381,8.7,true
EMP10581,Barbara Okafor,barbara.okafor581@example.com,Marketing,UX Designer,Sydney,AU,99561,12.0,true
EMP10582,Radia Turing,radia.turing582@example.com,Sales,Data Analyst,Singapore,SG,136495,1.9,true
EMP10583,Carlos Hopper,carlos.hopper583@example.com,Product,Data Analyst,Paris,FR,134385,11.6,true
EMP10584,Radia Kowalski,radia.kowalski584@example.com,Operations,UX Designer,Amsterdam,NL,140256,11.6,true
EMP10585,Leo Hopper,leo.hopper585@example.com,Operations,Customer Success,Amsterdam,NL,123825,9.4,true
EMP10586,Zara Rossi,zara.rossi586@example.com,Finance,Customer Success,São Paulo,BR,146571,11.1,true
EMP10587,Carlos Singh,carlos.singh587@example.com,Finance,Customer Success,Dublin,IE,131612,6.1,true
EMP10588,Theo Perlman,theo.perlman588@example.com,Finance,QA Engineer,New York,US,49257,7.2,true
EMP10589,Linus Kowalski,linus.kowalski589@example.com,Design,Marketing Lead,New York,US,63385,9.5,true
EMP10590,Katherine Liskov,katherine.liskov590@example.com,Customer Success,DevOps Engineer,London,UK,71114,11.9,true
EMP10591,Barbara Nakamura,barbara.nakamura591@example.com,Marketing,Marketing Lead,Singapore,SG,131037,2.9,false
EMP10592,Linus Rossi,linus.rossi592@example.com,Sales,Marketing Lead,Sydney,AU,68322,11.8,true
EMP10593,Alan Chen,alan.chen593@example.com,Customer Success,Customer Success,Tokyo,JP,81873,6.9,true
EMP10594,Zara Lovelace,zara.lovelace594@example.com,Sales,Product Manager,London,UK,155092,2.7,true
EMP10595,Ada Johnson,ada.johnson595@example.com,Design,Sales Rep,São Paulo,BR,131035,6.4,false
EMP10596,Grace Johnson,grace.johnson596@example.com,Sales,Customer Success,Amsterdam,NL,91510,3.9,false
EMP10597,Sophie Okafor,sophie.okafor597@example.com,Customer Success,Data Analyst,London,UK,127044,6.5,false
EMP10598,Zara Nakamura,zara.nakamura598@example.com,Marketing,Product Manager,New York,US,95619,9.5,true
EMP10599,Vint Cerf,vint.cerf599@example.com,Finance,Marketing Lead,Tokyo,JP,107583,9.1,true
EMP10600,Theo Liskov,theo.liskov600@example.com,Product,Data Analyst,Nairobi,KE,47080,6.0,true
EMP10601,Ivan Berners-Lee,ivan.berners-lee601@example.com,Finance,DevOps Engineer,Nairobi,KE,125992,1.2,false
EMP10602,Yuki Rossi,yuki.rossi602@example.com,Marketing,Customer Success,Amsterdam,NL,122678,4.3,false
EMP10603,Barbara Hamilton,barbara.hamilton603@example.com,Design,Marketing Lead,Sydney,AU,89404,8.9,true
EMP10604,Lucas Silva,lucas.silva604@example.com,Product,Software Engineer,Singapore,SG,92545,9.3,false
EMP10605,Tim Okafor,tim.okafor605@example.com,Customer Success,Sales Rep,Dublin,IE,74359,10.7,false
EMP10606,Radia Liskov,radia.liskov606@example.com,Marketing,Customer Success,Tokyo,JP,117522,7.3,true
EMP10607,Ada Lovelace,ada.lovelace607@example.com,Design,DevOps Engineer,London,UK,68195,0.3,true
EMP10608,Maya Hamilton,maya.hamilton608@example.com,Operations,Sales Rep,Amsterdam,NL,148799,0.3,false
EMP10609,Leo Hamilton,leo.hamilton609@example.com,Customer Success,Marketing Lead,Sydney,AU,116308,5.7,false
EMP10610,Katherine Johnson,katherine.johnson610@example.com,Marketing,Customer Success,Berlin,DE,82622,2.1,false
EMP10611,Nina Berners-Lee,nina.berners-lee611@example.com,Marketing,Product Manager,Amsterdam,NL,55195,11.8,false
EMP10612,Grace Cerf,grace.cerf612@example.com,Product,UX Designer,Amsterdam,NL,101694,5.8,false
EMP10613,Alan Singh,alan.singh613@example.com,Marketing,Finance Analyst,Paris,FR,132602,10.2,true
EMP10614,Ivan Hamilton,ivan.hamilton614@example.com,Sales,Customer Success,Dublin,IE,135158,9.7,false
EMP10615,Leo Müller,leo.müller615@example.com,Product,DevOps Engineer,Toronto,CA,90928,7.7,false
EMP10616,Ada Rossi,ada.rossi616@example.com,Sales,UX Designer,Amsterdam,NL,70651,10.7,false
EMP10617,Grace Torvalds,grace.torvalds617@example.com,Design,DevOps Engineer,Paris,FR,155252,2.0,false
EMP10618,Nina Hamilton,nina.hamilton618@example.com,Engineering,DevOps Engineer,Amsterdam,NL,125613,5.3,true
EMP10619,Barbara Cerf,barbara.cerf619@example.com,Finance,UX Designer,Toronto,CA,150636,7.9,false
EMP10620,Barbara Silva,barbara.silva620@example.com,Finance,QA Engineer,Toronto,CA,119403,1.5,true
EMP10621,Alan Lovelace,alan.lovelace621@example.com,Customer Success,Product Manager,New York,US,154766,2.0,true
EMP10622,Zara Andersson,zara.andersson622@example.com,Customer Success,Finance Analyst,New York,US,91583,11.3,true
EMP10623,Tim Perlman,tim.perlman623@example.com,Finance,Sales Rep,Dublin,IE,49337,6.1,true
EMP10624,Linus Hamilton,linus.hamilton624@example.com,Customer Success,Data Analyst,Tokyo,JP,54372,3.0,false
EMP10625,Carlos Berners-Lee,carlos.berners-lee625@example.com,Customer Success,DevOps Engineer,Berlin,DE,120415,8.2,false
EMP10626,Sophie Petrov,sophie.petrov626@example.com,Sales,Data Analyst,London,UK,106557,4.8,true
EMP10627,Grace Turing,grace.turing627@example.com,Sales,Product Manager,Nairobi,KE,81463,5.6,false
EMP10628,Radia Hopper,radia.hopper628@example.com,Product,DevOps Engineer,Paris,FR,55320,3.3,true
EMP10629,Lucas Okafor,lucas.okafor629@example.com,Marketing,QA Engineer,Amsterdam,NL,134210,3.3,false
EMP10630,Zara Johnson,zara.johnson630@example.com,Sales,UX Designer,Amsterdam,NL,45663,0.8,false
EMP10631,Carlos Liskov,carlos.liskov631@example.com,Operations,Sales Rep,Paris,FR,93348,5.4,true
EMP10632,Theo Okafor,theo.okafor632@example.com,Product,Sales Rep,São Paulo,BR,96247,11.2,false
EMP10633,James Turing,james.turing633@example.com,Design,Customer Success,Amsterdam,NL,95710,3.0,true
EMP10634,Sam Perlman,sam.perlman634@example.com,Engineering,Data Analyst,Dublin,IE,107936,10.4,false
EMP10635,Elena Berners-Lee,elena.berners-lee635@example.com,Design,Finance Analyst,Berlin,DE,149207,8.3,false
EMP10636,James Perlman,james.perlman636@example.com,Finance,QA Engineer,New York,US,55661,4.6,false
EMP10637,Leo Johnson,leo.johnson637@example.com,Engineering,QA Engineer,Paris,FR,80138,10.3,true
EMP10638,Noah Chen,noah.chen638@example.com,Sales,Customer Success,São Paulo,BR,141429,9.7,true
EMP10639,Yuki Müller,yuki.müller639@example.com,Design,Software Engineer,Toronto,CA,147392,11.8,false
EMP10640,Sam Müller,sam.müller640@example.com,Product,Finance Analyst,Dublin,IE,122489,0.4,false
EMP10641,Chen Kowalski,chen.kowalski641@example.com,Finance,QA Engineer,Singapore,SG,141790,6.9,true
EMP10642,Linus Johnson,linus.johnson642@example.com,Operations,Software Engineer,New York,US,155939,8.0,false
EMP10643,Noah Turing,noah.turing643@example.com,Operations,DevOps Engineer,Sydney,AU,135975,7.0,true
EMP10644,Priya Silva,priya.silva644@example.com,Finance,QA Engineer,New York,US,101829,5.7,false
EMP10645,Priya Silva,priya.silva645@example.com,Customer Success,Data Analyst,Paris,FR,140875,5.1,true
EMP10646,Ada Perlman,ada.perlman646@example.com,Customer Success,Product Manager,Paris,FR,130818,6.2,false
EMP10647,Amara Cerf,amara.cerf647@example.com,Product,QA Engineer,London,UK,82807,11.2,true
EMP10648,Yuki Okafor,yuki.okafor648@example.com,Finance,Customer Success,London,UK,147910,7.0,false
EMP10649,Alan Johnson,alan.johnson649@example.com,Product,Data Analyst,Paris,FR,94875,8.1,false
EMP10650,Zara Kowalski,zara.kowalski650@example.com,Sales,DevOps Engineer,Amsterdam,NL,112020,11.9,false
EMP10651,Katherine Liskov,katherine.liskov651@example.com,Finance,Sales Rep,Singapore,SG,104350,4.5,true
EMP10652,Carlos Nakamura,carlos.nakamura652@example.com,Customer Success,DevOps Engineer,Singapore,SG,48183,1.7,true
EMP10653,Maya Perlman,maya.perlman653@example.com,Marketing,Product Manager,São Paulo,BR,134962,4.6,true
EMP10654,Amara Nakamura,amara.nakamura654@example.com,Customer Success,Marketing Lead,Singapore,SG,57463,11.6,false
EMP10655,Lucas Lovelace,lucas.lovelace655@example.com,Product,Sales Rep,London,UK,116698,11.7,false
EMP10656,Alan Hamilton,alan.hamilton656@example.com,Marketing,Software Engineer,Berlin,DE,67825,2.7,false
EMP10657,Maya Kowalski,maya.kowalski657@example.com,Sales,Software Engineer,Singapore,SG,71608,6.4,false
EMP10658,Nina Petrov,nina.petrov658@example.com,Engineering,DevOps Engineer,Dublin,IE,45342,6.9,true
EMP10659,Nina Singh,nina.singh659@example.com,Design,Product Manager,Berlin,DE,90815,9.4,false
EMP10660,Radia Petrov,radia.petrov660@example.com,Design,Data Analyst,Dublin,IE,157367,0.1,false
EMP10661,Radia Berners-Lee,radia.berners-lee661@example.com,Operations,Product Manager,São Paulo,BR,102593,9.6,true
EMP10662,Priya Nakamura,priya.nakamura662@example.com,Customer Success,DevOps Engineer,Amsterdam,NL,160417,7.0,true
EMP10663,Sophie Rossi,sophie.rossi663@example.com,Sales,Software Engineer,Amsterdam,NL,76523,5.5,true
EMP10664,Elena Liskov,elena.liskov664@example.com,Engineering,Customer Success,Sydney,AU,145660,8.4,true
EMP10665,Ada Nakamura,ada.nakamura665@example.com,Design,Finance Analyst,Paris,FR,79125,6.2,false
EMP10666,Aisha Hopper,aisha.hopper666@example.com,Finance,Marketing Lead,Toronto,CA,64525,7.0,true
EMP10667,Lucas Müller,lucas.müller667@example.com,Product,Sales Rep,New York,US,163972,11.4,true
EMP10668,Lucas Müller,lucas.müller668@example.com,Engineering,Software Engineer,Paris,FR,80310,9.1,false
EMP10669,Margaret Lovelace,margaret.lovelace669@example.com,Design,UX Designer,Berlin,DE,120798,5.3,false
EMP10670,Ada Kowalski,ada.kowalski670@example.com,Operations,Software Engineer,Amsterdam,NL,157936,0.8,true
EMP10671,Leo Cerf,leo.cerf671@example.com,Design,DevOps Engineer,Nairobi,KE,82177,3.0,true
EMP10672,Aisha Hamilton,aisha.hamilton672@example.com,Sales,Product Manager,Singapore,SG,57404,0.3,true
EMP10673,Omar Silva,omar.silva673@example.com,Marketing,Software Engineer,Nairobi,KE,49657,7.1,false
EMP10674,Theo Liskov,theo.liskov674@example.com,Operations,Software Engineer,Berlin,DE,148994,7.1,true
EMP10675,Katherine Andersson,katherine.andersson675@example.com,Engineering,UX Designer,New York,US,146761,3.3,true
EMP10676,Aisha Petrov,aisha.petrov676@example.com,Marketing,Customer Success,New York,US,147552,6.6,true
EMP10677,Leo Hopper,leo.hopper677@example.com,Marketing,QA Engineer,Sydney,AU,48265,9.5,true
EMP10678,Aisha Silva,aisha.silva678@example.com,Customer Success,Finance Analyst,Nairobi,KE,116383,9.7,false
EMP10679,Noah Okafor,noah.okafor679@example.com,Product,Finance Analyst,Paris,FR,109648,3.4,false
EMP10680,Priya Petrov,priya.petrov680@example.com,Design,Product Manager,Toronto,CA,69898,2.1,false
EMP10681,Barbara Berners-Lee,barbara.berners-lee681@example.com,Engineering,DevOps Engineer,Sydney,AU,98420,3.3,false
EMP10682,Alan Silva,alan.silva682@example.com,Design,Sales Rep,Toronto,CA,92424,9.8,false
EMP10683,Aisha Hopper,aisha.hopper683@example.com,Finance,Data Analyst,Dublin,IE,164577,1.8,false
EMP10684,Ada Turing,ada.turing684@example.com,Finance,Software Engineer,New York,US,151230,1.2,false
EMP10685,Carlos Johnson,carlos.johnson685@example.com,Product,Data Analyst,Paris,FR,135526,4.9,false
EMP10686,Omar Berners-Lee,omar.berners-lee686@example.com,Product,Software Engineer,São Paulo,BR,121607,11.3,false
EMP10687,Amara Berners-Lee,amara.berners-lee687@example.com,Design,Data Analyst,Dublin,IE,94368,6.7,false
EMP10688,Tim Lovelace,tim.lovelace688@example.com,Engineering,Sales Rep,Berlin,DE,70548,0.8,false
EMP10689,Alan Hopper,alan.hopper689@example.com,Design,DevOps Engineer,Singapore,SG,78667,2.6,false
EMP10690,Nina Cerf,nina.cerf690@example.com,Customer Success,Sales Rep,London,UK,157527,6.4,false
EMP10691,Vint Hamilton,vint.hamilton691@example.com,Finance,Data Analyst,Singapore,SG,137796,11.1,true
EMP10692,Sam Liskov,sam.liskov692@example.com,Design,Marketing Lead,Amsterdam,NL,133466,2.5,false
EMP10693,Grace Singh,grace.singh693@example.com,Marketing,DevOps Engineer,London,UK,96026,1.7,true
EMP10694,Lucas Cerf,lucas.cerf694@example.com,Customer Success,Marketing Lead,Toronto,CA,54607,6.9,true
EMP10695,Yuki Singh,yuki.singh695@example.com,Operations,UX Designer,Nairobi,KE,81906,8.4,true
EMP10696,Barbara Hamilton,barbara.hamilton696@example.com,Product,DevOps Engineer,New York,US,48242,5.6,true
EMP10697,Zara Torvalds,zara.torvalds697@example.com,Finance,DevOps Engineer,Dublin,IE,123319,1.6,true
EMP10698,Elena Hopper,elena.hopper698@example.com,Sales,Finance Analyst,Tokyo,JP,83270,2.1,true
EMP10699,Zara Torvalds,zara.torvalds699@example.com,Marketing,Product Manager,São Paulo,BR,84012,5.9,false
EMP10700,Yuki Cerf,yuki.cerf700@example.com,Design,Product Manager,Nairobi,KE,153924,1.5,false
EMP10701,Maya Johnson,maya.johnson701@example.com,Marketing,Software Engineer,Dublin,IE,149028,0.3,false
EMP10702,Theo Berners-Lee,theo.berners-lee702@example.com,Product,DevOps Engineer,Toronto,CA,74110,7.6,false
EMP10703,Priya Cerf,priya.cerf703@example.com,Finance,UX Designer,Dublin,IE,124104,5.8,true
EMP10704,Theo Turing,theo.turing704@example.com,Engineering,Sales Rep,Berlin,DE,72177,2.9,false
EMP10705,Sophie Rossi,sophie.rossi705@example.com,Operations,Finance Analyst,Singapore,SG,80806,7.2,false
EMP10706,Leo Nakamura,leo.nakamura706@example.com,Customer Success,Sales Rep,Amsterdam,NL,81741,4.5,false
EMP10707,Elena Nakamura,elena.nakamura707@example.com,Operations,DevOps Engineer,Dublin,IE,120368,8.6,true
EMP10708,Vint Andersson,vint.andersson708@example.com,Finance,Finance Analyst,New York,US,145192,11.8,false
EMP10709,Aisha Lovelace,aisha.lovelace709@example.com,Design,DevOps Engineer,Tokyo,JP,147072,1.7,true
EMP10710,Priya Liskov,priya.liskov710@example.com,Customer Success,UX Designer,São Paulo,BR,136978,1.6,false
EMP10711,Nina Cerf,nina.cerf711@example.com,Design,Data Analyst,São Paulo,BR,85129,4.8,true
EMP10712,Ada Cerf,ada.cerf712@example.com,Sales,QA Engineer,Singapore,SG,126382,0.5,true
EMP10713,James Andersson,james.andersson713@example.com,Sales,Sales Rep,New York,US,92936,0.9,false
EMP10714,Omar Rossi,omar.rossi714@example.com,Customer Success,Finance Analyst,London,UK,132308,1.0,true
EMP10715,Elena Singh,elena.singh715@example.com,Sales,Finance Analyst,Sydney,AU,104936,6.9,true
EMP10716,Grace Chen,grace.chen716@example.com,Sales,DevOps Engineer,Amsterdam,NL,56958,0.2,true
EMP10717,Elena Okafor,elena.okafor717@example.com,Customer Success,Software Engineer,London,UK,131228,11.2,true
EMP10718,James Liskov,james.liskov718@example.com,Product,UX Designer,Sydney,AU,164374,5.2,false
EMP10719,Grace Hamilton,grace.hamilton719@example.com,Marketing,Product Manager,São Paulo,BR,140427,1.8,true
EMP10720,Yuki Kowalski,yuki.kowalski720@example.com,Customer Success,Software Engineer,Sydney,AU,70061,11.9,true
EMP10721,Margaret Johnson,margaret.johnson721@example.com,Customer Success,Finance Analyst,Sydney,AU,91764,6.9,false
EMP10722,Chen Berners-Lee,chen.berners-lee722@example.com,Product,Finance Analyst,Toronto,CA,136030,5.3,false
EMP10723,Omar Chen,omar.chen723@example.com,Sales,Sales Rep,Sydney,AU,151184,0.6,true
EMP10724,Katherine Silva,katherine.silva724@example.com,Sales,Product Manager,London,UK,116818,0.5,true
EMP10725,Margaret Okafor,margaret.okafor725@example.com,Sales,Sales Rep,Tokyo,JP,54280,10.5,false
EMP10726,Theo Müller,theo.müller726@example.com,Operations,Finance Analyst,New York,US,65455,9.9,false
EMP10727,James Turing,james.turing727@example.com,Product,Data Analyst,Toronto,CA,58042,10.4,false
EMP10728,Leo Singh,leo.singh728@example.com,Operations,Product Manager,Paris,FR,94727,1.4,false
EMP10729,Linus Silva,linus.silva729@example.com,Design,Data Analyst,London,UK,94137,2.5,false
EMP10730,Sophie Hopper,sophie.hopper730@example.com,Customer Success,QA Engineer,Tokyo,JP,127190,7.0,false
EMP10731,Aisha Petrov,aisha.petrov731@example.com,Product,UX Designer,Tokyo,JP,132056,1.3,true
EMP10732,Radia Turing,radia.turing732@example.com,Design,DevOps Engineer,São Paulo,BR,70935,3.1,false
EMP10733,Omar Nakamura,omar.nakamura733@example.com,Product,UX Designer,Berlin,DE,136025,9.7,true
EMP10734,Alan Chen,alan.chen734@example.com,Marketing,DevOps Engineer,Tokyo,JP,46896,9.2,true
EMP10735,Alan Cerf,alan.cerf735@example.com,Product,Product Manager,Dublin,IE,46226,4.1,false
EMP10736,Amara Kowalski,amara.kowalski736@example.com,Marketing,Marketing Lead,Toronto,CA,93794,2.6,true
EMP10737,Priya Hopper,priya.hopper737@example.com,Operations,DevOps Engineer,London,UK,112596,1.3,true
EMP10738,Zara Perlman,zara.perlman738@example.com,Sales,UX Designer,Sydney,AU,135957,2.9,false
EMP10739,Aisha Müller,aisha.müller739@example.com,Product,Marketing Lead,Toronto,CA,90893,1.3,true
EMP10740,Yuki Lovelace,yuki.lovelace740@example.com,Customer Success,Sales Rep,Amsterdam,NL,93171,6.4,false
EMP10741,James Liskov,james.liskov741@example.com,Sales,Customer Success,Paris,FR,100809,6.7,false
EMP10742,Alan Hamilton,alan.hamilton742@example.com,Customer Success,Customer Success,Tokyo,JP,108764,7.3,false
EMP10743,Ada Silva,ada.silva743@example.com,Engineering,Finance Analyst,Tokyo,JP,53105,5.8,true
EMP10744,Chen Liskov,chen.liskov744@example.com,Customer Success,Sales Rep,Nairobi,KE,149208,3.0,false
EMP10745,Omar Petrov,omar.petrov745@example.com,Product,UX Designer,Tokyo,JP,144140,7.2,false
EMP10746,Nina Berners-Lee,nina.berners-lee746@example.com,Finance,UX Designer,São Paulo,BR,71772,6.5,false
EMP10747,James Cerf,james.cerf747@example.com,Engineering,Data Analyst,Amsterdam,NL,132635,1.0,true
EMP10748,Vint Perlman,vint.perlman748@example.com,Customer Success,Finance Analyst,São Paulo,BR,153127,9.6,true
EMP10749,Leo Müller,leo.müller749@example.com,Marketing,Product Manager,Tokyo,JP,162822,5.3,true
EMP10750,Noah Hamilton,noah.hamilton750@example.com,Product,QA Engineer,Paris,FR,160907,5.0,false
EMP10751,Ada Cerf,ada.cerf751@example.com,Design,Customer Success,London,UK,131208,5.6,false
EMP10752,Lucas Petrov,lucas.petrov752@example.com,Finance,DevOps Engineer,London,UK,116167,0.9,true
EMP10753,James Silva,james.silva753@example.com,Design,Finance Analyst,Paris,FR,155972,7.1,true
EMP10754,Barbara Cerf,barbara.cerf754@example.com,Sales,QA Engineer,Berlin,DE,146527,0.5,false
EMP10755,Radia Rossi,radia.rossi755@example.com,Sales,Finance Analyst,Tokyo,JP,96036,0.3,true
EMP10756,Zara Singh,zara.singh756@example.com,Design,UX Designer,Tokyo,JP,126289,1.3,true
EMP10757,Chen Cerf,chen.cerf757@example.com,Operations,DevOps Engineer,Amsterdam,NL,91514,9.5,false
EMP10758,Priya Lovelace,priya.lovelace758@example.com,Product,Customer Success,Tokyo,JP,98921,6.1,false
EMP10759,Sophie Rossi,sophie.rossi759@example.com,Operations,Finance Analyst,Berlin,DE,153303,7.2,false
EMP10760,Aisha Andersson,aisha.andersson760@example.com,Design,Finance Analyst,New York,US,128983,4.9,false
EMP10761,Aisha Cerf,aisha.cerf761@example.com,Design,Marketing Lead,Paris,FR,109942,1.5,false
EMP10762,Amara Turing,amara.turing762@example.com,Product,Finance Analyst,Nairobi,KE,143176,7.0,true
EMP10763,Theo Torvalds,theo.torvalds763@example.com,Marketing,DevOps Engineer,Dublin,IE,134029,5.3,true
EMP10764,Chen Johnson,chen.johnson764@example.com,Marketing,DevOps Engineer,New York,US,50684,8.8,true
EMP10765,Maya Liskov,maya.liskov765@example.com,Engineering,Customer Success,Amsterdam,NL,68179,11.6,true
EMP10766,Yuki Rossi,yuki.rossi766@example.com,Product,Marketing Lead,Dublin,IE,130092,1.7,true
EMP10767,Yuki Andersson,yuki.andersson767@example.com,Marketing,Product Manager,Toronto,CA,102956,11.7,true
EMP10768,Barbara Okafor,barbara.okafor768@example.com,Product,Product Manager,Sydney,AU,116133,10.4,false
EMP10769,Katherine Berners-Lee,katherine.berners-lee769@example.com,Operations,DevOps Engineer,New York,US,143537,11.0,false
EMP10770,Maya Petrov,maya.petrov770@example.com,Finance,UX Designer,Sydney,AU,96319,4.1,true
EMP10771,Maya Silva,maya.silva771@example.com,Marketing,Marketing Lead,London,UK,50534,8.5,true
EMP10772,Zara Petrov,zara.petrov772@example.com,Design,QA Engineer,New York,US,47965,4.5,true
EMP10773,Katherine Hamilton,katherine.hamilton773@example.com,Sales,QA Engineer,London,UK,112421,1.4,true
EMP10774,Sam Müller,sam.müller774@example.com,Operations,Finance Analyst,Nairobi,KE,131598,4.0,false
EMP10775,Ivan Berners-Lee,ivan.berners-lee775@example.com,Marketing,QA Engineer,São Paulo,BR,64639,3.2,false
EMP10776,Sophie Andersson,sophie.andersson776@example.com,Operations,Product Manager,Singapore,SG,75535,9.8,false
EMP10777,Amara Turing,amara.turing777@example.com,Customer Success,QA Engineer,Singapore,SG,65520,10.2,true
EMP10778,Amara Petrov,amara.petrov778@example.com,Engineering,Product Manager,Amsterdam,NL,92838,7.6,false
EMP10779,Sophie Kowalski,sophie.kowalski779@example.com,Customer Success,DevOps Engineer,Sydney,AU,62832,1.9,true
EMP10780,James Cerf,james.cerf780@example.com,Operations,Product Manager,São Paulo,BR,155117,9.4,true
EMP10781,Tim Müller,tim.müller781@example.com,Finance,Marketing Lead,Paris,FR,76236,3.0,false
EMP10782,Yuki Torvalds,yuki.torvalds782@example.com,Engineering,Sales Rep,Amsterdam,NL,142828,2.6,true
EMP10783,Grace Lovelace,grace.lovelace783@example.com,Product,Marketing Lead,Nairobi,KE,56208,7.3,false
EMP10784,Sophie Silva,sophie.silva784@example.com,Sales,Product Manager,Dublin,IE,123041,10.6,true
EMP10785,Omar Singh,omar.singh785@example.com,Product,QA Engineer,Berlin,DE,135534,5.1,false
EMP10786,Barbara Kowalski,barbara.kowalski786@example.com,Finance,UX Designer,São Paulo,BR,110119,3.4,false
EMP10787,Grace Torvalds,grace.torvalds787@example.com,Engineering,UX Designer,Nairobi,KE,99240,4.7,false
EMP10788,Yuki Hopper,yuki.hopper788@example.com,Finance,Customer Success,Berlin,DE,104636,9.9,false
EMP10789,James Andersson,james.andersson789@example.com,Engineering,QA Engineer,Toronto,CA,74672,11.6,true
EMP10790,Fatima Kowalski,fatima.kowalski790@example.com,Customer Success,Customer Success,Dublin,IE,87698,2.2,false
EMP10791,Omar Johnson,omar.johnson791@example.com,Design,Marketing Lead,Amsterdam,NL,80737,10.6,true
EMP10792,Ada Torvalds,ada.torvalds792@example.com,Product,Software Engineer,Toronto,CA,144949,4.5,true
EMP10793,Maya Andersson,maya.andersson793@example.com,Engineering,UX Designer,Amsterdam,NL,93892,1.1,true
EMP10794,Chen Rossi,chen.rossi794@example.com,Operations,DevOps Engineer,Toronto,CA,89393,0.2,true
EMP10795,Amara Silva,amara.silva795@example.com,Finance,DevOps Engineer,London,UK,131636,12.0,true
EMP10796,Maya Silva,maya.silva796@example.com,Product,Product Manager,Nairobi,KE,134201,3.8,false
EMP10797,Priya Johnson,priya.johnson797@example.com,Customer Success,QA Engineer,New York,US,127044,4.0,false
EMP10798,Ivan Lovelace,ivan.lovelace798@example.com,Operations,Customer Success,Berlin,DE,150872,8.2,true
EMP10799,Grace Johnson,grace.johnson799@example.com,Product,Data Analyst,Sydney,AU,75028,11.1,true
EMP10800,Amara Okafor,amara.okafor800@example.com,Product,Data Analyst,Tokyo,JP,145717,5.2,false
EMP10801,Ivan Johnson,ivan.johnson801@example.com,Design,Product Manager,Sydney,AU,160992,9.1,true
EMP10802,Barbara Chen,barbara.chen802@example.com,Finance,Software Engineer,London,UK,135088,9.6,false
EMP10803,Maya Turing,maya.turing803@example.com,Sales,Marketing Lead,São Paulo,BR,157441,11.4,false
EMP10804,Omar Petrov,omar.petrov804@example.com,Engineering,Sales Rep,London,UK,144958,0.1,true
EMP10805,Aisha Chen,aisha.chen805@example.com,Engineering,Sales Rep,São Paulo,BR,82980,0.3,true
EMP10806,Alan Kowalski,alan.kowalski806@example.com,Design,Customer Success,Tokyo,JP,140686,3.3,true
EMP10807,Yuki Cerf,yuki.cerf807@example.com,Marketing,Software Engineer,São Paulo,BR,104550,7.4,false
EMP10808,Radia Andersson,radia.andersson808@example.com,Sales,QA Engineer,Singapore,SG,74507,1.2,true
EMP10809,Nina Hamilton,nina.hamilton809@example.com,Finance,Data Analyst,Toronto,CA,90994,10.8,false
EMP10810,Tim Hamilton,tim.hamilton810@example.com,Product,Data Analyst,Toronto,CA,77526,11.2,true
EMP10811,Vint Kowalski,vint.kowalski811@example.com,Design,Sales Rep,New York,US,140946,6.6,true
EMP10812,Zara Nakamura,zara.nakamura812@example.com,Sales,QA Engineer,Sydney,AU,128367,2.1,true
EMP10813,Fatima Perlman,fatima.perlman813@example.com,Finance,Customer Success,São Paulo,BR,116588,3.9,true
EMP10814,Carlos Singh,carlos.singh814@example.com,Marketing,QA Engineer,Singapore,SG,144012,4.9,false
EMP10815,Lucas Hopper,lucas.hopper815@example.com,Sales,Data Analyst,Singapore,SG,126200,4.5,false
EMP10816,James Rossi,james.rossi816@example.com,Design,UX Designer,New York,US,122906,9.0,false
EMP10817,Theo Müller,theo.müller817@example.com,Sales,Software Engineer,Toronto,CA,105672,7.8,false
EMP10818,James Petrov,james.petrov818@example.com,Marketing,DevOps Engineer,Paris,FR,123130,7.8,true
EMP10819,Nina Berners-Lee,nina.berners-lee819@example.com,Engineering,Marketing Lead,Tokyo,JP,152026,10.5,true
EMP10820,Leo Cerf,leo.cerf820@example.com,Finance,QA Engineer,Nairobi,KE,135103,0.4,true
EMP10821,Fatima Singh,fatima.singh821@example.com,Product,Data Analyst,London,UK,111539,3.0,false
EMP10822,Theo Müller,theo.müller822@example.com,Engineering,Customer Success,New York,US,54529,9.4,true
EMP10823,Carlos Torvalds,carlos.torvalds823@example.com,Engineering,Data Analyst,Amsterdam,NL,59524,0.5,false
EMP10824,Ada Andersson,ada.andersson824@example.com,Marketing,DevOps Engineer,Nairobi,KE,136485,9.4,false
EMP10825,James Torvalds,james.torvalds825@example.com,Design,QA Engineer,Nairobi,KE,98207,5.6,true
EMP10826,Theo Turing,theo.turing826@example.com,Customer Success,Data Analyst,Singapore,SG,160489,1.0,false
EMP10827,Sophie Hamilton,sophie.hamilton827@example.com,Customer Success,Customer Success,Dublin,IE,128852,11.2,true
EMP10828,Priya Chen,priya.chen828@example.com,Product,DevOps Engineer,Sydney,AU,150582,5.2,true
EMP10829,Zara Lovelace,zara.lovelace829@example.com,Operations,Sales Rep,London,UK,84108,8.9,true
EMP10830,Vint Torvalds,vint.torvalds830@example.com,Operations,Product Manager,Amsterdam,NL,65984,2.1,false
EMP10831,James Singh,james.singh831@example.com,Sales,Data Analyst,Singapore,SG,155172,9.1,true
EMP10832,Sophie Cerf,sophie.cerf832@example.com,Product,Software Engineer,Paris,FR,139516,11.2,true
EMP10833,Margaret Petrov,margaret.petrov833@example.com,Product,Finance Analyst,Dublin,IE,133508,11.8,true
EMP10834,Linus Petrov,linus.petrov834@example.com,Operations,UX Designer,Amsterdam,NL,56587,1.2,true
EMP10835,Theo Chen,theo.chen835@example.com,Sales,Marketing Lead,São Paulo,BR,131416,3.8,true
EMP10836,Radia Chen,radia.chen836@example.com,Customer Success,Data Analyst,Paris,FR,136046,11.9,true
EMP10837,Ivan Cerf,ivan.cerf837@example.com,Marketing,Software Engineer,Singapore,SG,132073,0.2,false
EMP10838,Aisha Singh,aisha.singh838@example.com,Design,UX Designer,Amsterdam,NL,122023,5.5,true
EMP10839,Katherine Andersson,katherine.andersson839@example.com,Design,Data Analyst,Paris,FR,144163,11.2,true
EMP10840,Lucas Nakamura,lucas.nakamura840@example.com,Engineering,QA Engineer,Nairobi,KE,132309,11.8,false
EMP10841,Leo Chen,leo.chen841@example.com,Operations,Software Engineer,Paris,FR,77997,1.7,true
EMP10842,Carlos Petrov,carlos.petrov842@example.com,Finance,Finance Analyst,Amsterdam,NL,138865,12.0,false
EMP10843,Carlos Torvalds,carlos.torvalds843@example.com,Customer Success,DevOps Engineer,Berlin,DE,122013,4.7,true
EMP10844,Leo Silva,leo.silva844@example.com,Design,Customer Success,London,UK,128130,5.6,false
EMP10845,Theo Hamilton,theo.hamilton845@example.com,Engineering,QA Engineer,Tokyo,JP,104733,1.4,true
EMP10846,Katherine Nakamura,katherine.nakamura846@example.com,Finance,Product Manager,São Paulo,BR,124036,4.6,false
EMP10847,Noah Berners-Lee,noah.berners-lee847@example.com,Sales,DevOps Engineer,Amsterdam,NL,67165,6.3,true
EMP10848,Ivan Liskov,ivan.liskov848@example.com,Finance,Customer Success,Berlin,DE,87545,8.9,false
EMP10849,Vint Nakamura,vint.nakamura849@example.com,Finance,Customer Success,London,UK,114087,6.9,true
EMP10850,Margaret Turing,margaret.turing850@example.com,Product,UX Designer,Singapore,SG,69722,8.8,false
EMP10851,Vint Hamilton,vint.hamilton851@example.com,Operations,Finance Analyst,New York,US,87642,11.9,false
EMP10852,Carlos Kowalski,carlos.kowalski852@example.com,Finance,DevOps Engineer,Sydney,AU,159034,4.2,true
EMP10853,Vint Cerf,vint.cerf853@example.com,Design,DevOps Engineer,Dublin,IE,48249,10.3,false
EMP10854,Yuki Cerf,yuki.cerf854@example.com,Finance,UX Designer,New York,US,57023,5.1,false
EMP10855,Sam Cerf,sam.cerf855@example.com,Operations,Software Engineer,New York,US,51965,0.7,true
EMP10856,Lucas Rossi,lucas.rossi856@example.com,Marketing,Marketing Lead,London,UK,79833,9.6,true
EMP10857,Margaret Hopper,margaret.hopper857@example.com,Finance,Software Engineer,Dublin,IE,94139,10.5,true
EMP10858,Carlos Kowalski,carlos.kowalski858@example.com,Finance,Finance Analyst,Sydney,AU,45843,9.0,true
EMP10859,Ivan Silva,ivan.silva859@example.com,Engineering,Marketing Lead,London,UK,151187,1.7,true
EMP10860,Grace Silva,grace.silva860@example.com,Sales,Software Engineer,Sydney,AU,143967,6.7,false
EMP10861,Zara Petrov,zara.petrov861@example.com,Design,Sales Rep,Berlin,DE,154391,7.2,false
EMP10862,Aisha Petrov,aisha.petrov862@example.com,Marketing,Finance Analyst,Tokyo,JP,86301,10.7,false
EMP10863,Grace Turing,grace.turing863@example.com,Customer Success,Software Engineer,São Paulo,BR,50872,6.4,false
EMP10864,Sam Liskov,sam.liskov864@example.com,Product,DevOps Engineer,Singapore,SG,135410,4.7,true
EMP10865,Priya Silva,priya.silva865@example.com,Design,Data Analyst,Singapore,SG,63740,5.3,false
EMP10866,Margaret Nakamura,margaret.nakamura866@example.com,Operations,Data Analyst,New York,US,112269,5.0,true
EMP10867,Yuki Rossi,yuki.rossi867@example.com,Sales,Marketing Lead,Dublin,IE,63391,10.6,true
EMP10868,Sam Singh,sam.singh868@example.com,Customer Success,DevOps Engineer,Toronto,CA,105634,0.9,true
EMP10869,Margaret Chen,margaret.chen869@example.com,Product,Finance Analyst,Paris,FR,137357,4.9,false
EMP10870,Fatima Turing,fatima.turing870@example.com,Engineering,Software Engineer,Tokyo,JP,84806,8.2,true
EMP10871,Leo Nakamura,leo.nakamura871@example.com,Customer Success,Sales Rep,Berlin,DE,119332,1.4,false
EMP10872,Linus Müller,linus.müller872@example.com,Sales,Software Engineer,Nairobi,KE,90036,6.7,true
EMP10873,Aisha Kowalski,aisha.kowalski873@example.com,Finance,Product Manager,Amsterdam,NL,81979,0.0,false
EMP10874,Omar Turing,omar.turing874@example.com,Product,Software Engineer,London,UK,101984,11.6,true
EMP10875,Chen Okafor,chen.okafor875@example.com,Product,Sales Rep,São Paulo,BR,57001,6.4,true
EMP10876,Carlos Hamilton,carlos.hamilton876@example.com,Finance,QA Engineer,Singapore,SG,70293,12.0,false
EMP10877,Sam Johnson,sam.johnson877@example.com,Customer Success,Software Engineer,Toronto,CA,132830,0.9,true
EMP10878,Fatima Silva,fatima.silva878@example.com,Customer Success,Software Engineer,Paris,FR,74779,9.8,false
EMP10879,Sam Perlman,sam.perlman879@example.com,Product,Product Manager,Dublin,IE,89480,0.8,true
EMP10880,Sam Nakamura,sam.nakamura880@example.com,Product,Product Manager,New York,US,85834,0.8,true
EMP10881,Alan Hamilton,alan.hamilton881@example.com,Sales,UX Designer,New York,US,116606,5.5,true
EMP10882,Grace Nakamura,grace.nakamura882@example.com,Sales,Product Manager,London,UK,152054,11.2,false
EMP10883,Amara Okafor,amara.okafor883@example.com,Sales,Marketing Lead,Amsterdam,NL,142336,11.6,false
EMP10884,Priya Cerf,priya.cerf884@example.com,Product,Software Engineer,Nairobi,KE,117101,7.1,false
EMP10885,Sophie Hamilton,sophie.hamilton885@example.com,Operations,Product Manager,London,UK,146266,4.1,false
EMP10886,Nina Lovelace,nina.lovelace886@example.com,Operations,Sales Rep,Tokyo,JP,79365,7.0,true
EMP10887,Radia Torvalds,radia.torvalds887@example.com,Marketing,QA Engineer,London,UK,92319,1.9,true
EMP10888,Theo Okafor,theo.okafor888@example.com,Marketing,Finance Analyst,Sydney,AU,137595,3.1,true
EMP10889,Tim Andersson,tim.andersson889@example.com,Product,DevOps Engineer,Sydney,AU,56945,10.7,false
EMP10890,Nina Perlman,nina.perlman890@example.com,Customer Success,QA Engineer,Berlin,DE,114194,9.3,true
EMP10891,Linus Perlman,linus.perlman891@example.com,Sales,UX Designer,São Paulo,BR,46414,4.2,true
EMP10892,Maya Torvalds,maya.torvalds892@example.com,Product,Data Analyst,New York,US,132962,7.9,true
EMP10893,Elena Hamilton,elena.hamilton893@example.com,Finance,Marketing Lead,Tokyo,JP,138975,8.3,true
EMP10894,Noah Berners-Lee,noah.berners-lee894@example.com,Product,UX Designer,São Paulo,BR,142160,10.4,true
EMP10895,Nina Hamilton,nina.hamilton895@example.com,Product,Data Analyst,New York,US,58610,6.2,true
EMP10896,Chen Kowalski,chen.kowalski896@example.com,Engineering,Customer Success,Tokyo,JP,108185,7.0,true
EMP10897,Leo Torvalds,leo.torvalds897@example.com,Engineering,Finance Analyst,Tokyo,JP,130535,9.9,true
EMP10898,Noah Müller,noah.müller898@example.com,Finance,Software Engineer,New York,US,66197,0.2,true
EMP10899,Fatima Rossi,fatima.rossi899@example.com,Product,Customer Success,Dublin,IE,60624,3.2,true
EMP10900,Sam Chen,sam.chen900@example.com,Finance,Product Manager,Nairobi,KE,116085,3.0,false
EMP10901,Noah Kowalski,noah.kowalski901@example.com,Customer Success,Customer Success,London,UK,113768,11.9,false
EMP10902,Elena Rossi,elena.rossi902@example.com,Engineering,Marketing Lead,Dublin,IE,98458,6.7,true
EMP10903,Tim Liskov,tim.liskov903@example.com,Finance,DevOps Engineer,Toronto,CA,80832,1.9,true
EMP10904,Ivan Okafor,ivan.okafor904@example.com,Finance,DevOps Engineer,Singapore,SG,112406,3.3,true
EMP10905,Yuki Silva,yuki.silva905@example.com,Design,Finance Analyst,London,UK,50296,9.7,false
EMP10906,Barbara Hamilton,barbara.hamilton906@example.com,Marketing,Customer Success,Berlin,DE,121394,6.6,true
EMP10907,Vint Petrov,vint.petrov907@example.com,Sales,Sales Rep,Dublin,IE,69933,7.8,true
EMP10908,James Müller,james.müller908@example.com,Customer Success,Customer Success,Dublin,IE,94176,5.0,true
EMP10909,Barbara Hopper,barbara.hopper909@example.com,Marketing,Customer Success,Tokyo,JP,156451,3.0,false
EMP10910,Barbara Chen,barbara.chen910@example.com,Finance,Marketing Lead,Tokyo,JP,119276,9.8,true
EMP10911,Ivan Berners-Lee,ivan.berners-lee911@example.com,Sales,UX Designer,Dublin,IE,79154,4.1,false
EMP10912,Grace Andersson,grace.andersson912@example.com,Product,Data Analyst,Nairobi,KE,107121,4.3,false
EMP10913,Priya Turing,priya.turing913@example.com,Marketing,DevOps Engineer,São Paulo,BR,131499,5.1,false
EMP10914,Noah Liskov,noah.liskov914@example.com,Engineering,Customer Success,Singapore,SG,135917,7.3,false
EMP10915,Elena Johnson,elena.johnson915@example.com,Operations,Software Engineer,London,UK,95350,1.4,false
EMP10916,Zara Lovelace,zara.lovelace916@example.com,Design,UX Designer,Berlin,DE,153299,7.7,false
EMP10917,Ada Nakamura,ada.nakamura917@example.com,Customer Success,QA Engineer,Sydney,AU,67757,2.1,false
EMP10918,Ada Müller,ada.müller918@example.com,Marketing,DevOps Engineer,Nairobi,KE,73111,5.2,false
EMP10919,Fatima Andersson,fatima.andersson919@example.com,Finance,Data Analyst,Toronto,CA,114878,1.3,false
EMP10920,James Petrov,james.petrov920@example.com,Customer Success,Marketing Lead,São Paulo,BR,97776,6.3,true
EMP10921,Priya Perlman,priya.perlman921@example.com,Engineering,Software Engineer,Dublin,IE,164448,6.1,false
EMP10922,Linus Hopper,linus.hopper922@example.com,Finance,QA Engineer,Tokyo,JP,125717,8.4,true
EMP10923,Lucas Petrov,lucas.petrov923@example.com,Finance,Marketing Lead,Toronto,CA,151104,11.4,true
EMP10924,Radia Cerf,radia.cerf924@example.com,Operations,Software Engineer,London,UK,87004,4.1,true
EMP10925,Katherine Perlman,katherine.perlman925@example.com,Sales,DevOps Engineer,Tokyo,JP,158278,10.7,true
EMP10926,Nina Turing,nina.turing926@example.com,Design,Marketing Lead,Amsterdam,NL,136702,3.5,false
EMP10927,Carlos Torvalds,carlos.torvalds927@example.com,Customer Success,UX Designer,New York,US,142647,3.1,true
EMP10928,Omar Johnson,omar.johnson928@example.com,Engineering,Data Analyst,Nairobi,KE,88474,8.9,false
EMP10929,Zara Hamilton,zara.hamilton929@example.com,Sales,Product Manager,Dublin,IE,72267,11.0,true
EMP10930,Lucas Andersson,lucas.andersson930@example.com,Customer Success,Marketing Lead,São Paulo,BR,107094,6.2,false
EMP10931,Priya Hamilton,priya.hamilton931@example.com,Customer Success,DevOps Engineer,London,UK,62622,0.2,true
EMP10932,Alan Andersson,alan.andersson932@example.com,Finance,Customer Success,Dublin,IE,67673,5.6,false
EMP10933,Linus Cerf,linus.cerf933@example.com,Product,Customer Success,London,UK,116528,1.1,false
EMP10934,Maya Petrov,maya.petrov934@example.com,Marketing,Data Analyst,São Paulo,BR,117053,10.9,true
EMP10935,Lucas Turing,lucas.turing935@example.com,Customer Success,Data Analyst,Nairobi,KE,146528,2.3,true
EMP10936,Chen Liskov,chen.liskov936@example.com,Design,Customer Success,Paris,FR,118446,9.2,false
EMP10937,Priya Torvalds,priya.torvalds937@example.com,Sales,Finance Analyst,Toronto,CA,79490,5.2,false
EMP10938,Lucas Johnson,lucas.johnson938@example.com,Finance,Customer Success,Paris,FR,144490,2.4,false
EMP10939,Elena Torvalds,elena.torvalds939@example.com,Marketing,QA Engineer,Amsterdam,NL,105404,1.3,false
EMP10940,Tim Petrov,tim.petrov940@example.com,Operations,Finance Analyst,Toronto,CA,71488,1.5,true
EMP10941,Lucas Turing,lucas.turing941@example.com,Sales,UX Designer,Berlin,DE,100568,5.3,true
EMP10942,Yuki Hamilton,yuki.hamilton942@example.com,Product,QA Engineer,São Paulo,BR,91476,3.2,true
EMP10943,Theo Torvalds,theo.torvalds943@example.com,Sales,Finance Analyst,Amsterdam,NL,134576,7.1,false
EMP10944,Yuki Lovelace,yuki.lovelace944@example.com,Product,DevOps Engineer,Toronto,CA,154065,8.4,false
EMP10945,Alan Perlman,alan.perlman945@example.com,Marketing,UX Designer,Dublin,IE,64771,2.9,true
EMP10946,Omar Torvalds,omar.torvalds946@example.com,Operations,Marketing Lead,Berlin,DE,87029,9.1,false
EMP10947,Nina Andersson,nina.andersson947@example.com,Engineering,Software Engineer,Toronto,CA,82059,1.8,true
EMP10948,Maya Müller,maya.müller948@example.com,Operations,Finance Analyst,Singapore,SG,136233,6.2,false
EMP10949,Lucas Singh,lucas.singh949@example.com,Engineering,Data Analyst,São Paulo,BR,133983,6.9,false
EMP10950,Aisha Nakamura,aisha.nakamura950@example.com,Operations,Finance Analyst,Nairobi,KE,71821,9.9,true
EMP10951,Elena Kowalski,elena.kowalski951@example.com,Sales,Sales Rep,Nairobi,KE,128659,8.6,false
EMP10952,Chen Andersson,chen.andersson952@example.com,Engineering,Finance Analyst,Singapore,SG,108818,8.8,true
EMP10953,Theo Lovelace,theo.lovelace953@example.com,Sales,UX Designer,Amsterdam,NL,113200,0.8,true
EMP10954,Katherine Perlman,katherine.perlman954@example.com,Design,DevOps Engineer,Dublin,IE,45715,6.1,true
EMP10955,Alan Müller,alan.müller955@example.com,Design,Sales Rep,Sydney,AU,79177,9.3,false
EMP10956,Vint Liskov,vint.liskov956@example.com,Finance,UX Designer,Sydney,AU,140338,8.7,true
EMP10957,Margaret Chen,margaret.chen957@example.com,Customer Success,DevOps Engineer,London,UK,130023,4.6,false
EMP10958,Noah Kowalski,noah.kowalski958@example.com,Customer Success,Finance Analyst,London,UK,88415,3.1,false
EMP10959,Tim Lovelace,tim.lovelace959@example.com,Design,Customer Success,London,UK,119746,8.8,true
EMP10960,Vint Torvalds,vint.torvalds960@example.com,Operations,Data Analyst,Nairobi,KE,83820,10.4,false
EMP10961,Radia Andersson,radia.andersson961@example.com,Engineering,Data Analyst,Nairobi,KE,77232,10.9,false
EMP10962,Zara Berners-Lee,zara.berners-lee962@example.com,Marketing,Finance Analyst,Nairobi,KE,65566,6.4,false
EMP10963,Theo Hopper,theo.hopper963@example.com,Finance,Finance Analyst,São Paulo,BR,145921,5.0,false
EMP10964,Linus Andersson,linus.andersson964@example.com,Customer Success,UX Designer,Nairobi,KE,127227,5.6,true
EMP10965,Tim Hamilton,tim.hamilton965@example.com,Operations,Product Manager,London,UK,56255,9.9,false
EMP10966,Maya Rossi,maya.rossi966@example.com,Engineering,QA Engineer,Nairobi,KE,95360,0.1,true
EMP10967,Margaret Liskov,margaret.liskov967@example.com,Engineering,UX Designer,Amsterdam,NL,67119,7.7,true
EMP10968,Linus Perlman,linus.perlman968@example.com,Engineering,Software Engineer,Amsterdam,NL,95900,6.4,true
EMP10969,Amara Singh,amara.singh969@example.com,Design,Finance Analyst,Toronto,CA,152605,2.8,false
EMP10970,James Okafor,james.okafor970@example.com,Operations,Finance Analyst,London,UK,69753,2.1,true
EMP10971,Grace Andersson,grace.andersson971@example.com,Design,DevOps Engineer,Berlin,DE,80044,8.2,true
EMP10972,Linus Hopper,linus.hopper972@example.com,Finance,Data Analyst,Nairobi,KE,45019,6.1,false
EMP10973,Yuki Silva,yuki.silva973@example.com,Marketing,Data Analyst,London,UK,120859,2.3,false
EMP10974,Ada Nakamura,ada.nakamura974@example.com,Product,QA Engineer,Toronto,CA,155105,1.3,true
EMP10975,Noah Hamilton,noah.hamilton975@example.com,Design,DevOps Engineer,Berlin,DE,59770,2.7,true
EMP10976,Nina Rossi,nina.rossi976@example.com,Engineering,Data Analyst,Sydney,AU,48343,1.5,true
EMP10977,Radia Berners-Lee,radia.berners-lee977@example.com,Product,UX Designer,São Paulo,BR,119591,6.9,true
EMP10978,Aisha Kowalski,aisha.kowalski978@example.com,Product,DevOps Engineer,Sydney,AU,69460,5.9,false
EMP10979,Grace Berners-Lee,grace.berners-lee979@example.com,Product,DevOps Engineer,Berlin,DE,147440,11.2,true
EMP10980,Omar Turing,omar.turing980@example.com,Product,Finance Analyst,London,UK,152857,10.2,false
EMP10981,Linus Hamilton,linus.hamilton981@example.com,Engineering,QA Engineer,New York,US,125043,5.8,false
EMP10982,Yuki Berners-Lee,yuki.berners-lee982@example.com,Product,DevOps Engineer,Nairobi,KE,130584,10.4,false
EMP10983,Theo Johnson,theo.johnson983@example.com,Marketing,Data Analyst,São Paulo,BR,126898,10.3,false
EMP10984,Amara Kowalski,amara.kowalski984@example.com,Operations,Sales Rep,New York,US,76661,0.3,true
EMP10985,Amara Johnson,amara.johnson985@example.com,Customer Success,DevOps Engineer,New York,US,150100,11.1,true
EMP10986,Theo Singh,theo.singh986@example.com,Operations,Software Engineer,São Paulo,BR,55270,8.0,true
EMP10987,Aisha Lovelace,aisha.lovelace987@example.com,Design,Software Engineer,Toronto,CA,98271,3.1,false
EMP10988,Omar Hamilton,omar.hamilton988@example.com,Engineering,Software Engineer,Nairobi,KE,125760,6.6,true
EMP10989,Carlos Silva,carlos.silva989@example.com,Finance,QA Engineer,Tokyo,JP,64016,7.8,true
EMP10990,Amara Petrov,amara.petrov990@example.com,Customer Success,Product Manager,Berlin,DE,51733,8.9,false
EMP10991,Omar Okafor,omar.okafor991@example.com,Operations,Finance Analyst,Dublin,IE,138948,1.1,false
EMP10992,Lucas Turing,lucas.turing992@example.com,Operations,Finance Analyst,Berlin,DE,85725,9.6,true
EMP10993,Katherine Torvalds,katherine.torvalds993@example.com,Customer Success,Finance Analyst,London,UK,104053,1.6,true
EMP10994,Linus Berners-Lee,linus.berners-lee994@example.com,Operations,Software Engineer,Toronto,CA,105053,8.0,true
EMP10995,Omar Kowalski,omar.kowalski995@example.com,Operations,Customer Success,Dublin,IE,155083,5.2,true
EMP10996,Chen Berners-Lee,chen.berners-lee996@example.com,Design,Product Manager,London,UK,116187,8.4,false
EMP10997,Grace Liskov,grace.liskov997@example.com,Design,Sales Rep,London,UK,143339,1.1,false
EMP10998,Maya Andersson,maya.andersson998@example.com,Marketing,QA Engineer,Nairobi,KE,134916,0.7,false
EMP10999,Maya Singh,maya.singh999@example.com,Design,Product Manager,São Paulo,BR,89886,9.6,false
EMP11000,Noah Johnson,noah.johnson1000@example.com,Engineering,Sales Rep,Singapore,SG,46723,3.5,true
EMP11001,Carlos Petrov,carlos.petrov1001@example.com,Product,DevOps Engineer,Paris,FR,163006,5.7,true
EMP11002,James Singh,james.singh1002@example.com,Operations,Data Analyst,Toronto,CA,155548,5.8,true
EMP11003,Tim Nakamura,tim.nakamura1003@example.com,Product,QA Engineer,Singapore,SG,152949,2.9,false
EMP11004,Sophie Torvalds,sophie.torvalds1004@example.com,Marketing,UX Designer,Tokyo,JP,47741,7.3,true
EMP11005,Priya Müller,priya.müller1005@example.com,Sales,UX Designer,Amsterdam,NL,60450,0.6,true
EMP11006,Aisha Hopper,aisha.hopper1006@example.com,Customer Success,Product Manager,Paris,FR,50673,7.7,false
EMP11007,Barbara Chen,barbara.chen1007@example.com,Engineering,UX Designer,Singapore,SG,78845,3.1,false
EMP11008,Fatima Okafor,fatima.okafor1008@example.com,Customer Success,Finance Analyst,Dublin,IE,151728,4.4,false
EMP11009,Nina Liskov,nina.liskov1009@example.com,Sales,Finance Analyst,São Paulo,BR,145996,4.1,true
EMP11010,Barbara Cerf,barbara.cerf1010@example.com,Marketing,Finance Analyst,São Paulo,BR,140944,10.7,true
EMP11011,Sam Lovelace,sam.lovelace1011@example.com,Customer Success,DevOps Engineer,Singapore,SG,86966,4.4,true
EMP11012,Tim Andersson,tim.andersson1012@example.com,Product,Data Analyst,Tokyo,JP,150669,5.4,false
EMP11013,Aisha Rossi,aisha.rossi1013@example.com,Marketing,Product Manager,Toronto,CA,69083,10.1,true
EMP11014,Margaret Müller,margaret.müller1014@example.com,Customer Success,Customer Success,Nairobi,KE,161676,5.5,false
EMP11015,Margaret Petrov,margaret.petrov1015@example.com,Finance,UX Designer,Singapore,SG,45460,10.2,false
EMP11016,Theo Chen,theo.chen1016@example.com,Marketing,Marketing Lead,London,UK,114659,7.8,false
EMP11017,Carlos Cerf,carlos.cerf1017@example.com,Finance,UX Designer,New York,US,116608,6.6,true
EMP11018,Noah Turing,noah.turing1018@example.com,Customer Success,Finance Analyst,London,UK,144484,1.9,true
EMP11019,Tim Johnson,tim.johnson1019@example.com,Marketing,Sales Rep,New York,US,65871,2.9,true
EMP11020,Alan Singh,alan.singh1020@example.com,Customer Success,QA Engineer,Dublin,IE,96143,2.7,false
EMP11021,Zara Torvalds,zara.torvalds1021@example.com,Engineering,DevOps Engineer,London,UK,152539,8.2,true
EMP11022,Radia Chen,radia.chen1022@example.com,Engineering,Data Analyst,Singapore,SG,90666,4.8,false
EMP11023,Ada Petrov,ada.petrov1023@example.com,Customer Success,QA Engineer,Nairobi,KE,139139,4.8,false
EMP11024,Zara Turing,zara.turing1024@example.com,Finance,Marketing Lead,Toronto,CA,72610,4.1,true
EMP11025,Carlos Andersson,carlos.andersson1025@example.com,Finance,Product Manager,Tokyo,JP,93306,9.1,false
EMP11026,Barbara Johnson,barbara.johnson1026@example.com,Finance,Data Analyst,Nairobi,KE,150821,9.8,false
EMP11027,Aisha Okafor,aisha.okafor1027@example.com,Finance,QA Engineer,Dublin,IE,163224,5.6,false
EMP11028,Ada Nakamura,ada.nakamura1028@example.com,Sales,Sales Rep,Tokyo,JP,91866,4.1,false
EMP11029,Katherine Petrov,katherine.petrov1029@example.com,Product,Software Engineer,New York,US,100368,6.8,false
EMP11030,Lucas Rossi,lucas.rossi1030@example.com,Sales,Finance Analyst,Dublin,IE,161047,11.6,false
EMP11031,Leo Rossi,leo.rossi1031@example.com,Finance,Product Manager,Nairobi,KE,74700,3.7,true
EMP11032,Priya Müller,priya.müller1032@example.com,Customer Success,Data Analyst,Berlin,DE,90175,5.0,true
EMP11033,Elena Müller,elena.müller1033@example.com,Operations,Marketing Lead,Toronto,CA,127686,3.5,false
EMP11034,Nina Perlman,nina.perlman1034@example.com,Sales,Sales Rep,Tokyo,JP,141919,11.3,true
EMP11035,Grace Silva,grace.silva1035@example.com,Finance,Marketing Lead,Paris,FR,95213,9.3,true
EMP11036,Sophie Perlman,sophie.perlman1036@example.com,Customer Success,Software Engineer,Toronto,CA,71857,3.9,true
EMP11037,Priya Okafor,priya.okafor1037@example.com,Engineering,Sales Rep,Toronto,CA,59299,6.1,false
EMP11038,Omar Cerf,omar.cerf1038@example.com,Operations,Sales Rep,Paris,FR,45815,11.6,false
EMP11039,Zara Petrov,zara.petrov1039@example.com,Marketing,Sales Rep,Dublin,IE,149744,10.0,true
EMP11040,Zara Nakamura,zara.nakamura1040@example.com,Design,DevOps Engineer,Tokyo,JP,62075,6.4,false
EMP11041,Omar Berners-Lee,omar.berners-lee1041@example.com,Operations,Data Analyst,Berlin,DE,126482,11.6,true
EMP11042,Alan Petrov,alan.petrov1042@example.com,Finance,Sales Rep,Tokyo,JP,143013,11.4,false
EMP11043,Priya Petrov,priya.petrov1043@example.com,Engineering,Sales Rep,Tokyo,JP,164660,8.2,true
EMP11044,Aisha Silva,aisha.silva1044@example.com,Operations,Marketing Lead,Berlin,DE,144321,2.0,true
EMP11045,Priya Okafor,priya.okafor1045@example.com,Operations,Sales Rep,São Paulo,BR,54853,11.3,false
EMP11046,Carlos Singh,carlos.singh1046@example.com,Customer Success,Marketing Lead,Dublin,IE,127408,1.4,false
EMP11047,Ada Berners-Lee,ada.berners-lee1047@example.com,Finance,Data Analyst,Berlin,DE,138503,7.9,true
EMP11048,Theo Perlman,theo.perlman1048@example.com,Marketing,QA Engineer,Toronto,CA,140289,5.4,false
EMP11049,Carlos Liskov,carlos.liskov1049@example.com,Product,Marketing Lead,Singapore,SG,101424,3.3,true
EMP11050,Priya Johnson,priya.johnson1050@example.com,Product,Software Engineer,Toronto,CA,120797,7.1,false
EMP11051,Aisha Silva,aisha.silva1051@example.com,Product,Customer Success,Paris,FR,77015,2.4,true
EMP11052,Elena Lovelace,elena.lovelace1052@example.com,Sales,Data Analyst,Tokyo,JP,90969,4.7,false
EMP11053,Elena Lovelace,elena.lovelace1053@example.com,Sales,UX Designer,Sydney,AU,129852,11.8,true
EMP11054,Fatima Chen,fatima.chen1054@example.com,Sales,Customer Success,New York,US,133714,4.6,false
EMP11055,Chen Nakamura,chen.nakamura1055@example.com,Design,DevOps Engineer,São Paulo,BR,125980,6.6,false
EMP11056,Priya Rossi,priya.rossi1056@example.com,Product,Software Engineer,New York,US,155420,2.3,false
EMP11057,Zara Okafor,zara.okafor1057@example.com,Finance,UX Designer,Paris,FR,117784,8.3,true
EMP11058,Aisha Liskov,aisha.liskov1058@example.com,Marketing,DevOps Engineer,London,UK,57801,11.2,true
EMP11059,Omar Nakamura,omar.nakamura1059@example.com,Product,UX Designer,Nairobi,KE,149808,0.0,true
EMP11060,James Cerf,james.cerf1060@example.com,Customer Success,UX Designer,Paris,FR,120158,11.2,true
EMP11061,Ivan Lovelace,ivan.lovelace1061@example.com,Engineering,Customer Success,Toronto,CA,118650,11.0,false
EMP11062,Zara Silva,zara.silva1062@example.com,Operations,QA Engineer,Toronto,CA,114461,8.5,false
EMP11063,Maya Hopper,maya.hopper1063@example.com,Marketing,Finance Analyst,Berlin,DE,76958,6.0,true
EMP11064,Theo Perlman,theo.perlman1064@example.com,Design,Marketing Lead,Paris,FR,119459,8.3,false
EMP11065,Yuki Cerf,yuki.cerf1065@example.com,Marketing,QA Engineer,Toronto,CA,148211,11.0,true
EMP11066,James Petrov,james.petrov1066@example.com,Engineering,Data Analyst,Tokyo,JP,122522,9.0,false
EMP11067,Margaret Nakamura,margaret.nakamura1067@example.com,Marketing,QA Engineer,New York,US,148972,8.2,true
EMP11068,Theo Cerf,theo.cerf1068@example.com,Finance,Sales Rep,Sydney,AU,74925,5.2,true
EMP11069,Sophie Johnson,sophie.johnson1069@example.com,Product,Sales Rep,Berlin,DE,70611,10.0,false
EMP11070,Linus Turing,linus.turing1070@example.com,Sales,UX Designer,Amsterdam,NL,143852,11.1,false
EMP11071,Omar Kowalski,omar.kowalski1071@example.com,Sales,Sales Rep,Nairobi,KE,119856,9.2,false
EMP11072,Lucas Hopper,lucas.hopper1072@example.com,Engineering,Data Analyst,São Paulo,BR,88155,8.1,true
EMP11073,Barbara Perlman,barbara.perlman1073@example.com,Finance,Product Manager,New York,US,124876,2.1,false
EMP11074,Omar Berners-Lee,omar.berners-lee1074@example.com,Sales,DevOps Engineer,New York,US,151806,2.3,false
EMP11075,Lucas Turing,lucas.turing1075@example.com,Engineering,QA Engineer,Berlin,DE,108885,3.7,true
EMP11076,Theo Turing,theo.turing1076@example.com,Finance,Software Engineer,Tokyo,JP,94793,6.1,false
EMP11077,Sam Hamilton,sam.hamilton1077@example.com,Operations,Software Engineer,Nairobi,KE,63615,11.8,false
EMP11078,Omar Cerf,omar.cerf1078@example.com,Customer Success,UX Designer,São Paulo,BR,161739,1.4,true
EMP11079,Elena Nakamura,elena.nakamura1079@example.com,Engineering,Marketing Lead,Nairobi,KE,48893,0.2,false
EMP11080,Grace Kowalski,grace.kowalski1080@example.com,Finance,Marketing Lead,Singapore,SG,85110,3.2,false
EMP11081,Maya Rossi,maya.rossi1081@example.com,Marketing,QA Engineer,Tokyo,JP,130882,11.2,true
EMP11082,Priya Johnson,priya.johnson1082@example.com,Finance,UX Designer,Sydney,AU,77228,4.7,false
EMP11083,Yuki Turing,yuki.turing1083@example.com,Product,UX Designer,London,UK,134808,2.0,true
EMP11084,Tim Perlman,tim.perlman1084@example.com,Sales,Sales Rep,London,UK,110143,1.9,false
EMP11085,Lucas Torvalds,lucas.torvalds1085@example.com,Product,Sales Rep,London,UK,122941,11.7,true
EMP11086,James Lovelace,james.lovelace1086@example.com,Marketing,Product Manager,Tokyo,JP,50751,4.8,false
EMP11087,Nina Andersson,nina.andersson1087@example.com,Engineering,DevOps Engineer,São Paulo,BR,62909,3.5,false
EMP11088,Theo Johnson,theo.johnson1088@example.com,Product,Sales Rep,Nairobi,KE,113865,8.6,true
EMP11089,Chen Berners-Lee,chen.berners-lee1089@example.com,Product,DevOps Engineer,New York,US,148503,3.0,false
EMP11090,Elena Kowalski,elena.kowalski1090@example.com,Operations,UX Designer,Sydney,AU,70436,11.7,false
EMP11091,Omar Nakamura,omar.nakamura1091@example.com,Finance,Sales Rep,Amsterdam,NL,114595,1.5,true
EMP11092,Grace Lovelace,grace.lovelace1092@example.com,Operations,UX Designer,São Paulo,BR,106845,0.2,false
EMP11093,Maya Silva,maya.silva1093@example.com,Finance,DevOps Engineer,Toronto,CA,75435,6.1,false
EMP11094,Ada Andersson,ada.andersson1094@example.com,Design,QA Engineer,Paris,FR,133129,5.4,false
EMP11095,Barbara Chen,barbara.chen1095@example.com,Marketing,Product Manager,Sydney,AU,118138,2.9,false
EMP11096,Ivan Liskov,ivan.liskov1096@example.com,Product,Software Engineer,Berlin,DE,121206,3.2,true
EMP11097,Sophie Cerf,sophie.cerf1097@example.com,Operations,Finance Analyst,Nairobi,KE,130018,8.7,true
EMP11098,Ada Johnson,ada.johnson1098@example.com,Finance,Software Engineer,Paris,FR,164319,6.4,false
EMP11099,Sophie Torvalds,sophie.torvalds1099@example.com,Sales,Finance Analyst,Singapore,SG,117412,10.4,false
EMP11100,Lucas Singh,lucas.singh1100@example.com,Engineering,DevOps Engineer,London,UK,68773,5.7,true
EMP11101,Amara Singh,amara.singh1101@example.com,Marketing,Customer Success,Sydney,AU,160014,7.5,false
EMP11102,Ivan Perlman,ivan.perlman1102@example.com,Sales,Customer Success,Nairobi,KE,129587,11.9,false
EMP11103,Radia Singh,radia.singh1103@example.com,Marketing,Marketing Lead,Tokyo,JP,148559,11.0,true
EMP11104,Aisha Nakamura,aisha.nakamura1104@example.com,Engineering,DevOps Engineer,Amsterdam,NL,147327,9.8,false
EMP11105,Ivan Kowalski,ivan.kowalski1105@example.com,Customer Success,DevOps Engineer,London,UK,77816,4.2,true
EMP11106,Chen Berners-Lee,chen.berners-lee1106@example.com,Design,DevOps Engineer,Sydney,AU,121066,1.3,true
EMP11107,Fatima Petrov,fatima.petrov1107@example.com,Customer Success,Finance Analyst,Toronto,CA,67662,1.2,true
EMP11108,Katherine Hopper,katherine.hopper1108@example.com,Operations,Sales Rep,Sydney,AU,145419,6.2,false
EMP11109,Maya Nakamura,maya.nakamura1109@example.com,Marketing,Data Analyst,New York,US,95354,3.9,false
EMP11110,Alan Liskov,alan.liskov1110@example.com,Operations,Customer Success,New York,US,133556,5.4,false
EMP11111,Sam Johnson,sam.johnson1111@example.com,Customer Success,Sales Rep,London,UK,98919,2.3,true
EMP11112,Priya Berners-Lee,priya.berners-lee1112@example.com,Finance,UX Designer,Toronto,CA,49178,2.2,false
EMP11113,Aisha Silva,aisha.silva1113@example.com,Finance,QA Engineer,Paris,FR,156073,2.8,false
EMP11114,Fatima Nakamura,fatima.nakamura1114@example.com,Finance,Marketing Lead,Dublin,IE,163163,2.6,true
EMP11115,Linus Hamilton,linus.hamilton1115@example.com,Product,Product Manager,New York,US,81343,3.9,false
EMP11116,Alan Okafor,alan.okafor1116@example.com,Operations,Finance Analyst,Toronto,CA,120756,11.5,false
EMP11117,Leo Liskov,leo.liskov1117@example.com,Product,Customer Success,São Paulo,BR,133917,4.2,false
EMP11118,Noah Perlman,noah.perlman1118@example.com,Design,Marketing Lead,São Paulo,BR,142248,5.0,true
EMP11119,Maya Kowalski,maya.kowalski1119@example.com,Engineering,Customer Success,Singapore,SG,63847,11.0,false
EMP11120,Katherine Lovelace,katherine.lovelace1120@example.com,Finance,Software Engineer,Sydney,AU,66548,2.4,true
EMP11121,Barbara Petrov,barbara.petrov1121@example.com,Sales,Product Manager,São Paulo,BR,109321,9.4,true
EMP11122,Margaret Liskov,margaret.liskov1122@example.com,Operations,QA Engineer,Tokyo,JP,115826,8.9,true
EMP11123,Katherine Singh,katherine.singh1123@example.com,Customer Success,Finance Analyst,Berlin,DE,96190,11.0,false
EMP11124,Alan Andersson,alan.andersson1124@example.com,Product,Data Analyst,Sydney,AU,80180,8.0,false
EMP11125,Lucas Petrov,lucas.petrov1125@example.com,Finance,UX Designer,New York,US,60243,8.3,true
EMP11126,Noah Hopper,noah.hopper1126@example.com,Finance,Product Manager,Singapore,SG,130287,8.8,false
EMP11127,Noah Nakamura,noah.nakamura1127@example.com,Product,Customer Success,New York,US,142928,6.9,true
EMP11128,Fatima Torvalds,fatima.torvalds1128@example.com,Marketing,DevOps Engineer,Nairobi,KE,49805,10.0,false
EMP11129,Ivan Hopper,ivan.hopper1129@example.com,Sales,QA Engineer,Nairobi,KE,131729,6.7,false
EMP11130,Vint Perlman,vint.perlman1130@example.com,Marketing,Software Engineer,Sydney,AU,156576,11.1,false
EMP11131,Sam Kowalski,sam.kowalski1131@example.com,Design,Software Engineer,Toronto,CA,84261,7.3,false
EMP11132,Ivan Liskov,ivan.liskov1132@example.com,Design,Customer Success,Singapore,SG,109928,4.7,false
EMP11133,Yuki Chen,yuki.chen1133@example.com,Operations,QA Engineer,Dublin,IE,74819,9.0,false
EMP11134,Priya Kowalski,priya.kowalski1134@example.com,Product,DevOps Engineer,Paris,FR,89894,12.0,true
EMP11135,Sam Rossi,sam.rossi1135@example.com,Marketing,Data Analyst,Berlin,DE,157954,12.0,true
EMP11136,Nina Perlman,nina.perlman1136@example.com,Sales,UX Designer,Amsterdam,NL,150247,2.1,false
EMP11137,Yuki Cerf,yuki.cerf1137@example.com,Product,Finance Analyst,London,UK,128312,3.6,false
EMP11138,Fatima Rossi,fatima.rossi1138@example.com,Design,Software Engineer,London,UK,113277,3.6,false
EMP11139,Linus Okafor,linus.okafor1139@example.com,Product,Finance Analyst,Singapore,SG,61750,1.1,false
EMP11140,Yuki Andersson,yuki.andersson1140@example.com,Marketing,DevOps Engineer,Dublin,IE,138260,6.4,true
EMP11141,Chen Singh,chen.singh1141@example.com,Design,Software Engineer,New York,US,148502,11.5,true
EMP11142,Yuki Andersson,yuki.andersson1142@example.com,Engineering,Software Engineer,Amsterdam,NL,60755,6.9,false
EMP11143,Tim Cerf,tim.cerf1143@example.com,Customer Success,Product Manager,Dublin,IE,163528,11.9,true
EMP11144,Zara Hamilton,zara.hamilton1144@example.com,Finance,Product Manager,Sydney,AU,78085,3.5,false
EMP11145,Priya Hamilton,priya.hamilton1145@example.com,Design,Software Engineer,Singapore,SG,100553,5.0,false
EMP11146,Barbara Okafor,barbara.okafor1146@example.com,Finance,Marketing Lead,Dublin,IE,52061,11.1,false
EMP11147,Grace Petrov,grace.petrov1147@example.com,Product,Software Engineer,London,UK,119183,10.9,false
EMP11148,Carlos Okafor,carlos.okafor1148@example.com,Customer Success,UX Designer,Amsterdam,NL,164078,6.1,true
EMP11149,James Petrov,james.petrov1149@example.com,Marketing,UX Designer,Paris,FR,105153,1.1,true
EMP11150,Elena Turing,elena.turing1150@example.com,Customer Success,Sales Rep,Nairobi,KE,125970,1.3,true
EMP11151,Carlos Silva,carlos.silva1151@example.com,Product,Customer Success,Paris,FR,118432,5.9,false
EMP11152,Aisha Andersson,aisha.andersson1152@example.com,Customer Success,Customer Success,New York,US,122278,9.5,false
EMP11153,Margaret Torvalds,margaret.torvalds1153@example.com,Sales,Marketing Lead,Singapore,SG,112940,3.2,false
EMP11154,Alan Rossi,alan.rossi1154@example.com,Operations,Data Analyst,Sydney,AU,90179,10.3,true
EMP11155,Sam Johnson,sam.johnson1155@example.com,Engineering,Software Engineer,London,UK,78863,10.8,true
EMP11156,Maya Rossi,maya.rossi1156@example.com,Engineering,Sales Rep,Toronto,CA,130938,3.9,false
EMP11157,Noah Chen,noah.chen1157@example.com,Engineering,Software Engineer,Singapore,SG,70387,10.8,true
EMP11158,Leo Kowalski,leo.kowalski1158@example.com,Product,DevOps Engineer,Dublin,IE,100446,10.2,true
EMP11159,Grace Hamilton,grace.hamilton1159@example.com,Marketing,Product Manager,Amsterdam,NL,73473,5.7,true
EMP11160,Lucas Singh,lucas.singh1160@example.com,Sales,Data Analyst,Berlin,DE,139855,10.4,false
EMP11161,Elena Lovelace,elena.lovelace1161@example.com,Design,Sales Rep,New York,US,134837,0.2,false
EMP11162,Leo Singh,leo.singh1162@example.com,Design,Finance Analyst,São Paulo,BR,61883,4.8,true
EMP11163,Leo Torvalds,leo.torvalds1163@example.com,Design,Software Engineer,Dublin,IE,57309,11.9,true
EMP11164,Vint Hamilton,vint.hamilton1164@example.com,Marketing,Customer Success,New York,US,152373,6.0,true
EMP11165,Ada Hamilton,ada.hamilton1165@example.com,Finance,Product Manager,São Paulo,BR,110832,1.3,true
EMP11166,Radia Johnson,radia.johnson1166@example.com,Finance,Customer Success,Singapore,SG,116204,4.0,false
EMP11167,Chen Turing,chen.turing1167@example.com,Customer Success,Customer Success,Tokyo,JP,69469,8.1,true
EMP11168,Elena Cerf,elena.cerf1168@example.com,Design,DevOps Engineer,Amsterdam,NL,88420,8.2,true
EMP11169,Amara Andersson,amara.andersson1169@example.com,Product,UX Designer,Amsterdam,NL,72964,6.8,false
EMP11170,Margaret Perlman,margaret.perlman1170@example.com,Design,UX Designer,Berlin,DE,126103,2.2,false
EMP11171,James Cerf,james.cerf1171@example.com,Sales,Customer Success,New York,US,106901,0.6,false
EMP11172,Vint Cerf,vint.cerf1172@example.com,Customer Success,DevOps Engineer,London,UK,108739,3.9,true
EMP11173,Tim Cerf,tim.cerf1173@example.com,Sales,Sales Rep,New York,US,154324,7.4,false
EMP11174,Grace Berners-Lee,grace.berners-lee1174@example.com,Marketing,Finance Analyst,São Paulo,BR,125485,11.4,false
EMP11175,Yuki Johnson,yuki.johnson1175@example.com,Operations,Data Analyst,London,UK,106862,9.8,false
EMP11176,Noah Rossi,noah.rossi1176@example.com,Operations,QA Engineer,Dublin,IE,141946,2.4,false
EMP11177,Aisha Lovelace,aisha.lovelace1177@example.com,Marketing,QA Engineer,London,UK,143416,11.8,false
EMP11178,Elena Müller,elena.müller1178@example.com,Design,Marketing Lead,Toronto,CA,157923,4.4,false
EMP11179,Radia Petrov,radia.petrov1179@example.com,Design,Sales Rep,Tokyo,JP,156277,10.9,false
EMP11180,Radia Petrov,radia.petrov1180@example.com,Marketing,DevOps Engineer,Berlin,DE,80910,6.8,false
EMP11181,Nina Johnson,nina.johnson1181@example.com,Design,Sales Rep,Berlin,DE,163992,7.1,true
EMP11182,Vint Torvalds,vint.torvalds1182@example.com,Design,Software Engineer,Dublin,IE,52881,7.0,true
EMP11183,Sophie Andersson,sophie.andersson1183@example.com,Sales,DevOps Engineer,Sydney,AU,142578,11.2,true
EMP11184,Amara Silva,amara.silva1184@example.com,Customer Success,UX Designer,London,UK,111530,11.9,false
EMP11185,Ada Singh,ada.singh1185@example.com,Marketing,Software Engineer,Nairobi,KE,55041,2.5,false
EMP11186,Barbara Kowalski,barbara.kowalski1186@example.com,Finance,Marketing Lead,Singapore,SG,117971,9.7,false
EMP11187,Theo Torvalds,theo.torvalds1187@example.com,Finance,Finance Analyst,Amsterdam,NL,61561,3.2,true
EMP11188,Ada Chen,ada.chen1188@example.com,Sales,Data Analyst,São Paulo,BR,116535,10.9,false
EMP11189,Yuki Cerf,yuki.cerf1189@example.com,Marketing,Software Engineer,Amsterdam,NL,87938,0.5,false
EMP11190,Maya Johnson,maya.johnson1190@example.com,Marketing,Finance Analyst,Sydney,AU,46672,4.9,true
EMP11191,Linus Chen,linus.chen1191@example.com,Design,Marketing Lead,Dublin,IE,46397,10.7,true
EMP11192,Ada Okafor,ada.okafor1192@example.com,Engineering,Finance Analyst,London,UK,57983,5.8,true
EMP11193,Aisha Müller,aisha.müller1193@example.com,Customer Success,UX Designer,Nairobi,KE,102781,1.8,true
EMP11194,Lucas Silva,lucas.silva1194@example.com,Marketing,Software Engineer,São Paulo,BR,118137,7.4,false
EMP11195,Elena Rossi,elena.rossi1195@example.com,Customer Success,UX Designer,Amsterdam,NL,54818,9.4,true
EMP11196,Sophie Cerf,sophie.cerf1196@example.com,Product,Sales Rep,Sydney,AU,84185,2.6,true
EMP11197,Carlos Rossi,carlos.rossi1197@example.com,Design,Customer Success,Paris,FR,115065,2.8,false
EMP11198,Ada Hopper,ada.hopper1198@example.com,Operations,DevOps Engineer,Singapore,SG,156208,1.3,false
EMP11199,Fatima Hamilton,fatima.hamilton1199@example.com,Operations,QA Engineer,Paris,FR,109165,11.1,false
EMP11200,Theo Berners-Lee,theo.berners-lee1200@example.com,Sales,Software Engineer,Nairobi,KE,135027,5.3,false
EMP11201,Theo Silva,theo.silva1201@example.com,Finance,Data Analyst,Paris,FR,94747,3.8,false
EMP11202,Katherine Perlman,katherine.perlman1202@example.com,Engineering,Finance Analyst,London,UK,71782,11.2,true
EMP11203,Ada Singh,ada.singh1203@example.com,Finance,Product Manager,Toronto,CA,47820,5.0,false
EMP11204,Elena Berners-Lee,elena.berners-lee1204@example.com,Sales,Sales Rep,Singapore,SG,147268,1.0,false
EMP11205,Carlos Turing,carlos.turing1205@example.com,Engineering,Product Manager,São Paulo,BR,157362,6.0,true
EMP11206,Amara Nakamura,amara.nakamura1206@example.com,Engineering,Product Manager,Tokyo,JP,102092,3.7,true
EMP11207,Theo Kowalski,theo.kowalski1207@example.com,Sales,Data Analyst,London,UK,90414,1.3,true
EMP11208,Tim Singh,tim.singh1208@example.com,Product,Marketing Lead,Sydney,AU,105652,2.1,true
EMP11209,Sophie Petrov,sophie.petrov1209@example.com,Sales,Sales Rep,Paris,FR,75684,11.7,true
EMP11210,Margaret Torvalds,margaret.torvalds1210@example.com,Customer Success,UX Designer,London,UK,64464,10.1,true
EMP11211,Priya Hopper,priya.hopper1211@example.com,Product,Data Analyst,London,UK,115705,7.7,true
EMP11212,Aisha Torvalds,aisha.torvalds1212@example.com,Operations,UX Designer,London,UK,113802,6.3,true
EMP11213,Aisha Turing,aisha.turing1213@example.com,Design,Product Manager,Nairobi,KE,56443,1.6,true
EMP11214,Nina Singh,nina.singh1214@example.com,Design,Data Analyst,Sydney,AU,52888,0.9,false
EMP11215,Maya Liskov,maya.liskov1215@example.com,Design,Software Engineer,Sydney,AU,140081,4.2,true
EMP11216,Grace Rossi,grace.rossi1216@example.com,Product,Data Analyst,Singapore,SG,124661,7.5,false
EMP11217,Katherine Chen,katherine.chen1217@example.com,Engineering,Customer Success,Paris,FR,150316,4.5,true
EMP11218,Alan Turing,alan.turing1218@example.com,Engineering,DevOps Engineer,Sydney,AU,59061,2.0,true
EMP11219,Nina Chen,nina.chen1219@example.com,Product,Data Analyst,London,UK,66831,10.9,false
EMP11220,Sam Chen,sam.chen1220@example.com,Design,Sales Rep,London,UK,106279,9.6,true
EMP11221,Chen Hopper,chen.hopper1221@example.com,Operations,UX Designer,Singapore,SG,118100,0.1,true
EMP11222,Vint Müller,vint.müller1222@example.com,Operations,Data Analyst,Tokyo,JP,123684,1.1,false
EMP11223,Sophie Johnson,sophie.johnson1223@example.com,Product,DevOps Engineer,Toronto,CA,94995,8.5,true
EMP11224,Maya Silva,maya.silva1224@example.com,Finance,Data Analyst,Sydney,AU,50522,6.8,true
EMP11225,Maya Cerf,maya.cerf1225@example.com,Sales,QA Engineer,Paris,FR,123138,0.8,true
EMP11226,Lucas Chen,lucas.chen1226@example.com,Finance,Product Manager,Tokyo,JP,84475,11.1,false
EMP11227,Amara Müller,amara.müller1227@example.com,Engineering,QA Engineer,São Paulo,BR,69012,9.2,true
EMP11228,Nina Cerf,nina.cerf1228@example.com,Customer Success,Software Engineer,Amsterdam,NL,150523,9.3,true
EMP11229,Leo Silva,leo.silva1229@example.com,Sales,QA Engineer,Paris,FR,140838,5.1,false
EMP11230,Aisha Liskov,aisha.liskov1230@example.com,Customer Success,Customer Success,London,UK,88330,6.1,true
EMP11231,Katherine Kowalski,katherine.kowalski1231@example.com,Customer Success,Marketing Lead,Sydney,AU,107279,1.0,true
EMP11232,Lucas Petrov,lucas.petrov1232@example.com,Operations,Sales Rep,Sydney,AU,162570,5.2,true
EMP11233,Aisha Petrov,aisha.petrov1233@example.com,Engineering,Sales Rep,New York,US,58554,11.3,false
EMP11234,Tim Hopper,tim.hopper1234@example.com,Engineering,Marketing Lead,Tokyo,JP,72099,11.1,false
EMP11235,Linus Kowalski,linus.kowalski1235@example.com,Design,Customer Success,Dublin,IE,53584,3.9,false
EMP11236,Fatima Lovelace,fatima.lovelace1236@example.com,Operations,Customer Success,London,UK,95349,10.7,false
EMP11237,Amara Lovelace,amara.lovelace1237@example.com,Customer Success,UX Designer,London,UK,79159,8.6,false
EMP11238,James Hopper,james.hopper1238@example.com,Operations,DevOps Engineer,São Paulo,BR,113798,1.2,false
EMP11239,Aisha Cerf,aisha.cerf1239@example.com,Marketing,DevOps Engineer,Tokyo,JP,98833,8.9,true
EMP11240,Omar Nakamura,omar.nakamura1240@example.com,Finance,UX Designer,Berlin,DE,123232,10.7,true
EMP11241,Chen Andersson,chen.andersson1241@example.com,Sales,Customer Success,New York,US,160366,11.1,true
EMP11242,Barbara Müller,barbara.müller1242@example.com,Marketing,Data Analyst,Nairobi,KE,86792,11.0,true
EMP11243,Chen Müller,chen.müller1243@example.com,Operations,Marketing Lead,Berlin,DE,106733,11.9,false
EMP11244,Alan Perlman,alan.perlman1244@example.com,Finance,Data Analyst,Sydney,AU,151109,4.7,true
EMP11245,Alan Perlman,alan.perlman1245@example.com,Product,UX Designer,New York,US,152743,11.6,false
EMP11246,Noah Petrov,noah.petrov1246@example.com,Operations,Finance Analyst,New York,US,147943,5.5,true
EMP11247,Chen Torvalds,chen.torvalds1247@example.com,Engineering,Marketing Lead,London,UK,106860,1.7,false
EMP11248,Fatima Cerf,fatima.cerf1248@example.com,Engineering,Finance Analyst,London,UK,129046,0.1,false
EMP11249,Tim Chen,tim.chen1249@example.com,Marketing,Sales Rep,London,UK,137378,4.6,false
EMP11250,Ada Chen,ada.chen1250@example.com,Finance,Customer Success,London,UK,119324,0.3,true
EMP11251,Theo Okafor,theo.okafor1251@example.com,Customer Success,Product Manager,São Paulo,BR,157938,6.1,false
EMP11252,Radia Petrov,radia.petrov1252@example.com,Marketing,Software Engineer,Nairobi,KE,102924,7.9,false
EMP11253,Leo Johnson,leo.johnson1253@example.com,Engineering,Product Manager,Singapore,SG,80158,9.9,false
EMP11254,Yuki Johnson,yuki.johnson1254@example.com,Operations,Product Manager,Amsterdam,NL,70013,11.3,false
EMP11255,Sam Torvalds,sam.torvalds1255@example.com,Engineering,QA Engineer,London,UK,163047,2.7,true
EMP11256,Sam Hopper,sam.hopper1256@example.com,Design,QA Engineer,New York,US,61294,10.2,false
EMP11257,Vint Petrov,vint.petrov1257@example.com,Marketing,Customer Success,London,UK,93852,8.9,false
EMP11258,Grace Berners-Lee,grace.berners-lee1258@example.com,Product,UX Designer,Tokyo,JP,147268,5.4,false
EMP11259,Carlos Liskov,carlos.liskov1259@example.com,Product,QA Engineer,Amsterdam,NL,164657,4.5,true
EMP11260,Radia Silva,radia.silva1260@example.com,Customer Success,Software Engineer,New York,US,46398,5.8,true
EMP11261,Leo Andersson,leo.andersson1261@example.com,Finance,Customer Success,Berlin,DE,63970,9.9,true
EMP11262,Margaret Hopper,margaret.hopper1262@example.com,Product,QA Engineer,Berlin,DE,150789,1.7,true
EMP11263,Grace Silva,grace.silva1263@example.com,Finance,Marketing Lead,Nairobi,KE,120047,4.4,false
EMP11264,James Petrov,james.petrov1264@example.com,Finance,Finance Analyst,New York,US,147923,11.9,true
EMP11265,Sophie Lovelace,sophie.lovelace1265@example.com,Finance,Finance Analyst,London,UK,106111,2.9,false
EMP11266,Maya Andersson,maya.andersson1266@example.com,Marketing,Finance Analyst,Amsterdam,NL,136265,1.8,true
EMP11267,Katherine Okafor,katherine.okafor1267@example.com,Product,Software Engineer,New York,US,159891,11.1,true
EMP11268,Maya Silva,maya.silva1268@example.com,Sales,Data Analyst,Paris,FR,74898,4.0,false
EMP11269,Alan Müller,alan.müller1269@example.com,Sales,Sales Rep,London,UK,100743,8.6,false
EMP11270,Priya Okafor,priya.okafor1270@example.com,Product,Customer Success,Paris,FR,147572,6.1,true
EMP11271,Maya Petrov,maya.petrov1271@example.com,Engineering,Sales Rep,Dublin,IE,53873,7.8,false
EMP11272,Alan Hamilton,alan.hamilton1272@example.com,Customer Success,Software Engineer,Sydney,AU,161923,5.4,false
EMP11273,Chen Perlman,chen.perlman1273@example.com,Product,Marketing Lead,Singapore,SG,115202,1.9,false
EMP11274,Barbara Hopper,barbara.hopper1274@example.com,Sales,DevOps Engineer,Paris,FR,131698,3.3,true
EMP11275,Barbara Hopper,barbara.hopper1275@example.com,Customer Success,QA Engineer,Berlin,DE,122802,7.1,true
EMP11276,Grace Andersson,grace.andersson1276@example.com,Operations,Data Analyst,Amsterdam,NL,109030,3.8,false
EMP11277,Omar Torvalds,omar.torvalds1277@example.com,Operations,Finance Analyst,Sydney,AU,45131,10.1,true
EMP11278,Fatima Singh,fatima.singh1278@example.com,Sales,Product Manager,Paris,FR,52995,0.1,true
EMP11279,Fatima Nakamura,fatima.nakamura1279@example.com,Marketing,UX Designer,Sydney,AU,103316,0.0,true
EMP11280,Margaret Nakamura,margaret.nakamura1280@example.com,Design,Customer Success,Singapore,SG,124850,5.5,true
EMP11281,Margaret Liskov,margaret.liskov1281@example.com,Operations,Sales Rep,Singapore,SG,56808,11.4,true
EMP11282,Vint Kowalski,vint.kowalski1282@example.com,Operations,Sales Rep,Amsterdam,NL,50718,1.2,true
EMP11283,Ada Müller,ada.müller1283@example.com,Finance,Product Manager,Paris,FR,79218,4.4,true
EMP11284,Aisha Johnson,aisha.johnson1284@example.com,Operations,Data Analyst,Sydney,AU,116432,11.3,false
EMP11285,James Hamilton,james.hamilton1285@example.com,Operations,Data Analyst,Berlin,DE,135680,0.1,false
EMP11286,Priya Singh,priya.singh1286@example.com,Customer Success,Sales Rep,Dublin,IE,92995,6.5,true
EMP11287,Vint Berners-Lee,vint.berners-lee1287@example.com,Product,Software Engineer,Nairobi,KE,73183,9.9,false
EMP11288,Chen Petrov,chen.petrov1288@example.com,Finance,DevOps Engineer,Tokyo,JP,92595,5.0,true
EMP11289,Tim Turing,tim.turing1289@example.com,Design,DevOps Engineer,São Paulo,BR,124714,6.6,false
EMP11290,Priya Cerf,priya.cerf1290@example.com,Customer Success,QA Engineer,New York,US,107153,9.9,true
EMP11291,Katherine Torvalds,katherine.torvalds1291@example.com,Product,UX Designer,New York,US,121369,11.8,true
EMP11292,Maya Rossi,maya.rossi1292@example.com,Engineering,Product Manager,São Paulo,BR,148218,9.6,true
EMP11293,Chen Petrov,chen.petrov1293@example.com,Operations,Product Manager,Dublin,IE,68423,9.3,false
EMP11294,Maya Turing,maya.turing1294@example.com,Product,UX Designer,Nairobi,KE,92965,0.3,true
EMP11295,Radia Singh,radia.singh1295@example.com,Marketing,Finance Analyst,Dublin,IE,82751,7.3,false
EMP11296,Fatima Perlman,fatima.perlman1296@example.com,Operations,Marketing Lead,Dublin,IE,81587,3.6,true
EMP11297,Tim Cerf,tim.cerf1297@example.com,Operations,Data Analyst,Sydney,AU,120011,10.9,false
EMP11298,Barbara Rossi,barbara.rossi1298@example.com,Marketing,Marketing Lead,Dublin,IE,65620,11.9,false
EMP11299,Grace Liskov,grace.liskov1299@example.com,Design,Customer Success,New York,US,57159,5.7,true
EMP11300,Elena Turing,elena.turing1300@example.com,Marketing,DevOps Engineer,Dublin,IE,85628,2.2,true
EMP11301,Chen Nakamura,chen.nakamura1301@example.com,Design,DevOps Engineer,Tokyo,JP,109622,0.5,true
EMP11302,Vint Berners-Lee,vint.berners-lee1302@example.com,Customer Success,QA Engineer,Singapore,SG,139821,8.5,false
EMP11303,Katherine Berners-Lee,katherine.berners-lee1303@example.com,Engineering,Marketing Lead,London,UK,75402,11.8,true
EMP11304,Omar Kowalski,omar.kowalski1304@example.com,Engineering,Sales Rep,London,UK,148791,6.7,false
EMP11305,Margaret Torvalds,margaret.torvalds1305@example.com,Operations,Marketing Lead,Singapore,SG,96347,8.3,false
EMP11306,Radia Hamilton,radia.hamilton1306@example.com,Sales,Finance Analyst,Singapore,SG,58255,6.6,false
EMP11307,Amara Rossi,amara.rossi1307@example.com,Customer Success,Customer Success,London,UK,114393,3.6,true
EMP11308,Chen Cerf,chen.cerf1308@example.com,Design,DevOps Engineer,Paris,FR,99714,9.9,true
EMP11309,Alan Andersson,alan.andersson1309@example.com,Engineering,UX Designer,Paris,FR,140079,3.2,false
EMP11310,Grace Lovelace,grace.lovelace1310@example.com,Product,Sales Rep,Dublin,IE,123899,2.6,false
EMP11311,Elena Torvalds,elena.torvalds1311@example.com,Product,Software Engineer,Paris,FR,144690,8.3,true
EMP11312,Elena Lovelace,elena.lovelace1312@example.com,Operations,Product Manager,Nairobi,KE,54239,6.7,true
EMP11313,Fatima Hamilton,fatima.hamilton1313@example.com,Finance,Data Analyst,Berlin,DE,97383,3.0,true
EMP11314,James Cerf,james.cerf1314@example.com,Marketing,Finance Analyst,Dublin,IE,111499,11.7,true
EMP11315,Sam Johnson,sam.johnson1315@example.com,Customer Success,Product Manager,Amsterdam,NL,152550,3.7,true
EMP11316,Alan Petrov,alan.petrov1316@example.com,Customer Success,Software Engineer,Sydney,AU,83390,7.1,true
EMP11317,James Petrov,james.petrov1317@example.com,Product,DevOps Engineer,Paris,FR,57270,1.8,false
EMP11318,Elena Lovelace,elena.lovelace1318@example.com,Customer Success,UX Designer,New York,US,70370,11.5,false
EMP11319,Amara Hamilton,amara.hamilton1319@example.com,Sales,Finance Analyst,Nairobi,KE,67075,7.1,true
EMP11320,Theo Torvalds,theo.torvalds1320@example.com,Product,Data Analyst,Paris,FR,130971,6.6,false
EMP11321,Barbara Hopper,barbara.hopper1321@example.com,Operations,DevOps Engineer,London,UK,74288,9.0,false
EMP11322,Tim Kowalski,tim.kowalski1322@example.com,Marketing,UX Designer,São Paulo,BR,66912,11.5,false
EMP11323,Omar Hopper,omar.hopper1323@example.com,Sales,QA Engineer,São Paulo,BR,94416,5.7,true
EMP11324,Chen Liskov,chen.liskov1324@example.com,Design,DevOps Engineer,Toronto,CA,152342,5.8,true
EMP11325,Tim Singh,tim.singh1325@example.com,Operations,Product Manager,Toronto,CA,110736,10.4,true
EMP11326,Linus Cerf,linus.cerf1326@example.com,Sales,Product Manager,São Paulo,BR,127936,4.5,true
EMP11327,Tim Hamilton,tim.hamilton1327@example.com,Operations,QA Engineer,Berlin,DE,94213,1.2,false
EMP11328,Noah Perlman,noah.perlman1328@example.com,Marketing,Data Analyst,Toronto,CA,152462,5.5,true
EMP11329,Amara Andersson,amara.andersson1329@example.com,Product,Customer Success,São Paulo,BR,143507,1.0,true
EMP11330,Vint Hamilton,vint.hamilton1330@example.com,Product,Product Manager,Toronto,CA,123585,5.2,true
EMP11331,Sophie Müller,sophie.müller1331@example.com,Customer Success,Product Manager,Amsterdam,NL,63004,6.2,true
EMP11332,Margaret Lovelace,margaret.lovelace1332@example.com,Sales,Finance Analyst,Singapore,SG,109235,9.2,true
EMP11333,Theo Lovelace,theo.lovelace1333@example.com,Design,Finance Analyst,Singapore,SG,75212,4.9,false
EMP11334,Fatima Okafor,fatima.okafor1334@example.com,Marketing,QA Engineer,New York,US,90039,3.2,false
EMP11335,Vint Liskov,vint.liskov1335@example.com,Marketing,Product Manager,São Paulo,BR,147900,11.9,false
EMP11336,Aisha Torvalds,aisha.torvalds1336@example.com,Design,Sales Rep,Amsterdam,NL,118682,2.3,true
EMP11337,Radia Liskov,radia.liskov1337@example.com,Sales,UX Designer,Paris,FR,108594,8.1,false
EMP11338,Carlos Petrov,carlos.petrov1338@example.com,Sales,Marketing Lead,Nairobi,KE,115958,4.1,true
EMP11339,Amara Perlman,amara.perlman1339@example.com,Product,Sales Rep,New York,US,88240,2.6,true
EMP11340,Zara Singh,zara.singh1340@example.com,Customer Success,Sales Rep,Toronto,CA,136054,8.9,false
EMP11341,Lucas Okafor,lucas.okafor1341@example.com,Engineering,QA Engineer,Amsterdam,NL,107611,1.3,false
EMP11342,Alan Okafor,alan.okafor1342@example.com,Product,Customer Success,Singapore,SG,74242,10.9,true
EMP11343,Linus Okafor,linus.okafor1343@example.com,Design,QA Engineer,Dublin,IE,89140,0.2,true
EMP11344,James Kowalski,james.kowalski1344@example.com,Product,Software Engineer,Toronto,CA,137667,8.8,false
EMP11345,Alan Turing,alan.turing1345@example.com,Operations,UX Designer,Tokyo,JP,152712,7.9,true
EMP11346,Aisha Hamilton,aisha.hamilton1346@example.com,Engineering,Data Analyst,Berlin,DE,104649,2.7,true
EMP11347,Zara Hamilton,zara.hamilton1347@example.com,Finance,Software Engineer,Nairobi,KE,149763,4.8,false
EMP11348,Ivan Kowalski,ivan.kowalski1348@example.com,Finance,Sales Rep,São Paulo,BR,75194,0.0,false
EMP11349,Ada Müller,ada.müller1349@example.com,Finance,DevOps Engineer,Singapore,SG,116294,11.5,false
EMP11350,Maya Torvalds,maya.torvalds1350@example.com,Operations,QA Engineer,Singapore,SG,101256,6.7,true
EMP11351,Chen Berners-Lee,chen.berners-lee1351@example.com,Customer Success,Finance Analyst,Singapore,SG,147412,11.5,true
EMP11352,Ada Hamilton,ada.hamilton1352@example.com,Marketing,Finance Analyst,Singapore,SG,130161,2.5,true
EMP11353,James Lovelace,james.lovelace1353@example.com,Sales,Product Manager,Singapore,SG,103100,4.4,true
EMP11354,Amara Nakamura,amara.nakamura1354@example.com,Marketing,Customer Success,Singapore,SG,142558,4.8,true
EMP11355,Grace Turing,grace.turing1355@example.com,Engineering,Sales Rep,Tokyo,JP,154692,3.9,true
EMP11356,Radia Berners-Lee,radia.berners-lee1356@example.com,Finance,Finance Analyst,Tokyo,JP,54277,9.9,false
EMP11357,Omar Cerf,omar.cerf1357@example.com,Product,Data Analyst,Nairobi,KE,89427,1.1,false
EMP11358,Vint Liskov,vint.liskov1358@example.com,Customer Success,Finance Analyst,Dublin,IE,159681,1.8,false
EMP11359,Sam Okafor,sam.okafor1359@example.com,Operations,Customer Success,Singapore,SG,64836,5.2,true
EMP11360,Grace Andersson,grace.andersson1360@example.com,Engineering,DevOps Engineer,London,UK,104680,0.0,true
EMP11361,Tim Singh,tim.singh1361@example.com,Engineering,Customer Success,London,UK,111055,9.3,false
EMP11362,Zara Perlman,zara.perlman1362@example.com,Product,UX Designer,Singapore,SG,135987,11.8,false
EMP11363,Linus Johnson,linus.johnson1363@example.com,Customer Success,UX Designer,London,UK,118686,6.2,true
EMP11364,Katherine Berners-Lee,katherine.berners-lee1364@example.com,Engineering,DevOps Engineer,Singapore,SG,159476,10.5,false
EMP11365,Tim Andersson,tim.andersson1365@example.com,Sales,Sales Rep,Berlin,DE,61324,5.2,true
EMP11366,Ada Müller,ada.müller1366@example.com,Design,Customer Success,Amsterdam,NL,126761,7.6,true
EMP11367,Carlos Kowalski,carlos.kowalski1367@example.com,Product,Product Manager,Berlin,DE,155914,9.0,true
EMP11368,Grace Johnson,grace.johnson1368@example.com,Product,Software Engineer,Sydney,AU,164901,5.0,true
EMP11369,Zara Müller,zara.müller1369@example.com,Marketing,Finance Analyst,Amsterdam,NL,108196,8.1,false
EMP11370,Yuki Hamilton,yuki.hamilton1370@example.com,Engineering,Finance Analyst,São Paulo,BR,102357,8.1,false
EMP11371,Theo Nakamura,theo.nakamura1371@example.com,Sales,Data Analyst,Dublin,IE,49345,0.6,false
EMP11372,James Perlman,james.perlman1372@example.com,Marketing,Product Manager,New York,US,62624,11.0,false
EMP11373,James Torvalds,james.torvalds1373@example.com,Operations,Data Analyst,Berlin,DE,78887,10.7,false
EMP11374,Sam Berners-Lee,sam.berners-lee1374@example.com,Customer Success,Software Engineer,Nairobi,KE,108157,11.3,true
EMP11375,Radia Torvalds,radia.torvalds1375@example.com,Operations,QA Engineer,Berlin,DE,50181,7.0,false
EMP11376,Aisha Cerf,aisha.cerf1376@example.com,Sales,Data Analyst,Toronto,CA,109955,11.2,false
EMP11377,Nina Rossi,nina.rossi1377@example.com,Finance,Software Engineer,Tokyo,JP,149669,11.9,false
EMP11378,Alan Singh,alan.singh1378@example.com,Operations,Sales Rep,São Paulo,BR,74293,8.8,false
EMP11379,Radia Petrov,radia.petrov1379@example.com,Design,QA Engineer,Berlin,DE,108052,4.5,false
EMP11380,Noah Torvalds,noah.torvalds1380@example.com,Sales,Finance Analyst,Dublin,IE,60590,5.3,true
EMP11381,Katherine Perlman,katherine.perlman1381@example.com,Product,Software Engineer,Paris,FR,63821,6.8,false
EMP11382,Fatima Andersson,fatima.andersson1382@example.com,Design,UX Designer,Berlin,DE,75418,8.1,false
EMP11383,Noah Singh,noah.singh1383@example.com,Sales,DevOps Engineer,Berlin,DE,158185,1.7,true
EMP11384,Linus Cerf,linus.cerf1384@example.com,Design,Sales Rep,Berlin,DE,84597,0.9,true
EMP11385,Barbara Liskov,barbara.liskov1385@example.com,Sales,Software Engineer,Berlin,DE,92615,4.6,false
EMP11386,Maya Chen,maya.chen1386@example.com,Operations,Sales Rep,Amsterdam,NL,46646,8.7,false
EMP11387,Katherine Hamilton,katherine.hamilton1387@example.com,Product,Marketing Lead,Sydney,AU,78827,2.9,true
EMP11388,Katherine Lovelace,katherine.lovelace1388@example.com,Marketing,UX Designer,Paris,FR,125895,6.4,true
EMP11389,Carlos Rossi,carlos.rossi1389@example.com,Sales,Data Analyst,London,UK,102051,7.3,false
EMP11390,Omar Singh,omar.singh1390@example.com,Engineering,Product Manager,Paris,FR,153256,10.0,false
EMP11391,Vint Kowalski,vint.kowalski1391@example.com,Product,Data Analyst,Sydney,AU,103380,9.9,false
EMP11392,Yuki Singh,yuki.singh1392@example.com,Design,DevOps Engineer,New York,US,109438,11.5,false
EMP11393,Aisha Kowalski,aisha.kowalski1393@example.com,Operations,Sales Rep,Sydney,AU,100806,3.6,false
EMP11394,Chen Berners-Lee,chen.berners-lee1394@example.com,Customer Success,Finance Analyst,Dublin,IE,133806,10.7,true
EMP11395,Tim Kowalski,tim.kowalski1395@example.com,Operations,Marketing Lead,Berlin,DE,136525,3.6,false
EMP11396,Carlos Kowalski,carlos.kowalski1396@example.com,Customer Success,DevOps Engineer,Berlin,DE,150304,3.8,false
EMP11397,Linus Cerf,linus.cerf1397@example.com,Operations,Customer Success,Toronto,CA,67463,0.5,true
EMP11398,Radia Silva,radia.silva1398@example.com,Finance,Customer Success,Nairobi,KE,77395,4.3,true
EMP11399,Nina Andersson,nina.andersson1399@example.com,Sales,Marketing Lead,New York,US,61918,8.1,true
EMP11400,Leo Hopper,leo.hopper1400@example.com,Finance,QA Engineer,Toronto,CA,74792,11.5,false
EMP11401,Tim Turing,tim.turing1401@example.com,Operations,Software Engineer,Nairobi,KE,89231,9.7,false
EMP11402,Margaret Nakamura,margaret.nakamura1402@example.com,Operations,Finance Analyst,Amsterdam,NL,117170,2.3,true
EMP11403,Maya Hopper,maya.hopper1403@example.com,Engineering,UX Designer,Berlin,DE,50047,3.2,true
EMP11404,Grace Silva,grace.silva1404@example.com,Engineering,Software Engineer,Amsterdam,NL,128458,1.1,true
EMP11405,Theo Okafor,theo.okafor1405@example.com,Design,UX Designer,Tokyo,JP,110879,6.5,true
EMP11406,Zara Rossi,zara.rossi1406@example.com,Customer Success,QA Engineer,Singapore,SG,89371,0.1,false
EMP11407,Theo Berners-Lee,theo.berners-lee1407@example.com,Product,Customer Success,Amsterdam,NL,61178,0.6,true
EMP11408,Alan Müller,alan.müller1408@example.com,Customer Success,DevOps Engineer,Paris,FR,81136,8.9,true
EMP11409,Priya Nakamura,priya.nakamura1409@example.com,Finance,DevOps Engineer,Amsterdam,NL,137541,11.6,true
EMP11410,Ivan Müller,ivan.müller1410@example.com,Engineering,Sales Rep,Nairobi,KE,87280,0.8,false
EMP11411,Alan Hamilton,alan.hamilton1411@example.com,Customer Success,DevOps Engineer,Dublin,IE,164815,5.7,true
EMP11412,Elena Hopper,elena.hopper1412@example.com,Design,Data Analyst,Toronto,CA,148020,3.6,false
EMP11413,Margaret Torvalds,margaret.torvalds1413@example.com,Operations,Marketing Lead,Paris,FR,150049,9.0,false
EMP11414,Maya Hopper,maya.hopper1414@example.com,Engineering,Finance Analyst,London,UK,114430,4.1,false
EMP11415,Grace Singh,grace.singh1415@example.com,Sales,QA Engineer,Nairobi,KE,126984,5.7,true
EMP11416,Yuki Perlman,yuki.perlman1416@example.com,Product,Product Manager,Paris,FR,70448,10.6,false
EMP11417,Ivan Perlman,ivan.perlman1417@example.com,Sales,Sales Rep,Nairobi,KE,51118,11.6,true
EMP11418,Ada Perlman,ada.perlman1418@example.com,Finance,Software Engineer,Amsterdam,NL,61966,7.7,true
EMP11419,Ivan Silva,ivan.silva1419@example.com,Operations,UX Designer,London,UK,106580,2.8,false
EMP11420,Priya Kowalski,priya.kowalski1420@example.com,Sales,Data Analyst,London,UK,101933,10.0,false
EMP11421,Priya Lovelace,priya.lovelace1421@example.com,Engineering,DevOps Engineer,Amsterdam,NL,162508,4.6,false
EMP11422,Ada Hopper,ada.hopper1422@example.com,Customer Success,Finance Analyst,Sydney,AU,144414,2.8,true
EMP11423,Chen Rossi,chen.rossi1423@example.com,Sales,DevOps Engineer,Toronto,CA,80165,7.4,true
EMP11424,Ivan Nakamura,ivan.nakamura1424@example.com,Customer Success,Finance Analyst,New York,US,50720,2.2,false
EMP11425,Amara Kowalski,amara.kowalski1425@example.com,Finance,Product Manager,Berlin,DE,63271,11.3,false
EMP11426,Aisha Chen,aisha.chen1426@example.com,Marketing,Data Analyst,Amsterdam,NL,126260,10.9,false
EMP11427,Ivan Hopper,ivan.hopper1427@example.com,Engineering,Sales Rep,Paris,FR,95310,0.3,false
EMP11428,Linus Liskov,linus.liskov1428@example.com,Product,Sales Rep,London,UK,159971,11.7,false
EMP11429,Chen Perlman,chen.perlman1429@example.com,Sales,UX Designer,New York,US,77560,4.5,false
EMP11430,James Berners-Lee,james.berners-lee1430@example.com,Engineering,DevOps Engineer,Paris,FR,132286,2.6,true
EMP11431,Nina Nakamura,nina.nakamura1431@example.com,Marketing,DevOps Engineer,Toronto,CA,151755,4.5,true
EMP11432,Omar Cerf,omar.cerf1432@example.com,Marketing,Sales Rep,Singapore,SG,164339,1.2,false
EMP11433,Leo Berners-Lee,leo.berners-lee1433@example.com,Finance,Customer Success,Nairobi,KE,59863,3.9,true
EMP11434,Sophie Singh,sophie.singh1434@example.com,Marketing,Software Engineer,Amsterdam,NL,127587,5.8,false
EMP11435,Chen Johnson,chen.johnson1435@example.com,Engineering,Sales Rep,Amsterdam,NL,47151,8.0,true
EMP11436,Margaret Okafor,margaret.okafor1436@example.com,Engineering,Sales Rep,Amsterdam,NL,49017,1.9,true
EMP11437,Margaret Liskov,margaret.liskov1437@example.com,Operations,Data Analyst,Paris,FR,85904,5.7,false
EMP11438,Elena Okafor,elena.okafor1438@example.com,Finance,QA Engineer,Singapore,SG,49314,11.8,true
EMP11439,Sam Lovelace,sam.lovelace1439@example.com,Product,Finance Analyst,Berlin,DE,142634,5.4,false
EMP11440,Aisha Singh,aisha.singh1440@example.com,Operations,Software Engineer,Toronto,CA,130383,3.7,false
EMP11441,Yuki Lovelace,yuki.lovelace1441@example.com,Finance,QA Engineer,New York,US,97213,0.8,false
EMP11442,Priya Singh,priya.singh1442@example.com,Customer Success,Sales Rep,Berlin,DE,121286,4.2,true
EMP11443,Zara Okafor,zara.okafor1443@example.com,Finance,Product Manager,New York,US,110785,8.7,true
EMP11444,Tim Nakamura,tim.nakamura1444@example.com,Marketing,Product Manager,New York,US,64941,9.8,false
EMP11445,Elena Cerf,elena.cerf1445@example.com,Operations,Customer Success,Dublin,IE,90065,10.6,true
EMP11446,Priya Andersson,priya.andersson1446@example.com,Marketing,Customer Success,New York,US,47867,7.7,false
EMP11447,Nina Nakamura,nina.nakamura1447@example.com,Customer Success,Customer Success,Tokyo,JP,50112,9.8,true
EMP11448,Aisha Petrov,aisha.petrov1448@example.com,Product,Marketing Lead,Berlin,DE,58342,3.2,true
EMP11449,Margaret Johnson,margaret.johnson1449@example.com,Engineering,QA Engineer,Berlin,DE,113425,6.0,false
EMP11450,Alan Rossi,alan.rossi1450@example.com,Finance,Product Manager,Tokyo,JP,94161,7.6,true
EMP11451,Alan Torvalds,alan.torvalds1451@example.com,Marketing,Finance Analyst,São Paulo,BR,78454,5.1,false
EMP11452,Noah Turing,noah.turing1452@example.com,Design,Finance Analyst,São Paulo,BR,89250,11.3,true
EMP11453,Katherine Rossi,katherine.rossi1453@example.com,Sales,Customer Success,Nairobi,KE,89899,2.0,true
EMP11454,Aisha Müller,aisha.müller1454@example.com,Product,Data Analyst,Tokyo,JP,85776,11.2,true
EMP11455,Alan Turing,alan.turing1455@example.com,Marketing,Marketing Lead,Sydney,AU,152178,10.7,false
EMP11456,Ivan Lovelace,ivan.lovelace1456@example.com,Sales,Data Analyst,Toronto,CA,148612,10.3,true
EMP11457,Ada Nakamura,ada.nakamura1457@example.com,Engineering,QA Engineer,Nairobi,KE,153221,2.8,false
EMP11458,Zara Cerf,zara.cerf1458@example.com,Design,Customer Success,Tokyo,JP,81290,4.2,true
EMP11459,Aisha Hamilton,aisha.hamilton1459@example.com,Sales,Customer Success,Singapore,SG,105043,8.4,false
EMP11460,Radia Turing,radia.turing1460@example.com,Operations,DevOps Engineer,London,UK,119960,10.8,false
EMP11461,Noah Petrov,noah.petrov1461@example.com,Marketing,Product Manager,Dublin,IE,102913,2.6,true
EMP11462,Chen Berners-Lee,chen.berners-lee1462@example.com,Product,Customer Success,London,UK,118593,10.5,true
EMP11463,Leo Singh,leo.singh1463@example.com,Sales,Product Manager,Nairobi,KE,143401,6.8,false
EMP11464,Grace Turing,grace.turing1464@example.com,Finance,Product Manager,New York,US,155461,6.1,true
EMP11465,Alan Singh,alan.singh1465@example.com,Engineering,Marketing Lead,Paris,FR,76707,11.6,true
EMP11466,Theo Rossi,theo.rossi1466@example.com,Customer Success,Software Engineer,Amsterdam,NL,104588,5.9,true
EMP11467,Noah Kowalski,noah.kowalski1467@example.com,Engineering,Sales Rep,Singapore,SG,99945,10.9,false
EMP11468,Ivan Hopper,ivan.hopper1468@example.com,Customer Success,Sales Rep,Nairobi,KE,92404,10.6,true
EMP11469,Barbara Lovelace,barbara.lovelace1469@example.com,Design,Sales Rep,London,UK,134489,10.7,true
EMP11470,Priya Turing,priya.turing1470@example.com,Design,Marketing Lead,Amsterdam,NL,103325,3.8,false
EMP11471,Barbara Perlman,barbara.perlman1471@example.com,Product,Sales Rep,Nairobi,KE,57318,10.0,false
EMP11472,Chen Andersson,chen.andersson1472@example.com,Marketing,Product Manager,New York,US,130460,10.4,false
EMP11473,Chen Berners-Lee,chen.berners-lee1473@example.com,Sales,Software Engineer,Singapore,SG,48266,10.5,false
EMP11474,Amara Hamilton,amara.hamilton1474@example.com,Marketing,Sales Rep,Berlin,DE,149500,10.4,false
EMP11475,Omar Johnson,omar.johnson1475@example.com,Finance,Data Analyst,Dublin,IE,60268,6.4,false
EMP11476,Grace Hopper,grace.hopper1476@example.com,Engineering,Finance Analyst,New York,US,65561,0.7,false
EMP11477,Linus Petrov,linus.petrov1477@example.com,Finance,Sales Rep,Paris,FR,87154,4.3,false
EMP11478,Leo Johnson,leo.johnson1478@example.com,Customer Success,QA Engineer,Singapore,SG,108246,2.0,true
EMP11479,Radia Liskov,radia.liskov1479@example.com,Sales,Customer Success,New York,US,99820,9.7,true
EMP11480,Lucas Nakamura,lucas.nakamura1480@example.com,Sales,Marketing Lead,Amsterdam,NL,64481,9.6,true
EMP11481,Sophie Rossi,sophie.rossi1481@example.com,Engineering,Sales Rep,São Paulo,BR,70078,4.1,true
EMP11482,Katherine Berners-Lee,katherine.berners-lee1482@example.com,Customer Success,Data Analyst,New York,US,131856,11.2,true
EMP11483,Amara Müller,amara.müller1483@example.com,Product,Product Manager,Singapore,SG,126878,10.3,true
EMP11484,Nina Liskov,nina.liskov1484@example.com,Finance,Data Analyst,Paris,FR,73574,8.2,true
EMP11485,Ada Perlman,ada.perlman1485@example.com,Engineering,Marketing Lead,Sydney,AU,105974,10.4,true
EMP11486,Grace Rossi,grace.rossi1486@example.com,Design,Software Engineer,New York,US,134856,3.0,false
EMP11487,Theo Rossi,theo.rossi1487@example.com,Operations,Finance Analyst,Tokyo,JP,92183,7.3,false
EMP11488,Linus Andersson,linus.andersson1488@example.com,Marketing,QA Engineer,Nairobi,KE,77750,3.9,false
EMP11489,Zara Nakamura,zara.nakamura1489@example.com,Product,Finance Analyst,Paris,FR,99702,4.6,true
EMP11490,Leo Hopper,leo.hopper1490@example.com,Sales,Marketing Lead,London,UK,75549,4.7,false
EMP11491,Sam Okafor,sam.okafor1491@example.com,Engineering,Customer Success,Amsterdam,NL,54143,4.0,true
EMP11492,Nina Petrov,nina.petrov1492@example.com,Sales,UX Designer,Amsterdam,NL,146045,5.1,true
EMP11493,Priya Turing,priya.turing1493@example.com,Marketing,Sales Rep,Toronto,CA,79638,10.8,false
EMP11494,Sophie Petrov,sophie.petrov1494@example.com,Sales,Data Analyst,Sydney,AU,53074,10.7,true
EMP11495,Priya Singh,priya.singh1495@example.com,Operations,DevOps Engineer,Paris,FR,156184,11.3,false
EMP11496,James Petrov,james.petrov1496@example.com,Marketing,Customer Success,New York,US,123034,11.6,true
EMP11497,Sophie Okafor,sophie.okafor1497@example.com,Product,Sales Rep,Berlin,DE,90232,2.4,false
EMP11498,Chen Liskov,chen.liskov1498@example.com,Operations,DevOps Engineer,Toronto,CA,46274,0.8,false
EMP11499,Fatima Singh,fatima.singh1499@example.com,Marketing,Finance Analyst,Dublin,IE,151989,2.1,true
EMP11500,Sophie Liskov,sophie.liskov1500@example.com,Design,Customer Success,Sydney,AU,69810,10.1,true
EMP11501,Barbara Lovelace,barbara.lovelace1501@example.com,Sales,Software Engineer,Berlin,DE,113347,8.8,true
EMP11502,Margaret Berners-Lee,margaret.berners-lee1502@example.com,Marketing,UX Designer,São Paulo,BR,125645,5.3,false
EMP11503,Grace Johnson,grace.johnson1503@example.com,Design,UX Designer,London,UK,119918,3.6,false
EMP11504,Yuki Hamilton,yuki.hamilton1504@example.com,Engineering,Software Engineer,Nairobi,KE,159935,6.8,true
EMP11505,Katherine Petrov,katherine.petrov1505@example.com,Marketing,Finance Analyst,Amsterdam,NL,128103,10.9,true
EMP11506,Aisha Andersson,aisha.andersson1506@example.com,Design,DevOps Engineer,Tokyo,JP,119220,4.4,true
EMP11507,Katherine Lovelace,katherine.lovelace1507@example.com,Finance,Marketing Lead,Singapore,SG,49043,8.2,true
EMP11508,Leo Cerf,leo.cerf1508@example.com,Product,Data Analyst,Singapore,SG,143665,5.0,true
EMP11509,Maya Cerf,maya.cerf1509@example.com,Operations,Customer Success,São Paulo,BR,145592,5.4,false
EMP11510,Margaret Müller,margaret.müller1510@example.com,Marketing,Sales Rep,Amsterdam,NL,102795,7.3,true
EMP11511,Carlos Petrov,carlos.petrov1511@example.com,Product,Marketing Lead,Berlin,DE,155521,6.7,true
EMP11512,Ivan Rossi,ivan.rossi1512@example.com,Design,Marketing Lead,São Paulo,BR,124129,9.4,true
EMP11513,Omar Andersson,omar.andersson1513@example.com,Marketing,Sales Rep,Nairobi,KE,83087,2.1,false
EMP11514,Linus Cerf,linus.cerf1514@example.com,Operations,Sales Rep,Sydney,AU,70005,8.1,false
EMP11515,Noah Petrov,noah.petrov1515@example.com,Product,Data Analyst,Tokyo,JP,56196,10.4,false
EMP11516,Vint Müller,vint.müller1516@example.com,Customer Success,Customer Success,Berlin,DE,95151,5.6,false
EMP11517,Priya Cerf,priya.cerf1517@example.com,Sales,Data Analyst,Toronto,CA,71936,2.0,true
EMP11518,Zara Okafor,zara.okafor1518@example.com,Product,UX Designer,Dublin,IE,100042,6.0,true
EMP11519,Leo Torvalds,leo.torvalds1519@example.com,Design,Finance Analyst,Nairobi,KE,138147,0.4,false
EMP11520,Priya Lovelace,priya.lovelace1520@example.com,Marketing,Sales Rep,Paris,FR,134504,11.1,false
EMP11521,Vint Hopper,vint.hopper1521@example.com,Design,DevOps Engineer,Amsterdam,NL,151594,9.3,true
EMP11522,Sam Johnson,sam.johnson1522@example.com,Operations,Finance Analyst,Paris,FR,126445,7.3,true
EMP11523,Maya Silva,maya.silva1523@example.com,Engineering,Customer Success,Singapore,SG,149679,3.0,true
EMP11524,James Berners-Lee,james.berners-lee1524@example.com,Operations,Data Analyst,Amsterdam,NL,54480,4.3,true
EMP11525,Elena Chen,elena.chen1525@example.com,Engineering,Marketing Lead,São Paulo,BR,128132,8.8,true
EMP11526,Sam Singh,sam.singh1526@example.com,Sales,Product Manager,New York,US,49654,3.6,false
EMP11527,Theo Torvalds,theo.torvalds1527@example.com,Design,UX Designer,Berlin,DE,95761,2.1,true
EMP11528,Ivan Rossi,ivan.rossi1528@example.com,Product,Data Analyst,Amsterdam,NL,148456,1.0,true
EMP11529,Elena Torvalds,elena.torvalds1529@example.com,Finance,Data Analyst,Dublin,IE,149604,9.0,false
EMP11530,Lucas Johnson,lucas.johnson1530@example.com,Operations,Finance Analyst,Singapore,SG,101569,9.4,false
EMP11531,Noah Turing,noah.turing1531@example.com,Design,Sales Rep,Dublin,IE,94763,5.9,false
EMP11532,Alan Singh,alan.singh1532@example.com,Design,Sales Rep,Paris,FR,132035,8.3,false
EMP11533,Grace Hopper,grace.hopper1533@example.com,Sales,Product Manager,Amsterdam,NL,164378,1.3,true
EMP11534,Lucas Turing,lucas.turing1534@example.com,Design,Data Analyst,Nairobi,KE,151376,4.3,false
EMP11535,Leo Lovelace,leo.lovelace1535@example.com,Finance,Product Manager,Singapore,SG,105122,2.6,false
EMP11536,Elena Perlman,elena.perlman1536@example.com,Design,Customer Success,Toronto,CA,154946,3.1,false
EMP11537,Elena Andersson,elena.andersson1537@example.com,Product,Marketing Lead,Dublin,IE,110564,10.1,true
EMP11538,James Cerf,james.cerf1538@example.com,Customer Success,Data Analyst,Paris,FR,61783,0.2,true
EMP11539,Margaret Nakamura,margaret.nakamura1539@example.com,Operations,UX Designer,Paris,FR,106591,0.2,false
EMP11540,Barbara Müller,barbara.müller1540@example.com,Operations,Marketing Lead,Nairobi,KE,58269,10.9,false
EMP11541,Noah Müller,noah.müller1541@example.com,Design,Marketing Lead,São Paulo,BR,117714,9.6,true
EMP11542,Yuki Okafor,yuki.okafor1542@example.com,Sales,UX Designer,Singapore,SG,139120,11.8,true
EMP11543,Chen Silva,chen.silva1543@example.com,Sales,Sales Rep,São Paulo,BR,110730,5.0,false
EMP11544,Tim Johnson,tim.johnson1544@example.com,Product,Data Analyst,Sydney,AU,164231,8.7,false
EMP11545,Alan Lovelace,alan.lovelace1545@example.com,Product,Product Manager,Singapore,SG,114135,8.5,false
EMP11546,Elena Chen,elena.chen1546@example.com,Customer Success,UX Designer,Dublin,IE,124547,6.8,true
EMP11547,Elena Singh,elena.singh1547@example.com,Operations,UX Designer,São Paulo,BR,150035,1.9,false
EMP11548,Tim Singh,tim.singh1548@example.com,Finance,Marketing Lead,Nairobi,KE,103015,2.5,true
EMP11549,Barbara Hamilton,barbara.hamilton1549@example.com,Customer Success,Product Manager,Tokyo,JP,108674,8.1,false
EMP11550,Linus Cerf,linus.cerf1550@example.com,Operations,Data Analyst,London,UK,136754,8.9,false
EMP11551,Margaret Silva,margaret.silva1551@example.com,Finance,DevOps Engineer,Dublin,IE,108022,6.3,false
EMP11552,Noah Singh,noah.singh1552@example.com,Customer Success,Sales Rep,London,UK,77891,11.9,true
EMP11553,Linus Turing,linus.turing1553@example.com,Engineering,Sales Rep,São Paulo,BR,97668,4.7,true
EMP11554,Nina Hamilton,nina.hamilton1554@example.com,Operations,Product Manager,Singapore,SG,125653,3.6,true
EMP11555,Radia Okafor,radia.okafor1555@example.com,Engineering,Finance Analyst,Dublin,IE,122599,0.6,false
EMP11556,Maya Andersson,maya.andersson1556@example.com,Finance,Customer Success,London,UK,54401,0.7,false
EMP11557,Ivan Chen,ivan.chen1557@example.com,Customer Success,Software Engineer,Singapore,SG,71739,7.7,true
EMP11558,Yuki Hamilton,yuki.hamilton1558@example.com,Design,UX Designer,Dublin,IE,107236,3.9,false
EMP11559,Nina Cerf,nina.cerf1559@example.com,Design,Product Manager,Tokyo,JP,139368,5.0,true
EMP11560,Elena Kowalski,elena.kowalski1560@example.com,Finance,Product Manager,Toronto,CA,82124,10.3,false
EMP11561,Leo Andersson,leo.andersson1561@example.com,Operations,QA Engineer,Tokyo,JP,122990,9.0,false
EMP11562,Carlos Okafor,carlos.okafor1562@example.com,Operations,Software Engineer,Paris,FR,149510,1.7,true
EMP11563,Elena Turing,elena.turing1563@example.com,Customer Success,Sales Rep,London,UK,85075,0.5,true
EMP11564,Priya Petrov,priya.petrov1564@example.com,Product,QA Engineer,Toronto,CA,113780,4.6,false
EMP11565,Yuki Hamilton,yuki.hamilton1565@example.com,Engineering,Customer Success,Toronto,CA,109937,8.4,true
EMP11566,James Okafor,james.okafor1566@example.com,Operations,QA Engineer,London,UK,109470,11.7,false
EMP11567,Vint Rossi,vint.rossi1567@example.com,Sales,Finance Analyst,Dublin,IE,68942,1.2,true
EMP11568,Chen Nakamura,chen.nakamura1568@example.com,Design,DevOps Engineer,Toronto,CA,138828,10.7,false
EMP11569,Sam Perlman,sam.perlman1569@example.com,Customer Success,DevOps Engineer,Dublin,IE,142571,3.9,true
EMP11570,Carlos Singh,carlos.singh1570@example.com,Engineering,Product Manager,London,UK,137855,1.7,false
EMP11571,Yuki Chen,yuki.chen1571@example.com,Finance,Marketing Lead,São Paulo,BR,159878,7.2,true
EMP11572,Priya Nakamura,priya.nakamura1572@example.com,Marketing,UX Designer,Berlin,DE,157224,3.3,true
EMP11573,Leo Petrov,leo.petrov1573@example.com,Product,DevOps Engineer,Paris,FR,113535,8.1,true
EMP11574,Fatima Müller,fatima.müller1574@example.com,Finance,QA Engineer,São Paulo,BR,140509,7.8,false
EMP11575,Katherine Cerf,katherine.cerf1575@example.com,Design,Data Analyst,Dublin,IE,135702,0.9,true
EMP11576,Theo Nakamura,theo.nakamura1576@example.com,Operations,QA Engineer,Paris,FR,107771,3.3,true
EMP11577,Tim Berners-Lee,tim.berners-lee1577@example.com,Operations,Sales Rep,São Paulo,BR,108658,0.1,false
EMP11578,Barbara Cerf,barbara.cerf1578@example.com,Product,Customer Success,Amsterdam,NL,95730,6.8,true
EMP11579,Linus Müller,linus.müller1579@example.com,Marketing,Software Engineer,London,UK,115758,0.6,false
EMP11580,Margaret Andersson,margaret.andersson1580@example.com,Sales,QA Engineer,São Paulo,BR,140416,8.4,false
EMP11581,Katherine Cerf,katherine.cerf1581@example.com,Operations,Software Engineer,Berlin,DE,121898,2.6,true
EMP11582,Amara Turing,amara.turing1582@example.com,Design,Data Analyst,São Paulo,BR,64740,4.0,false
EMP11583,Linus Chen,linus.chen1583@example.com,Design,DevOps Engineer,Tokyo,JP,60634,2.0,false
EMP11584,Priya Nakamura,priya.nakamura1584@example.com,Design,Software Engineer,São Paulo,BR,100800,6.7,false
EMP11585,Omar Singh,omar.singh1585@example.com,Engineering,Product Manager,London,UK,112505,6.6,false
EMP11586,Alan Turing,alan.turing1586@example.com,Product,Product Manager,New York,US,48776,1.1,true
EMP11587,Margaret Nakamura,margaret.nakamura1587@example.com,Customer Success,QA Engineer,New York,US,159369,9.5,true
EMP11588,Lucas Petrov,lucas.petrov1588@example.com,Product,DevOps Engineer,Nairobi,KE,53469,10.7,false
EMP11589,Aisha Okafor,aisha.okafor1589@example.com,Operations,Sales Rep,Berlin,DE,83041,8.8,true
EMP11590,Maya Müller,maya.müller1590@example.com,Marketing,Finance Analyst,London,UK,135889,3.8,false
EMP11591,Ada Chen,ada.chen1591@example.com,Product,Customer Success,São Paulo,BR,93367,10.0,false
EMP11592,Barbara Johnson,barbara.johnson1592@example.com,Operations,Product Manager,Tokyo,JP,151832,9.2,true
EMP11593,Katherine Hamilton,katherine.hamilton1593@example.com,Sales,Data Analyst,Berlin,DE,84707,3.1,false
EMP11594,Linus Singh,linus.singh1594@example.com,Engineering,Product Manager,Dublin,IE,124735,3.8,false
EMP11595,Aisha Kowalski,aisha.kowalski1595@example.com,Operations,QA Engineer,Sydney,AU,152706,9.7,true
EMP11596,Zara Singh,zara.singh1596@example.com,Operations,Software Engineer,Sydney,AU,152907,0.7,false
EMP11597,Margaret Andersson,margaret.andersson1597@example.com,Marketing,DevOps Engineer,São Paulo,BR,158004,11.5,true
EMP11598,Amara Hopper,amara.hopper1598@example.com,Product,Data Analyst,São Paulo,BR,100848,0.5,false
EMP11599,Tim Müller,tim.müller1599@example.com,Sales,Finance Analyst,Nairobi,KE,139895,3.9,false
EMP11600,Alan Perlman,alan.perlman1600@example.com,Product,QA Engineer,Dublin,IE,148932,1.2,true
EMP11601,Radia Silva,radia.silva1601@example.com,Design,Data Analyst,Toronto,CA,149631,1.8,true
EMP11602,Amara Singh,amara.singh1602@example.com,Finance,Software Engineer,Singapore,SG,51444,8.3,false
EMP11603,Lucas Chen,lucas.chen1603@example.com,Product,QA Engineer,Amsterdam,NL,92462,9.4,false
EMP11604,Omar Hamilton,omar.hamilton1604@example.com,Sales,Finance Analyst,São Paulo,BR,134624,3.4,false
EMP11605,Vint Singh,vint.singh1605@example.com,Product,DevOps Engineer,São Paulo,BR,154411,4.0,false
EMP11606,Amara Lovelace,amara.lovelace1606@example.com,Customer Success,Data Analyst,Singapore,SG,123949,8.7,true
EMP11607,Chen Chen,chen.chen1607@example.com,Engineering,QA Engineer,Singapore,SG,94296,0.2,true
EMP11608,Theo Hamilton,theo.hamilton1608@example.com,Finance,Product Manager,Dublin,IE,140387,8.3,true
EMP11609,Grace Torvalds,grace.torvalds1609@example.com,Customer Success,UX Designer,New York,US,48303,6.1,true
EMP11610,Linus Torvalds,linus.torvalds1610@example.com,Design,DevOps Engineer,London,UK,98777,5.8,false
EMP11611,Priya Müller,priya.müller1611@example.com,Finance,Customer Success,São Paulo,BR,130538,6.7,false
EMP11612,Nina Lovelace,nina.lovelace1612@example.com,Marketing,Data Analyst,Dublin,IE,52422,6.1,true
EMP11613,Ada Silva,ada.silva1613@example.com,Design,Finance Analyst,Nairobi,KE,125487,8.8,false
EMP11614,Tim Berners-Lee,tim.berners-lee1614@example.com,Customer Success,QA Engineer,Toronto,CA,60132,4.1,false
EMP11615,Grace Perlman,grace.perlman1615@example.com,Sales,DevOps Engineer,Toronto,CA,148936,6.9,false
EMP11616,Maya Turing,maya.turing1616@example.com,Engineering,Software Engineer,Nairobi,KE,75571,7.8,false
EMP11617,Theo Silva,theo.silva1617@example.com,Engineering,QA Engineer,Nairobi,KE,160672,6.4,true
EMP11618,Aisha Cerf,aisha.cerf1618@example.com,Marketing,UX Designer,Singapore,SG,127026,5.9,false
EMP11619,Sophie Hopper,sophie.hopper1619@example.com,Sales,Sales Rep,Dublin,IE,162935,6.7,false
EMP11620,Radia Rossi,radia.rossi1620@example.com,Design,Customer Success,Singapore,SG,97295,8.7,false
EMP11621,Aisha Rossi,aisha.rossi1621@example.com,Sales,DevOps Engineer,Nairobi,KE,133370,1.0,true
EMP11622,Maya Okafor,maya.okafor1622@example.com,Customer Success,Sales Rep,Berlin,DE,80260,9.5,false
EMP11623,Sophie Hopper,sophie.hopper1623@example.com,Marketing,UX Designer,Dublin,IE,137528,2.7,true
EMP11624,Sophie Cerf,sophie.cerf1624@example.com,Finance,Finance Analyst,London,UK,100801,4.4,false
EMP11625,Noah Hamilton,noah.hamilton1625@example.com,Design,Marketing Lead,Dublin,IE,63513,4.1,true
EMP11626,Aisha Müller,aisha.müller1626@example.com,Engineering,Software Engineer,Tokyo,JP,121189,9.7,true
EMP11627,Leo Hamilton,leo.hamilton1627@example.com,Product,Data Analyst,Toronto,CA,107147,5.7,false
EMP11628,Sophie Perlman,sophie.perlman1628@example.com,Operations,UX Designer,Dublin,IE,59764,8.5,false
EMP11629,Tim Turing,tim.turing1629@example.com,Customer Success,Product Manager,New York,US,58395,9.2,true
EMP11630,Theo Singh,theo.singh1630@example.com,Sales,Sales Rep,São Paulo,BR,45937,6.9,false
EMP11631,Grace Silva,grace.silva1631@example.com,Customer Success,QA Engineer,Tokyo,JP,58128,2.8,true
EMP11632,Maya Torvalds,maya.torvalds1632@example.com,Finance,Customer Success,Nairobi,KE,113206,11.3,false
EMP11633,Radia Chen,radia.chen1633@example.com,Marketing,Data Analyst,Singapore,SG,63442,2.7,false
EMP11634,Zara Okafor,zara.okafor1634@example.com,Operations,DevOps Engineer,Dublin,IE,85985,3.0,false
EMP11635,Grace Müller,grace.müller1635@example.com,Marketing,Product Manager,Dublin,IE,62917,4.4,true
EMP11636,Noah Okafor,noah.okafor1636@example.com,Finance,Software Engineer,New York,US,70997,1.3,true
EMP11637,Sam Müller,sam.müller1637@example.com,Marketing,DevOps Engineer,New York,US,62346,8.9,true
EMP11638,Vint Chen,vint.chen1638@example.com,Engineering,UX Designer,Toronto,CA,63088,5.7,false
EMP11639,Katherine Chen,katherine.chen1639@example.com,Finance,DevOps Engineer,Toronto,CA,68999,1.9,false
EMP11640,Chen Hamilton,chen.hamilton1640@example.com,Operations,Data Analyst,Berlin,DE,163062,7.5,true
EMP11641,Elena Cerf,elena.cerf1641@example.com,Product,Data Analyst,Toronto,CA,83482,8.1,false
EMP11642,Tim Müller,tim.müller1642@example.com,Operations,Customer Success,Nairobi,KE,154644,2.3,true
EMP11643,Ivan Andersson,ivan.andersson1643@example.com,Customer Success,UX Designer,Toronto,CA,113258,1.4,true
EMP11644,Sam Rossi,sam.rossi1644@example.com,Product,Sales Rep,São Paulo,BR,101871,9.7,false
EMP11645,Carlos Lovelace,carlos.lovelace1645@example.com,Engineering,Finance Analyst,São Paulo,BR,118047,7.0,true
EMP11646,Nina Singh,nina.singh1646@example.com,Operations,Software Engineer,Paris,FR,53685,5.6,true
EMP11647,Sophie Turing,sophie.turing1647@example.com,Marketing,Marketing Lead,Paris,FR,143966,3.4,true
EMP11648,Grace Hopper,grace.hopper1648@example.com,Marketing,UX Designer,Sydney,AU,129191,1.1,true
EMP11649,Margaret Berners-Lee,margaret.berners-lee1649@example.com,Finance,DevOps Engineer,São Paulo,BR,121429,11.6,true
EMP11650,Margaret Petrov,margaret.petrov1650@example.com,Marketing,DevOps Engineer,Berlin,DE,147022,8.2,false
EMP11651,Zara Hopper,zara.hopper1651@example.com,Sales,DevOps Engineer,Tokyo,JP,108089,5.1,false
EMP11652,Amara Rossi,amara.rossi1652@example.com,Design,UX Designer,Sydney,AU,64824,10.2,true
EMP11653,Nina Silva,nina.silva1653@example.com,Marketing,Product Manager,Amsterdam,NL,65665,7.7,false
EMP11654,Alan Nakamura,alan.nakamura1654@example.com,Marketing,UX Designer,Toronto,CA,144588,4.1,false
EMP11655,Sophie Cerf,sophie.cerf1655@example.com,Finance,Product Manager,São Paulo,BR,96090,0.5,false
EMP11656,Linus Andersson,linus.andersson1656@example.com,Customer Success,QA Engineer,Sydney,AU,115969,6.0,true
EMP11657,Nina Andersson,nina.andersson1657@example.com,Engineering,UX Designer,Singapore,SG,80100,5.7,false
EMP11658,Barbara Müller,barbara.müller1658@example.com,Customer Success,Customer Success,Singapore,SG,88826,2.5,true
EMP11659,Katherine Turing,katherine.turing1659@example.com,Engineering,Customer Success,Tokyo,JP,152512,2.5,true
EMP11660,Leo Berners-Lee,leo.berners-lee1660@example.com,Finance,Data Analyst,New York,US,162017,11.0,false
EMP11661,Priya Hamilton,priya.hamilton1661@example.com,Product,Finance Analyst,Sydney,AU,104715,2.5,true
EMP11662,Ivan Lovelace,ivan.lovelace1662@example.com,Sales,UX Designer,Berlin,DE,57349,1.7,false
EMP11663,Aisha Hamilton,aisha.hamilton1663@example.com,Product,Software Engineer,Nairobi,KE,52240,10.8,false
EMP11664,Maya Müller,maya.müller1664@example.com,Operations,Data Analyst,Paris,FR,162926,0.1,false
EMP11665,Noah Cerf,noah.cerf1665@example.com,Marketing,UX Designer,London,UK,159356,11.1,true
EMP11666,Grace Kowalski,grace.kowalski1666@example.com,Finance,Sales Rep,Dublin,IE,88352,6.2,true
EMP11667,James Perlman,james.perlman1667@example.com,Sales,Sales Rep,Singapore,SG,65402,1.8,true
EMP11668,Sam Torvalds,sam.torvalds1668@example.com,Sales,Sales Rep,Singapore,SG,81176,9.3,false
EMP11669,Barbara Rossi,barbara.rossi1669@example.com,Marketing,Sales Rep,Nairobi,KE,92145,8.3,true
EMP11670,Ada Okafor,ada.okafor1670@example.com,Customer Success,Software Engineer,Toronto,CA,106278,10.8,true
EMP11671,Sophie Petrov,sophie.petrov1671@example.com,Product,Sales Rep,Singapore,SG,69212,7.9,true
EMP11672,Zara Silva,zara.silva1672@example.com,Design,Sales Rep,Amsterdam,NL,124431,1.5,true
EMP11673,Radia Hamilton,radia.hamilton1673@example.com,Finance,Sales Rep,London,UK,64183,5.4,true
EMP11674,James Hopper,james.hopper1674@example.com,Engineering,Data Analyst,Amsterdam,NL,62732,9.3,true
EMP11675,Zara Kowalski,zara.kowalski1675@example.com,Engineering,Marketing Lead,Toronto,CA,92886,11.2,true
EMP11676,Margaret Hamilton,margaret.hamilton1676@example.com,Design,DevOps Engineer,Amsterdam,NL,112187,3.8,true
EMP11677,Leo Turing,leo.turing1677@example.com,Customer Success,Customer Success,Amsterdam,NL,106697,6.1,false
EMP11678,Radia Liskov,radia.liskov1678@example.com,Customer Success,UX Designer,London,UK,115790,4.8,false
EMP11679,Carlos Nakamura,carlos.nakamura1679@example.com,Operations,Software Engineer,Amsterdam,NL,133579,2.3,false
EMP11680,Leo Perlman,leo.perlman1680@example.com,Finance,Marketing Lead,Amsterdam,NL,152781,1.7,true
EMP11681,Radia Singh,radia.singh1681@example.com,Product,Finance Analyst,Amsterdam,NL,120592,6.9,false
EMP11682,Nina Okafor,nina.okafor1682@example.com,Product,Product Manager,London,UK,70318,11.9,false
EMP11683,Noah Hamilton,noah.hamilton1683@example.com,Sales,Finance Analyst,Berlin,DE,80625,11.7,false
EMP11684,Aisha Hopper,aisha.hopper1684@example.com,Sales,DevOps Engineer,Paris,FR,51386,5.2,false
EMP11685,Margaret Müller,margaret.müller1685@example.com,Sales,Sales Rep,Sydney,AU,85951,3.7,false
EMP11686,Fatima Silva,fatima.silva1686@example.com,Operations,DevOps Engineer,Amsterdam,NL,89401,6.8,false
EMP11687,Katherine Andersson,katherine.andersson1687@example.com,Sales,Sales Rep,Paris,FR,112554,9.1,true
EMP11688,Fatima Rossi,fatima.rossi1688@example.com,Engineering,Finance Analyst,Paris,FR,144668,2.3,true
EMP11689,Lucas Müller,lucas.müller1689@example.com,Marketing,DevOps Engineer,Dublin,IE,139973,6.3,true
EMP11690,Elena Okafor,elena.okafor1690@example.com,Design,QA Engineer,Sydney,AU,154435,8.5,true
EMP11691,Ivan Berners-Lee,ivan.berners-lee1691@example.com,Customer Success,Product Manager,Sydney,AU,87068,0.3,true
EMP11692,Sam Perlman,sam.perlman1692@example.com,Operations,UX Designer,London,UK,141124,5.7,false
EMP11693,Grace Berners-Lee,grace.berners-lee1693@example.com,Operations,Software Engineer,Amsterdam,NL,71073,11.5,true
EMP11694,Margaret Johnson,margaret.johnson1694@example.com,Customer Success,Customer Success,Nairobi,KE,146333,2.5,false
EMP11695,Radia Hopper,radia.hopper1695@example.com,Design,Customer Success,Tokyo,JP,153043,4.1,false
EMP11696,Lucas Liskov,lucas.liskov1696@example.com,Finance,Software Engineer,Tokyo,JP,83271,6.0,true
EMP11697,Linus Nakamura,linus.nakamura1697@example.com,Product,Marketing Lead,Berlin,DE,140983,10.9,true
EMP11698,Priya Hopper,priya.hopper1698@example.com,Marketing,Marketing Lead,São Paulo,BR,53533,6.4,true
EMP11699,Yuki Nakamura,yuki.nakamura1699@example.com,Customer Success,Data Analyst,Nairobi,KE,155911,11.7,true
EMP11700,Chen Johnson,chen.johnson1700@example.com,Design,Finance Analyst,Toronto,CA,98265,5.4,true
EMP11701,Sam Lovelace,sam.lovelace1701@example.com,Marketing,Sales Rep,Amsterdam,NL,149891,9.7,false
EMP11702,Nina Perlman,nina.perlman1702@example.com,Finance,DevOps Engineer,Paris,FR,95964,10.1,true
EMP11703,Leo Petrov,leo.petrov1703@example.com,Product,Product Manager,Paris,FR,104175,5.5,false
EMP11704,Amara Johnson,amara.johnson1704@example.com,Finance,QA Engineer,Amsterdam,NL,156603,10.4,true
EMP11705,Linus Müller,linus.müller1705@example.com,Finance,Product Manager,New York,US,108252,0.4,true
EMP11706,Vint Johnson,vint.johnson1706@example.com,Customer Success,Sales Rep,Paris,FR,155988,1.5,true
EMP11707,Leo Perlman,leo.perlman1707@example.com,Sales,Data Analyst,Paris,FR,97609,6.0,true
EMP11708,Grace Torvalds,grace.torvalds1708@example.com,Design,DevOps Engineer,Amsterdam,NL,129119,5.9,true
EMP11709,Nina Rossi,nina.rossi1709@example.com,Marketing,Data Analyst,Nairobi,KE,140086,7.3,false
EMP11710,Alan Perlman,alan.perlman1710@example.com,Operations,DevOps Engineer,London,UK,87886,4.4,true
EMP11711,Ivan Lovelace,ivan.lovelace1711@example.com,Customer Success,Finance Analyst,Tokyo,JP,158766,2.0,true
EMP11712,Sophie Silva,sophie.silva1712@example.com,Engineering,Customer Success,Nairobi,KE,70744,7.0,true
EMP11713,Theo Hamilton,theo.hamilton1713@example.com,Sales,Software Engineer,Dublin,IE,71971,0.6,true
EMP11714,Ivan Silva,ivan.silva1714@example.com,Finance,DevOps Engineer,New York,US,64341,8.7,false
EMP11715,Sam Nakamura,sam.nakamura1715@example.com,Design,QA Engineer,New York,US,129699,9.7,true
EMP11716,Zara Berners-Lee,zara.berners-lee1716@example.com,Sales,Data Analyst,Tokyo,JP,134753,5.1,true
EMP11717,Theo Perlman,theo.perlman1717@example.com,Design,QA Engineer,London,UK,97780,2.9,true
EMP11718,Alan Cerf,alan.cerf1718@example.com,Design,Data Analyst,London,UK,90837,2.5,true
EMP11719,Noah Lovelace,noah.lovelace1719@example.com,Engineering,Product Manager,Toronto,CA,105160,10.1,true
EMP11720,Lucas Silva,lucas.silva1720@example.com,Product,Product Manager,Paris,FR,153341,8.3,true
EMP11721,Linus Hamilton,linus.hamilton1721@example.com,Marketing,QA Engineer,Tokyo,JP,78629,1.7,true
EMP11722,Sam Perlman,sam.perlman1722@example.com,Product,Marketing Lead,Nairobi,KE,134180,6.0,true
EMP11723,Aisha Nakamura,aisha.nakamura1723@example.com,Product,DevOps Engineer,Berlin,DE,65987,5.7,false
EMP11724,Ivan Singh,ivan.singh1724@example.com,Operations,Software Engineer,Sydney,AU,107619,5.1,true
EMP11725,Carlos Liskov,carlos.liskov1725@example.com,Finance,UX Designer,New York,US,158379,3.8,true
EMP11726,Alan Cerf,alan.cerf1726@example.com,Product,Software Engineer,Berlin,DE,94447,7.8,true
EMP11727,Zara Liskov,zara.liskov1727@example.com,Engineering,Sales Rep,New York,US,82108,3.9,true
EMP11728,Ada Lovelace,ada.lovelace1728@example.com,Marketing,Data Analyst,Nairobi,KE,135765,1.5,false
EMP11729,Barbara Okafor,barbara.okafor1729@example.com,Finance,Data Analyst,New York,US,123177,3.7,false
EMP11730,James Torvalds,james.torvalds1730@example.com,Engineering,Finance Analyst,Amsterdam,NL,64949,2.6,false
EMP11731,Amara Andersson,amara.andersson1731@example.com,Design,UX Designer,Tokyo,JP,67218,9.0,true
EMP11732,Carlos Nakamura,carlos.nakamura1732@example.com,Operations,Software Engineer,Amsterdam,NL,123321,6.6,false
EMP11733,Radia Cerf,radia.cerf1733@example.com,Customer Success,Data Analyst,Berlin,DE,110044,0.7,true
EMP11734,Maya Chen,maya.chen1734@example.com,Product,Product Manager,Paris,FR,60827,4.5,false
EMP11735,Margaret Liskov,margaret.liskov1735@example.com,Sales,Software Engineer,Paris,FR,159703,9.0,false
EMP11736,Katherine Perlman,katherine.perlman1736@example.com,Product,Sales Rep,London,UK,57020,10.5,true
EMP11737,Vint Turing,vint.turing1737@example.com,Design,Data Analyst,New York,US,131583,1.6,true
EMP11738,Grace Rossi,grace.rossi1738@example.com,Engineering,Sales Rep,Nairobi,KE,135411,1.4,true
EMP11739,Nina Rossi,nina.rossi1739@example.com,Operations,DevOps Engineer,Dublin,IE,99840,10.3,false
EMP11740,Lucas Andersson,lucas.andersson1740@example.com,Sales,DevOps Engineer,London,UK,119891,9.4,true
EMP11741,Priya Torvalds,priya.torvalds1741@example.com,Sales,DevOps Engineer,São Paulo,BR,116276,2.8,false
EMP11742,Lucas Cerf,lucas.cerf1742@example.com,Engineering,Customer Success,Singapore,SG,89777,5.3,false
EMP11743,Alan Silva,alan.silva1743@example.com,Product,QA Engineer,Amsterdam,NL,88825,4.9,false
EMP11744,Barbara Torvalds,barbara.torvalds1744@example.com,Design,DevOps Engineer,Berlin,DE,147138,4.7,false
EMP11745,Linus Johnson,linus.johnson1745@example.com,Product,QA Engineer,Paris,FR,114856,7.1,false
EMP11746,Ada Rossi,ada.rossi1746@example.com,Sales,Product Manager,Singapore,SG,95848,2.4,true
EMP11747,Grace Müller,grace.müller1747@example.com,Finance,Product Manager,Berlin,DE,47554,9.8,true
EMP11748,Barbara Lovelace,barbara.lovelace1748@example.com,Customer Success,Product Manager,New York,US,54212,5.4,true
EMP11749,Fatima Johnson,fatima.johnson1749@example.com,Product,Customer Success,London,UK,152483,7.4,false
EMP11750,Linus Perlman,linus.perlman1750@example.com,Design,DevOps Engineer,São Paulo,BR,148434,5.7,false
EMP11751,Yuki Berners-Lee,yuki.berners-lee1751@example.com,Finance,Marketing Lead,Sydney,AU,160303,9.9,true
EMP11752,Radia Johnson,radia.johnson1752@example.com,Operations,Product Manager,Dublin,IE,154956,6.2,false
EMP11753,Ivan Kowalski,ivan.kowalski1753@example.com,Engineering,Marketing Lead,Toronto,CA,76693,9.5,false
EMP11754,Linus Turing,linus.turing1754@example.com,Engineering,Customer Success,Singapore,SG,91481,7.5,true
EMP11755,Barbara Nakamura,barbara.nakamura1755@example.com,Finance,Marketing Lead,Singapore,SG,89526,8.2,false
EMP11756,Grace Turing,grace.turing1756@example.com,Marketing,Product Manager,Sydney,AU,161586,8.0,false
EMP11757,Grace Müller,grace.müller1757@example.com,Customer Success,QA Engineer,São Paulo,BR,107340,5.5,true
EMP11758,Grace Hopper,grace.hopper1758@example.com,Customer Success,UX Designer,São Paulo,BR,99396,9.3,true
EMP11759,Fatima Rossi,fatima.rossi1759@example.com,Marketing,UX Designer,Dublin,IE,86087,11.0,true
EMP11760,Theo Kowalski,theo.kowalski1760@example.com,Engineering,Data Analyst,Berlin,DE,115703,5.6,false
EMP11761,Lucas Turing,lucas.turing1761@example.com,Marketing,DevOps Engineer,Berlin,DE,140623,0.9,true
EMP11762,Sophie Torvalds,sophie.torvalds1762@example.com,Engineering,Finance Analyst,Nairobi,KE,59114,1.8,false
EMP11763,Nina Hopper,nina.hopper1763@example.com,Sales,Sales Rep,Amsterdam,NL,97444,2.1,false
EMP11764,Ivan Hamilton,ivan.hamilton1764@example.com,Design,DevOps Engineer,Amsterdam,NL,161593,3.3,true
EMP11765,Theo Rossi,theo.rossi1765@example.com,Finance,Marketing Lead,Singapore,SG,79075,4.4,false
EMP11766,Alan Singh,alan.singh1766@example.com,Sales,Finance Analyst,Berlin,DE,65335,10.7,false
EMP11767,Margaret Singh,margaret.singh1767@example.com,Customer Success,QA Engineer,Nairobi,KE,88584,8.3,false
EMP11768,James Petrov,james.petrov1768@example.com,Product,Data Analyst,Dublin,IE,66324,10.1,true
EMP11769,Grace Okafor,grace.okafor1769@example.com,Customer Success,QA Engineer,Dublin,IE,90342,11.2,true
EMP11770,Nina Liskov,nina.liskov1770@example.com,Operations,DevOps Engineer,London,UK,71110,7.5,true
EMP11771,Noah Petrov,noah.petrov1771@example.com,Operations,Software Engineer,Berlin,DE,107312,7.8,false
EMP11772,Amara Perlman,amara.perlman1772@example.com,Customer Success,Finance Analyst,Tokyo,JP,130647,9.8,false
EMP11773,Tim Perlman,tim.perlman1773@example.com,Marketing,DevOps Engineer,Paris,FR,117633,10.8,true
EMP11774,Linus Hamilton,linus.hamilton1774@example.com,Engineering,Data Analyst,Paris,FR,142503,5.7,true
EMP11775,Omar Perlman,omar.perlman1775@example.com,Product,Data Analyst,Amsterdam,NL,116500,5.2,true
EMP11776,Fatima Perlman,fatima.perlman1776@example.com,Customer Success,DevOps Engineer,Singapore,SG,70027,3.3,false
EMP11777,Sam Silva,sam.silva1777@example.com,Product,Product Manager,São Paulo,BR,154390,6.7,true
EMP11778,Maya Perlman,maya.perlman1778@example.com,Marketing,Software Engineer,Paris,FR,158852,4.4,false
EMP11779,Maya Lovelace,maya.lovelace1779@example.com,Product,Finance Analyst,Toronto,CA,71019,9.7,false
EMP11780,Linus Hamilton,linus.hamilton1780@example.com,Sales,QA Engineer,Tokyo,JP,58351,6.8,false
EMP11781,Grace Müller,grace.müller1781@example.com,Design,UX Designer,Dublin,IE,155269,3.0,false
EMP11782,Ada Okafor,ada.okafor1782@example.com,Sales,Customer Success,São Paulo,BR,140922,7.4,true
EMP11783,Linus Perlman,linus.perlman1783@example.com,Operations,Customer Success,Tokyo,JP,108786,2.5,true
EMP11784,James Andersson,james.andersson1784@example.com,Customer Success,Customer Success,London,UK,66180,7.4,false
EMP11785,Chen Andersson,chen.andersson1785@example.com,Marketing,Customer Success,New York,US,115287,0.1,false
EMP11786,Alan Okafor,alan.okafor1786@example.com,Finance,Marketing Lead,Sydney,AU,80937,4.8,true
EMP11787,Zara Berners-Lee,zara.berners-lee1787@example.com,Sales,Software Engineer,Amsterdam,NL,49875,5.0,false
EMP11788,Vint Petrov,vint.petrov1788@example.com,Marketing,Customer Success,London,UK,107765,0.7,true
EMP11789,Noah Hopper,noah.hopper1789@example.com,Product,Finance Analyst,Toronto,CA,63468,7.4,false
EMP11790,Lucas Singh,lucas.singh1790@example.com,Sales,Marketing Lead,Tokyo,JP,109041,9.3,true
EMP11791,Noah Lovelace,noah.lovelace1791@example.com,Operations,Software Engineer,Toronto,CA,59872,2.9,true
EMP11792,Radia Petrov,radia.petrov1792@example.com,Engineering,DevOps Engineer,Dublin,IE,122610,1.3,true
EMP11793,Nina Silva,nina.silva1793@example.com,Operations,Software Engineer,Singapore,SG,148011,4.0,false
EMP11794,Radia Johnson,radia.johnson1794@example.com,Engineering,Product Manager,London,UK,108961,8.9,true
EMP11795,Priya Berners-Lee,priya.berners-lee1795@example.com,Customer Success,QA Engineer,Berlin,DE,108722,6.2,true
EMP11796,Chen Lovelace,chen.lovelace1796@example.com,Design,Product Manager,Tokyo,JP,62541,0.9,true
EMP11797,Theo Andersson,theo.andersson1797@example.com,Finance,Finance Analyst,Paris,FR,128974,10.9,true
EMP11798,Fatima Nakamura,fatima.nakamura1798@example.com,Engineering,Marketing Lead,Dublin,IE,46900,7.4,false
EMP11799,Alan Rossi,alan.rossi1799@example.com,Operations,Product Manager,Sydney,AU,145715,3.0,false
EMP11800,Fatima Chen,fatima.chen1800@example.com,Marketing,QA Engineer,São Paulo,BR,136456,9.5,false
EMP11801,Chen Andersson,chen.andersson1801@example.com,Product,Software Engineer,Nairobi,KE,90782,2.4,false
EMP11802,Ada Okafor,ada.okafor1802@example.com,Marketing,Marketing Lead,Tokyo,JP,155320,3.4,true
EMP11803,Leo Perlman,leo.perlman1803@example.com,Product,Software Engineer,London,UK,106750,8.7,true
EMP11804,Barbara Okafor,barbara.okafor1804@example.com,Customer Success,Data Analyst,Dublin,IE,158886,2.7,true
EMP11805,Theo Silva,theo.silva1805@example.com,Design,Sales Rep,Nairobi,KE,104601,10.0,false
EMP11806,Zara Torvalds,zara.torvalds1806@example.com,Sales,Finance Analyst,São Paulo,BR,94207,1.6,true
EMP11807,Lucas Kowalski,lucas.kowalski1807@example.com,Design,Marketing Lead,London,UK,57900,3.8,true
EMP11808,Lucas Torvalds,lucas.torvalds1808@example.com,Design,Product Manager,Amsterdam,NL,164375,5.0,false
EMP11809,Katherine Petrov,katherine.petrov1809@example.com,Finance,Customer Success,New York,US,53293,2.3,true
EMP11810,James Andersson,james.andersson1810@example.com,Operations,Customer Success,New York,US,57417,0.4,false
EMP11811,Margaret Cerf,margaret.cerf1811@example.com,Customer Success,Software Engineer,Nairobi,KE,69639,3.8,true
EMP11812,Sophie Cerf,sophie.cerf1812@example.com,Product,Data Analyst,Berlin,DE,137347,10.5,false
EMP11813,Elena Müller,elena.müller1813@example.com,Product,DevOps Engineer,Dublin,IE,79319,3.6,true
EMP11814,James Petrov,james.petrov1814@example.com,Operations,Finance Analyst,Singapore,SG,116908,3.6,true
EMP11815,Leo Chen,leo.chen1815@example.com,Design,Marketing Lead,Berlin,DE,138172,11.5,true
EMP11816,Katherine Lovelace,katherine.lovelace1816@example.com,Operations,DevOps Engineer,Nairobi,KE,101996,4.2,true
EMP11817,Omar Okafor,omar.okafor1817@example.com,Engineering,Product Manager,Tokyo,JP,130747,11.4,true
EMP11818,Ada Singh,ada.singh1818@example.com,Finance,QA Engineer,Paris,FR,130410,2.0,true
EMP11819,Grace Cerf,grace.cerf1819@example.com,Engineering,DevOps Engineer,Berlin,DE,65935,1.8,false
EMP11820,Lucas Lovelace,lucas.lovelace1820@example.com,Design,Customer Success,Toronto,CA,83813,6.0,false
EMP11821,Grace Turing,grace.turing1821@example.com,Finance,Marketing Lead,Tokyo,JP,63062,3.5,true
EMP11822,Fatima Müller,fatima.müller1822@example.com,Design,Software Engineer,Tokyo,JP,155891,0.3,false
EMP11823,Leo Kowalski,leo.kowalski1823@example.com,Operations,QA Engineer,Nairobi,KE,63982,0.8,true
EMP11824,Tim Nakamura,tim.nakamura1824@example.com,Marketing,DevOps Engineer,Singapore,SG,131681,4.5,true
EMP11825,Katherine Lovelace,katherine.lovelace1825@example.com,Product,Product Manager,Berlin,DE,48534,6.8,false
EMP11826,Ivan Chen,ivan.chen1826@example.com,Sales,QA Engineer,Paris,FR,109610,1.4,false
EMP11827,Leo Andersson,leo.andersson1827@example.com,Design,Software Engineer,Dublin,IE,113275,8.9,true
EMP11828,Lucas Rossi,lucas.rossi1828@example.com,Operations,Finance Analyst,Singapore,SG,70157,3.0,true
EMP11829,Tim Rossi,tim.rossi1829@example.com,Engineering,Marketing Lead,Toronto,CA,79754,1.7,true
EMP11830,Katherine Petrov,katherine.petrov1830@example.com,Engineering,Data Analyst,Sydney,AU,106091,5.7,false
EMP11831,Lucas Okafor,lucas.okafor1831@example.com,Sales,Data Analyst,London,UK,99813,10.6,true
EMP11832,Sophie Petrov,sophie.petrov1832@example.com,Finance,Sales Rep,Tokyo,JP,85768,8.7,false
EMP11833,Fatima Lovelace,fatima.lovelace1833@example.com,Design,Software Engineer,New York,US,47478,2.5,true
EMP11834,Zara Andersson,zara.andersson1834@example.com,Product,Finance Analyst,Nairobi,KE,105373,8.8,false
EMP11835,Lucas Nakamura,lucas.nakamura1835@example.com,Customer Success,DevOps Engineer,Sydney,AU,159568,11.4,true
EMP11836,Fatima Kowalski,fatima.kowalski1836@example.com,Customer Success,Software Engineer,Paris,FR,70843,9.6,true
EMP11837,Alan Rossi,alan.rossi1837@example.com,Engineering,DevOps Engineer,Tokyo,JP,158105,1.1,true
EMP11838,Noah Cerf,noah.cerf1838@example.com,Design,Finance Analyst,Paris,FR,145945,4.9,false
EMP11839,Priya Berners-Lee,priya.berners-lee1839@example.com,Operations,UX Designer,London,UK,156704,6.6,true
EMP11840,Margaret Berners-Lee,margaret.berners-lee1840@example.com,Customer Success,Sales Rep,New York,US,75228,9.5,false
EMP11841,Leo Perlman,leo.perlman1841@example.com,Operations,Sales Rep,Singapore,SG,156403,6.0,false
EMP11842,Margaret Torvalds,margaret.torvalds1842@example.com,Product,QA Engineer,Paris,FR,145472,3.4,false
EMP11843,Aisha Perlman,aisha.perlman1843@example.com,Design,Finance Analyst,São Paulo,BR,123566,4.3,false
EMP11844,Maya Petrov,maya.petrov1844@example.com,Customer Success,UX Designer,Sydney,AU,148420,10.1,true
EMP11845,Sophie Lovelace,sophie.lovelace1845@example.com,Customer Success,DevOps Engineer,Dublin,IE,54426,2.3,true
EMP11846,Leo Silva,leo.silva1846@example.com,Marketing,DevOps Engineer,Nairobi,KE,77553,1.5,false
EMP11847,Chen Hamilton,chen.hamilton1847@example.com,Engineering,Product Manager,São Paulo,BR,162161,9.0,true
EMP11848,Aisha Berners-Lee,aisha.berners-lee1848@example.com,Design,UX Designer,New York,US,133901,8.9,true
EMP11849,Yuki Torvalds,yuki.torvalds1849@example.com,Design,Customer Success,Berlin,DE,110736,11.7,false
EMP11850,Maya Hopper,maya.hopper1850@example.com,Design,Sales Rep,Nairobi,KE,48976,0.7,false
EMP11851,Margaret Hopper,margaret.hopper1851@example.com,Product,Software Engineer,Dublin,IE,143926,10.0,false
EMP11852,Katherine Lovelace,katherine.lovelace1852@example.com,Operations,Marketing Lead,Dublin,IE,135044,7.7,false
EMP11853,Radia Hamilton,radia.hamilton1853@example.com,Finance,UX Designer,Tokyo,JP,132109,7.7,false
EMP11854,Radia Nakamura,radia.nakamura1854@example.com,Marketing,Product Manager,São Paulo,BR,60246,5.3,false
EMP11855,Carlos Silva,carlos.silva1855@example.com,Design,Customer Success,Berlin,DE,139334,8.0,true
EMP11856,Theo Liskov,theo.liskov1856@example.com,Sales,Sales Rep,São Paulo,BR,123908,1.1,false
EMP11857,Theo Berners-Lee,theo.berners-lee1857@example.com,Sales,Customer Success,São Paulo,BR,164064,0.6,false
EMP11858,Amara Turing,amara.turing1858@example.com,Product,Customer Success,Singapore,SG,52020,6.9,true
EMP11859,Aisha Silva,aisha.silva1859@example.com,Customer Success,QA Engineer,Toronto,CA,136983,1.6,false
EMP11860,Sam Chen,sam.chen1860@example.com,Sales,Marketing Lead,Nairobi,KE,157760,0.1,true
EMP11861,Barbara Johnson,barbara.johnson1861@example.com,Design,UX Designer,London,UK,73732,10.2,true
EMP11862,Fatima Nakamura,fatima.nakamura1862@example.com,Product,Data Analyst,Toronto,CA,96394,10.6,true
EMP11863,Elena Silva,elena.silva1863@example.com,Engineering,UX Designer,Nairobi,KE,117329,7.1,true
EMP11864,Yuki Torvalds,yuki.torvalds1864@example.com,Finance,DevOps Engineer,São Paulo,BR,121273,0.2,true
EMP11865,Priya Chen,priya.chen1865@example.com,Product,Sales Rep,Amsterdam,NL,114165,6.2,false
EMP11866,Margaret Rossi,margaret.rossi1866@example.com,Sales,Data Analyst,Nairobi,KE,123749,0.4,true
EMP11867,Aisha Turing,aisha.turing1867@example.com,Customer Success,QA Engineer,Paris,FR,80592,0.1,false
EMP11868,Sam Liskov,sam.liskov1868@example.com,Operations,Software Engineer,Toronto,CA,160447,2.6,true
EMP11869,Carlos Silva,carlos.silva1869@example.com,Operations,DevOps Engineer,New York,US,108381,3.5,true
EMP11870,Maya Silva,maya.silva1870@example.com,Design,UX Designer,Singapore,SG,63685,6.3,true
EMP11871,Linus Silva,linus.silva1871@example.com,Finance,Product Manager,Tokyo,JP,71056,0.3,false
EMP11872,Sam Petrov,sam.petrov1872@example.com,Design,Software Engineer,Dublin,IE,137143,10.2,true
EMP11873,Omar Singh,omar.singh1873@example.com,Sales,Data Analyst,Singapore,SG,160409,6.4,false
EMP11874,Maya Andersson,maya.andersson1874@example.com,Design,Data Analyst,Sydney,AU,113297,5.2,false
EMP11875,Linus Müller,linus.müller1875@example.com,Finance,UX Designer,Sydney,AU,121151,3.2,false
EMP11876,Vint Berners-Lee,vint.berners-lee1876@example.com,Marketing,UX Designer,Berlin,DE,140498,3.5,true
EMP11877,Chen Perlman,chen.perlman1877@example.com,Design,Sales Rep,Toronto,CA,143951,9.2,true
EMP11878,Priya Torvalds,priya.torvalds1878@example.com,Marketing,DevOps Engineer,Toronto,CA,118532,2.5,false
EMP11879,Katherine Lovelace,katherine.lovelace1879@example.com,Marketing,QA Engineer,Sydney,AU,130940,10.4,false
EMP11880,Ada Turing,ada.turing1880@example.com,Sales,Marketing Lead,Singapore,SG,109269,9.4,true
EMP11881,Fatima Nakamura,fatima.nakamura1881@example.com,Customer Success,Sales Rep,Amsterdam,NL,97974,8.9,true
EMP11882,Maya Silva,maya.silva1882@example.com,Marketing,QA Engineer,Tokyo,JP,136320,8.3,false
EMP11883,Theo Johnson,theo.johnson1883@example.com,Operations,Data Analyst,London,UK,105033,6.2,false
EMP11884,Sophie Chen,sophie.chen1884@example.com,Design,Sales Rep,London,UK,84761,5.7,true
EMP11885,Radia Turing,radia.turing1885@example.com,Finance,DevOps Engineer,Toronto,CA,148548,1.9,true
EMP11886,Ada Petrov,ada.petrov1886@example.com,Customer Success,Marketing Lead,Dublin,IE,120184,5.2,false
EMP11887,Sam Petrov,sam.petrov1887@example.com,Product,UX Designer,Sydney,AU,84246,2.7,false
EMP11888,Carlos Liskov,carlos.liskov1888@example.com,Operations,Sales Rep,Amsterdam,NL,142885,2.0,false
EMP11889,Carlos Rossi,carlos.rossi1889@example.com,Finance,UX Designer,Dublin,IE,103518,6.6,false
EMP11890,Katherine Berners-Lee,katherine.berners-lee1890@example.com,Marketing,QA Engineer,London,UK,126542,5.9,false
EMP11891,Elena Liskov,elena.liskov1891@example.com,Marketing,Finance Analyst,London,UK,90694,11.0,true
EMP11892,Omar Müller,omar.müller1892@example.com,Customer Success,Data Analyst,Berlin,DE,143220,11.3,true
EMP11893,Alan Okafor,alan.okafor1893@example.com,Customer Success,Sales Rep,Nairobi,KE,90006,11.6,true
EMP11894,Amara Hamilton,amara.hamilton1894@example.com,Product,UX Designer,Amsterdam,NL,98118,1.7,true
EMP11895,Sam Liskov,sam.liskov1895@example.com,Operations,Marketing Lead,Dublin,IE,124769,2.6,true
EMP11896,Fatima Torvalds,fatima.torvalds1896@example.com,Customer Success,Software Engineer,Singapore,SG,64787,7.5,false
EMP11897,Fatima Nakamura,fatima.nakamura1897@example.com,Design,Sales Rep,Nairobi,KE,71443,10.2,true
EMP11898,Barbara Turing,barbara.turing1898@example.com,Customer Success,Software Engineer,Tokyo,JP,70294,8.3,false
EMP11899,Noah Chen,noah.chen1899@example.com,Marketing,Data Analyst,New York,US,68151,0.2,true
EMP11900,Alan Rossi,alan.rossi1900@example.com,Finance,Marketing Lead,London,UK,108760,2.8,false
EMP11901,Fatima Chen,fatima.chen1901@example.com,Sales,Marketing Lead,Berlin,DE,145830,7.7,false
EMP11902,Aisha Petrov,aisha.petrov1902@example.com,Product,Data Analyst,Dublin,IE,88808,4.1,false
EMP11903,Chen Silva,chen.silva1903@example.com,Marketing,Software Engineer,Tokyo,JP,45420,6.2,true
EMP11904,Theo Hopper,theo.hopper1904@example.com,Design,Data Analyst,Sydney,AU,67013,3.2,false
EMP11905,Priya Singh,priya.singh1905@example.com,Finance,Data Analyst,Amsterdam,NL,125464,6.4,false
EMP11906,Vint Okafor,vint.okafor1906@example.com,Sales,Customer Success,Tokyo,JP,71139,5.5,true
EMP11907,Katherine Hopper,katherine.hopper1907@example.com,Marketing,Marketing Lead,Amsterdam,NL,97417,0.3,true
EMP11908,Alan Hopper,alan.hopper1908@example.com,Operations,Marketing Lead,Amsterdam,NL,69985,7.7,true
EMP11909,Linus Rossi,linus.rossi1909@example.com,Marketing,Data Analyst,Dublin,IE,80401,10.8,true
EMP11910,Tim Silva,tim.silva1910@example.com,Operations,Finance Analyst,Sydney,AU,115241,6.6,true
EMP11911,Lucas Hamilton,lucas.hamilton1911@example.com,Sales,QA Engineer,London,UK,66488,10.8,true
EMP11912,Margaret Lovelace,margaret.lovelace1912@example.com,Operations,QA Engineer,Singapore,SG,89646,3.7,false
EMP11913,Elena Hopper,elena.hopper1913@example.com,Marketing,Marketing Lead,London,UK,91372,8.2,false
EMP11914,Grace Johnson,grace.johnson1914@example.com,Engineering,Customer Success,Berlin,DE,105140,0.4,false
EMP11915,Katherine Johnson,katherine.johnson1915@example.com,Sales,Customer Success,Dublin,IE,99894,0.9,true
EMP11916,Ada Andersson,ada.andersson1916@example.com,Engineering,Data Analyst,Tokyo,JP,93690,2.3,true
EMP11917,Zara Petrov,zara.petrov1917@example.com,Engineering,Software Engineer,Paris,FR,150715,8.7,false
EMP11918,Leo Hopper,leo.hopper1918@example.com,Finance,UX Designer,Paris,FR,148068,6.7,false
EMP11919,Alan Müller,alan.müller1919@example.com,Design,Customer Success,Dublin,IE,85869,9.7,false
EMP11920,Barbara Petrov,barbara.petrov1920@example.com,Finance,Finance Analyst,Toronto,CA,48798,8.7,false
EMP11921,Chen Berners-Lee,chen.berners-lee1921@example.com,Design,Data Analyst,Tokyo,JP,146021,6.5,false
EMP11922,Elena Singh,elena.singh1922@example.com,Customer Success,UX Designer,São Paulo,BR,114319,7.3,true
EMP11923,James Nakamura,james.nakamura1923@example.com,Marketing,Data Analyst,Berlin,DE,124727,4.2,false
EMP11924,Leo Kowalski,leo.kowalski1924@example.com,Sales,Data Analyst,Dublin,IE,116290,7.8,true
EMP11925,Lucas Andersson,lucas.andersson1925@example.com,Customer Success,Sales Rep,Dublin,IE,112180,5.6,false
EMP11926,Leo Petrov,leo.petrov1926@example.com,Sales,Marketing Lead,São Paulo,BR,135199,7.2,false
EMP11927,Omar Kowalski,omar.kowalski1927@example.com,Engineering,Customer Success,Paris,FR,87252,8.9,false
EMP11928,Priya Okafor,priya.okafor1928@example.com,Product,Sales Rep,Berlin,DE,156960,10.8,false
EMP11929,Noah Silva,noah.silva1929@example.com,Finance,DevOps Engineer,Paris,FR,158569,11.1,true
EMP11930,Katherine Hopper,katherine.hopper1930@example.com,Product,Data Analyst,Sydney,AU,111278,3.4,true
EMP11931,Yuki Nakamura,yuki.nakamura1931@example.com,Product,Software Engineer,Toronto,CA,65573,1.8,true
EMP11932,Sophie Kowalski,sophie.kowalski1932@example.com,Customer Success,Finance Analyst,Tokyo,JP,154921,11.8,false
EMP11933,Sam Kowalski,sam.kowalski1933@example.com,Engineering,Customer Success,Paris,FR,74276,4.2,false
EMP11934,Zara Berners-Lee,zara.berners-lee1934@example.com,Operations,UX Designer,São Paulo,BR,132068,11.0,true
EMP11935,Lucas Nakamura,lucas.nakamura1935@example.com,Finance,Marketing Lead,London,UK,49721,4.8,false
EMP11936,Ada Müller,ada.müller1936@example.com,Operations,Finance Analyst,New York,US,66987,10.5,true
EMP11937,Katherine Müller,katherine.müller1937@example.com,Engineering,Finance Analyst,São Paulo,BR,149368,3.9,false
EMP11938,Carlos Hopper,carlos.hopper1938@example.com,Sales,Product Manager,Dublin,IE,77124,1.7,true
EMP11939,Priya Silva,priya.silva1939@example.com,Sales,Sales Rep,São Paulo,BR,136229,4.1,false
EMP11940,Nina Hopper,nina.hopper1940@example.com,Operations,UX Designer,New York,US,60639,0.8,true
EMP11941,Ada Hamilton,ada.hamilton1941@example.com,Design,Product Manager,Amsterdam,NL,59883,4.7,true
EMP11942,Elena Cerf,elena.cerf1942@example.com,Product,Finance Analyst,Nairobi,KE,122874,10.2,true
EMP11943,Yuki Petrov,yuki.petrov1943@example.com,Sales,DevOps Engineer,Tokyo,JP,163902,9.9,false
EMP11944,Fatima Nakamura,fatima.nakamura1944@example.com,Customer Success,DevOps Engineer,Tokyo,JP,102218,7.0,true
EMP11945,Maya Hamilton,maya.hamilton1945@example.com,Finance,Product Manager,Dublin,IE,78787,1.8,false
EMP11946,Leo Nakamura,leo.nakamura1946@example.com,Engineering,Marketing Lead,Tokyo,JP,81336,1.6,false
EMP11947,Priya Perlman,priya.perlman1947@example.com,Product,Product Manager,Tokyo,JP,64414,6.3,true
EMP11948,Ada Berners-Lee,ada.berners-lee1948@example.com,Operations,Software Engineer,Tokyo,JP,127883,9.3,false
EMP11949,Ada Müller,ada.müller1949@example.com,Sales,Data Analyst,Nairobi,KE,82463,0.8,true
EMP11950,Carlos Torvalds,carlos.torvalds1950@example.com,Product,Product Manager,Dublin,IE,75700,7.1,true
EMP11951,Fatima Turing,fatima.turing1951@example.com,Marketing,QA Engineer,Paris,FR,127789,3.4,false
EMP11952,Sophie Turing,sophie.turing1952@example.com,Customer Success,Product Manager,São Paulo,BR,76615,9.3,false
EMP11953,Fatima Rossi,fatima.rossi1953@example.com,Design,QA Engineer,Amsterdam,NL,47759,11.5,false
EMP11954,Lucas Turing,lucas.turing1954@example.com,Design,Product Manager,Tokyo,JP,158645,8.2,true
EMP11955,Lucas Lovelace,lucas.lovelace1955@example.com,Engineering,UX Designer,Singapore,SG,58710,2.9,false
EMP11956,Vint Cerf,vint.cerf1956@example.com,Engineering,Data Analyst,Tokyo,JP,88126,8.1,true
EMP11957,Linus Rossi,linus.rossi1957@example.com,Sales,UX Designer,Sydney,AU,135726,1.6,false
EMP11958,Sophie Hopper,sophie.hopper1958@example.com,Engineering,Data Analyst,Singapore,SG,67863,12.0,true
EMP11959,Noah Cerf,noah.cerf1959@example.com,Sales,Sales Rep,Nairobi,KE,84276,4.0,true
EMP11960,Linus Hopper,linus.hopper1960@example.com,Finance,Marketing Lead,London,UK,164705,11.3,true
EMP11961,Ivan Perlman,ivan.perlman1961@example.com,Finance,Customer Success,Toronto,CA,141655,0.5,true
EMP11962,Omar Okafor,omar.okafor1962@example.com,Product,Product Manager,Dublin,IE,59707,8.1,false
EMP11963,Theo Cerf,theo.cerf1963@example.com,Design,Sales Rep,Amsterdam,NL,108571,2.2,false
EMP11964,Zara Hopper,zara.hopper1964@example.com,Operations,Marketing Lead,Dublin,IE,64547,5.8,false
EMP11965,Aisha Perlman,aisha.perlman1965@example.com,Finance,Sales Rep,Paris,FR,117009,7.1,false
EMP11966,Carlos Hopper,carlos.hopper1966@example.com,Sales,DevOps Engineer,Amsterdam,NL,129772,12.0,true
EMP11967,Fatima Lovelace,fatima.lovelace1967@example.com,Sales,Data Analyst,São Paulo,BR,97088,11.1,true
EMP11968,Leo Perlman,leo.perlman1968@example.com,Operations,Finance Analyst,São Paulo,BR,146239,7.1,false
EMP11969,Linus Cerf,linus.cerf1969@example.com,Engineering,QA Engineer,Berlin,DE,98841,4.9,true
EMP11970,Lucas Torvalds,lucas.torvalds1970@example.com,Design,Sales Rep,Sydney,AU,104042,3.8,false
EMP11971,Sophie Berners-Lee,sophie.berners-lee1971@example.com,Engineering,QA Engineer,Singapore,SG,76829,7.8,true
EMP11972,Maya Perlman,maya.perlman1972@example.com,Product,Software Engineer,Dublin,IE,151596,0.2,false
EMP11973,Ivan Singh,ivan.singh1973@example.com,Engineering,QA Engineer,Nairobi,KE,59288,0.0,true
EMP11974,Katherine Rossi,katherine.rossi1974@example.com,Customer Success,Software Engineer,São Paulo,BR,51092,7.5,false
EMP11975,Tim Nakamura,tim.nakamura1975@example.com,Finance,Product Manager,Toronto,CA,103940,1.2,false
EMP11976,Sophie Hamilton,sophie.hamilton1976@example.com,Customer Success,Finance Analyst,London,UK,77064,11.1,false
EMP11977,Theo Liskov,theo.liskov1977@example.com,Customer Success,Marketing Lead,New York,US,140833,1.9,false
EMP11978,Barbara Berners-Lee,barbara.berners-lee1978@example.com,Operations,DevOps Engineer,Toronto,CA,64551,7.8,true
EMP11979,Amara Rossi,amara.rossi1979@example.com,Customer Success,Finance Analyst,São Paulo,BR,161725,10.6,false
EMP11980,Priya Chen,priya.chen1980@example.com,Marketing,Sales Rep,New York,US,134295,9.9,false
EMP11981,Radia Johnson,radia.johnson1981@example.com,Engineering,UX Designer,Dublin,IE,69213,7.7,false
EMP11982,Yuki Kowalski,yuki.kowalski1982@example.com,Operations,Customer Success,Singapore,SG,153554,11.5,false
EMP11983,Katherine Silva,katherine.silva1983@example.com,Finance,UX Designer,Berlin,DE,135669,8.5,true
EMP11984,Noah Kowalski,noah.kowalski1984@example.com,Engineering,Customer Success,Berlin,DE,66057,10.3,true
EMP11985,Vint Perlman,vint.perlman1985@example.com,Engineering,Product Manager,Nairobi,KE,90791,1.8,true
EMP11986,Ivan Hamilton,ivan.hamilton1986@example.com,Engineering,DevOps Engineer,Singapore,SG,66194,8.0,true
EMP11987,Fatima Silva,fatima.silva1987@example.com,Design,QA Engineer,Paris,FR,75997,3.1,false
EMP11988,Yuki Lovelace,yuki.lovelace1988@example.com,Operations,Customer Success,Singapore,SG,143114,3.9,true
EMP11989,Sam Singh,sam.singh1989@example.com,Finance,Data Analyst,New York,US,77664,1.4,true
EMP11990,Katherine Petrov,katherine.petrov1990@example.com,Product,Sales Rep,Paris,FR,129619,2.2,false
EMP11991,Aisha Nakamura,aisha.nakamura1991@example.com,Operations,DevOps Engineer,Singapore,SG,144108,10.7,true
EMP11992,Leo Torvalds,leo.torvalds1992@example.com,Marketing,DevOps Engineer,Tokyo,JP,85845,4.8,true
EMP11993,Lucas Rossi,lucas.rossi1993@example.com,Customer Success,DevOps Engineer,São Paulo,BR,122843,8.7,false
EMP11994,Theo Turing,theo.turing1994@example.com,Product,Marketing Lead,Nairobi,KE,147207,0.1,false
EMP11995,Ivan Cerf,ivan.cerf1995@example.com,Product,QA Engineer,Nairobi,KE,70218,4.6,true
EMP11996,Barbara Chen,barbara.chen1996@example.com,Sales,Data Analyst,New York,US,164857,9.9,true
EMP11997,Katherine Andersson,katherine.andersson1997@example.com,Finance,Marketing Lead,New York,US,150902,0.5,true
EMP11998,Aisha Okafor,aisha.okafor1998@example.com,Product,Software Engineer,Dublin,IE,52648,11.1,true
EMP11999,Priya Hopper,priya.hopper1999@example.com,Finance,Customer Success,Amsterdam,NL,134425,10.5,true
EMP12000,Priya Cerf,priya.cerf2000@example.com,Engineering,Sales Rep,São Paulo,BR,82741,0.4,true
EMP12001,James Kowalski,james.kowalski2001@example.com,Marketing,DevOps Engineer,São Paulo,BR,90489,1.2,true
EMP12002,Noah Berners-Lee,noah.berners-lee2002@example.com,Design,Finance Analyst,Amsterdam,NL,79284,9.5,true
EMP12003,Katherine Singh,katherine.singh2003@example.com,Marketing,Finance Analyst,Dublin,IE,107350,1.9,false
EMP12004,Noah Torvalds,noah.torvalds2004@example.com,Customer Success,Finance Analyst,Berlin,DE,87158,5.9,false
EMP12005,Amara Johnson,amara.johnson2005@example.com,Sales,Marketing Lead,Tokyo,JP,91097,7.0,true
EMP12006,Linus Liskov,linus.liskov2006@example.com,Design,UX Designer,Sydney,AU,116867,6.4,false
EMP12007,Katherine Nakamura,katherine.nakamura2007@example.com,Marketing,Sales Rep,Singapore,SG,142698,5.3,false
EMP12008,Priya Kowalski,priya.kowalski2008@example.com,Design,Finance Analyst,Singapore,SG,127350,9.8,false
EMP12009,Ivan Petrov,ivan.petrov2009@example.com,Engineering,Marketing Lead,Dublin,IE,62853,4.0,false
EMP12010,Sophie Turing,sophie.turing2010@example.com,Product,QA Engineer,Tokyo,JP,142758,3.3,true
EMP12011,Priya Silva,priya.silva2011@example.com,Finance,Product Manager,Nairobi,KE,58622,2.6,false
EMP12012,Theo Lovelace,theo.lovelace2012@example.com,Design,Finance Analyst,Dublin,IE,82375,9.9,false
EMP12013,Aisha Liskov,aisha.liskov2013@example.com,Design,Marketing Lead,Amsterdam,NL,62716,3.7,false
EMP12014,Yuki Silva,yuki.silva2014@example.com,Operations,QA Engineer,Dublin,IE,53825,1.3,false
EMP12015,Noah Rossi,noah.rossi2015@example.com,Sales,UX Designer,Tokyo,JP,97098,9.0,true
EMP12016,Amara Rossi,amara.rossi2016@example.com,Engineering,Data Analyst,Dublin,IE,85881,11.3,false
EMP12017,Katherine Okafor,katherine.okafor2017@example.com,Operations,Marketing Lead,Nairobi,KE,131286,9.9,false
EMP12018,Aisha Liskov,aisha.liskov2018@example.com,Customer Success,Finance Analyst,Sydney,AU,96463,0.9,true
EMP12019,Leo Müller,leo.müller2019@example.com,Operations,DevOps Engineer,Amsterdam,NL,56040,11.0,false
EMP12020,Katherine Hamilton,katherine.hamilton2020@example.com,Marketing,Software Engineer,Dublin,IE,87677,10.2,true
EMP12021,Sophie Hamilton,sophie.hamilton2021@example.com,Sales,Product Manager,Singapore,SG,62679,11.9,false
EMP12022,Chen Silva,chen.silva2022@example.com,Engineering,QA Engineer,Tokyo,JP,147958,5.5,true
EMP12023,Noah Singh,noah.singh2023@example.com,Customer Success,UX Designer,Toronto,CA,61961,7.9,true
EMP12024,Theo Nakamura,theo.nakamura2024@example.com,Product,Marketing Lead,Singapore,SG,151325,3.1,true
EMP12025,Ivan Müller,ivan.müller2025@example.com,Customer Success,Product Manager,Toronto,CA,66772,5.4,true
EMP12026,Noah Lovelace,noah.lovelace2026@example.com,Customer Success,DevOps Engineer,Sydney,AU,157494,5.9,true
EMP12027,Carlos Singh,carlos.singh2027@example.com,Operations,UX Designer,Paris,FR,150200,8.6,true
EMP12028,Maya Rossi,maya.rossi2028@example.com,Design,Software Engineer,Dublin,IE,152006,4.1,false
EMP12029,Ivan Torvalds,ivan.torvalds2029@example.com,Finance,DevOps Engineer,Tokyo,JP,51281,9.3,false
EMP12030,Priya Hamilton,priya.hamilton2030@example.com,Design,Marketing Lead,Paris,FR,56162,11.1,true
EMP12031,Nina Kowalski,nina.kowalski2031@example.com,Design,Sales Rep,Paris,FR,77075,1.5,false
EMP12032,Sam Kowalski,sam.kowalski2032@example.com,Design,QA Engineer,Amsterdam,NL,84295,0.6,false
EMP12033,Sam Liskov,sam.liskov2033@example.com,Product,Sales Rep,Paris,FR,158240,6.1,true
EMP12034,Barbara Perlman,barbara.perlman2034@example.com,Product,Product Manager,Berlin,DE,105516,5.8,true
EMP12035,Sam Petrov,sam.petrov2035@example.com,Marketing,Product Manager,Amsterdam,NL,133839,5.8,false
EMP12036,Radia Silva,radia.silva2036@example.com,Operations,Product Manager,Paris,FR,80389,1.7,false
EMP12037,Noah Turing,noah.turing2037@example.com,Engineering,Sales Rep,Toronto,CA,87949,10.0,false
EMP12038,Fatima Lovelace,fatima.lovelace2038@example.com,Customer Success,UX Designer,São Paulo,BR,59088,5.1,false
EMP12039,Lucas Hopper,lucas.hopper2039@example.com,Marketing,Customer Success,Sydney,AU,148780,6.7,false
EMP12040,James Perlman,james.perlman2040@example.com,Marketing,Software Engineer,São Paulo,BR,108300,7.7,true
EMP12041,Tim Kowalski,tim.kowalski2041@example.com,Marketing,QA Engineer,Nairobi,KE,94292,9.9,true
EMP12042,Margaret Hamilton,margaret.hamilton2042@example.com,Product,Marketing Lead,Paris,FR,56419,10.0,true
EMP12043,Fatima Berners-Lee,fatima.berners-lee2043@example.com,Product,Finance Analyst,Berlin,DE,80116,0.7,true
EMP12044,Barbara Rossi,barbara.rossi2044@example.com,Operations,Marketing Lead,São Paulo,BR,92013,11.8,true
EMP12045,Radia Nakamura,radia.nakamura2045@example.com,Sales,QA Engineer,Amsterdam,NL,112387,6.6,false
EMP12046,James Liskov,james.liskov2046@example.com,Engineering,Customer Success,Singapore,SG,98758,5.9,true
EMP12047,Radia Andersson,radia.andersson2047@example.com,Design,UX Designer,Nairobi,KE,135479,8.3,true
EMP12048,Amara Singh,amara.singh2048@example.com,Operations,Sales Rep,São Paulo,BR,133016,3.4,false
EMP12049,Yuki Andersson,yuki.andersson2049@example.com,Sales,UX Designer,São Paulo,BR,91675,4.5,true
EMP12050,Noah Andersson,noah.andersson2050@example.com,Design,Customer Success,Nairobi,KE,66683,2.2,true
EMP12051,Omar Rossi,omar.rossi2051@example.com,Operations,Marketing Lead,Amsterdam,NL,108664,2.8,false
EMP12052,Tim Rossi,tim.rossi2052@example.com,Customer Success,Software Engineer,Paris,FR,104044,10.0,true
EMP12053,Ivan Hamilton,ivan.hamilton2053@example.com,Finance,Customer Success,Tokyo,JP,56702,8.1,false
EMP12054,Zara Singh,zara.singh2054@example.com,Finance,UX Designer,Tokyo,JP,63541,8.9,true
EMP12055,Leo Okafor,leo.okafor2055@example.com,Finance,Data Analyst,Toronto,CA,62121,0.9,true
EMP12056,Nina Berners-Lee,nina.berners-lee2056@example.com,Design,Customer Success,Nairobi,KE,130585,7.6,false
EMP12057,Radia Johnson,radia.johnson2057@example.com,Marketing,Data Analyst,Nairobi,KE,154583,7.7,false
EMP12058,Theo Rossi,theo.rossi2058@example.com,Finance,QA Engineer,Berlin,DE,134029,1.2,false
EMP12059,Carlos Andersson,carlos.andersson2059@example.com,Design,Software Engineer,London,UK,68742,7.8,true
EMP12060,James Berners-Lee,james.berners-lee2060@example.com,Engineering,Finance Analyst,New York,US,98842,0.8,false
EMP12061,Aisha Müller,aisha.müller2061@example.com,Engineering,Data Analyst,Berlin,DE,117005,8.6,false
EMP12062,Nina Torvalds,nina.torvalds2062@example.com,Operations,UX Designer,Sydney,AU,46575,9.3,true
EMP12063,Priya Chen,priya.chen2063@example.com,Design,Marketing Lead,Amsterdam,NL,160490,2.3,true
EMP12064,Katherine Singh,katherine.singh2064@example.com,Customer Success,Customer Success,São Paulo,BR,85195,10.2,false
EMP12065,Radia Berners-Lee,radia.berners-lee2065@example.com,Marketing,QA Engineer,Nairobi,KE,82772,8.9,false
EMP12066,Linus Singh,linus.singh2066@example.com,Finance,QA Engineer,London,UK,100319,6.1,false
EMP12067,Barbara Lovelace,barbara.lovelace2067@example.com,Customer Success,Product Manager,Singapore,SG,57642,5.4,false
EMP12068,Tim Rossi,tim.rossi2068@example.com,Design,Product Manager,Dublin,IE,120801,2.2,false
EMP12069,Nina Singh,nina.singh2069@example.com,Product,Customer Success,Amsterdam,NL,84432,3.3,true
EMP12070,Yuki Petrov,yuki.petrov2070@example.com,Design,Marketing Lead,Tokyo,JP,84011,2.9,false
EMP12071,Omar Nakamura,omar.nakamura2071@example.com,Marketing,Software Engineer,Amsterdam,NL,46688,1.2,false
EMP12072,Lucas Singh,lucas.singh2072@example.com,Customer Success,UX Designer,Dublin,IE,90141,6.9,true
EMP12073,Lucas Turing,lucas.turing2073@example.com,Marketing,Software Engineer,Berlin,DE,117091,11.9,false
EMP12074,Omar Okafor,omar.okafor2074@example.com,Design,Software Engineer,São Paulo,BR,145514,8.1,false
EMP12075,Tim Berners-Lee,tim.berners-lee2075@example.com,Marketing,Marketing Lead,Nairobi,KE,61382,6.4,true
EMP12076,Ivan Andersson,ivan.andersson2076@example.com,Product,DevOps Engineer,Paris,FR,127806,10.1,false
EMP12077,Katherine Hopper,katherine.hopper2077@example.com,Customer Success,Customer Success,Toronto,CA,69520,4.6,false
EMP12078,Nina Hopper,nina.hopper2078@example.com,Operations,QA Engineer,London,UK,52206,5.5,false
EMP12079,James Hamilton,james.hamilton2079@example.com,Product,Marketing Lead,Berlin,DE,111378,0.1,false
EMP12080,Elena Petrov,elena.petrov2080@example.com,Product,Customer Success,Toronto,CA,120781,11.8,true
EMP12081,Carlos Turing,carlos.turing2081@example.com,Sales,Sales Rep,Dublin,IE,110838,11.5,false
EMP12082,Margaret Singh,margaret.singh2082@example.com,Sales,Sales Rep,Tokyo,JP,55751,6.6,true
EMP12083,Linus Chen,linus.chen2083@example.com,Finance,QA Engineer,Sydney,AU,104936,1.9,true
EMP12084,Fatima Silva,fatima.silva2084@example.com,Product,Customer Success,Paris,FR,148465,10.8,true
EMP12085,Nina Cerf,nina.cerf2085@example.com,Finance,Product Manager,Amsterdam,NL,150817,9.4,true
EMP12086,Noah Hopper,noah.hopper2086@example.com,Finance,Marketing Lead,Berlin,DE,52595,9.4,false
EMP12087,Priya Turing,priya.turing2087@example.com,Finance,Marketing Lead,Paris,FR,133903,5.8,false
EMP12088,Leo Liskov,leo.liskov2088@example.com,Product,DevOps Engineer,New York,US,100046,0.6,true
EMP12089,Margaret Rossi,margaret.rossi2089@example.com,Sales,Sales Rep,Nairobi,KE,162346,2.4,true
EMP12090,Margaret Andersson,margaret.andersson2090@example.com,Design,Finance Analyst,London,UK,103710,7.2,true
EMP12091,Maya Turing,maya.turing2091@example.com,Marketing,Marketing Lead,Tokyo,JP,64776,9.0,true
EMP12092,Chen Singh,chen.singh2092@example.com,Sales,Customer Success,Amsterdam,NL,140200,11.1,false
EMP12093,Elena Okafor,elena.okafor2093@example.com,Finance,QA Engineer,New York,US,72499,5.3,false
EMP12094,Lucas Lovelace,lucas.lovelace2094@example.com,Design,Marketing Lead,Tokyo,JP,84543,7.4,true
EMP12095,Vint Torvalds,vint.torvalds2095@example.com,Sales,Finance Analyst,Paris,FR,102988,8.1,true
EMP12096,James Torvalds,james.torvalds2096@example.com,Sales,UX Designer,London,UK,153259,4.5,true
EMP12097,Leo Johnson,leo.johnson2097@example.com,Finance,Marketing Lead,Toronto,CA,59660,4.2,true
EMP12098,Ivan Kowalski,ivan.kowalski2098@example.com,Design,Marketing Lead,Nairobi,KE,51873,2.9,true
EMP12099,Vint Andersson,vint.andersson2099@example.com,Product,UX Designer,Singapore,SG,94361,0.5,true
EMP12100,Lucas Liskov,lucas.liskov2100@example.com,Customer Success,Marketing Lead,Sydney,AU,129523,4.7,true
EMP12101,Chen Cerf,chen.cerf2101@example.com,Product,Finance Analyst,London,UK,62075,6.0,false
EMP12102,Carlos Andersson,carlos.andersson2102@example.com,Operations,Marketing Lead,Berlin,DE,93351,7.1,false
EMP12103,Amara Berners-Lee,amara.berners-lee2103@example.com,Operations,Software Engineer,Berlin,DE,55890,11.6,true
EMP12104,Barbara Nakamura,barbara.nakamura2104@example.com,Customer Success,Finance Analyst,Amsterdam,NL,86243,5.8,false
EMP12105,Radia Torvalds,radia.torvalds2105@example.com,Product,Data Analyst,Amsterdam,NL,123728,2.4,true
EMP12106,Zara Petrov,zara.petrov2106@example.com,Operations,Data Analyst,London,UK,99566,3.8,true
EMP12107,Lucas Hopper,lucas.hopper2107@example.com,Operations,Sales Rep,Tokyo,JP,53950,2.6,true
EMP12108,Vint Hamilton,vint.hamilton2108@example.com,Product,Sales Rep,Paris,FR,121062,10.6,false
EMP12109,Linus Kowalski,linus.kowalski2109@example.com,Customer Success,QA Engineer,Toronto,CA,83991,1.9,false
EMP12110,Margaret Liskov,margaret.liskov2110@example.com,Operations,QA Engineer,Toronto,CA,144580,2.4,false
EMP12111,Ivan Rossi,ivan.rossi2111@example.com,Design,Software Engineer,São Paulo,BR,56772,3.4,true
EMP12112,Leo Müller,leo.müller2112@example.com,Sales,Marketing Lead,Berlin,DE,125001,11.9,true
EMP12113,Sophie Rossi,sophie.rossi2113@example.com,Finance,Customer Success,São Paulo,BR,98796,11.7,false
EMP12114,Ada Nakamura,ada.nakamura2114@example.com,Engineering,Data Analyst,Dublin,IE,157111,11.1,false
EMP12115,Sophie Chen,sophie.chen2115@example.com,Finance,QA Engineer,Paris,FR,57404,1.0,true
EMP12116,Linus Chen,linus.chen2116@example.com,Customer Success,Customer Success,Sydney,AU,58489,9.6,true
EMP12117,Yuki Hopper,yuki.hopper2117@example.com,Finance,Software Engineer,Dublin,IE,91595,5.1,false
EMP12118,Elena Berners-Lee,elena.berners-lee2118@example.com,Product,UX Designer,Nairobi,KE,102187,0.2,false
EMP12119,Nina Perlman,nina.perlman2119@example.com,Engineering,Software Engineer,Paris,FR,163538,8.8,true
EMP12120,Nina Müller,nina.müller2120@example.com,Sales,Marketing Lead,Singapore,SG,114417,1.7,true
EMP12121,Priya Rossi,priya.rossi2121@example.com,Product,Software Engineer,São Paulo,BR,124076,8.2,false
EMP12122,Yuki Andersson,yuki.andersson2122@example.com,Design,Data Analyst,Amsterdam,NL,120558,1.2,false
EMP12123,Radia Lovelace,radia.lovelace2123@example.com,Product,Sales Rep,São Paulo,BR,88315,1.1,true
EMP12124,Ada Liskov,ada.liskov2124@example.com,Design,Data Analyst,Amsterdam,NL,87812,2.4,false
EMP12125,Leo Hopper,leo.hopper2125@example.com,Sales,QA Engineer,London,UK,111662,5.4,true
EMP12126,Elena Hopper,elena.hopper2126@example.com,Engineering,Software Engineer,Berlin,DE,131543,8.7,false
EMP12127,Yuki Okafor,yuki.okafor2127@example.com,Product,Customer Success,London,UK,104128,11.3,true
EMP12128,Aisha Hopper,aisha.hopper2128@example.com,Customer Success,Product Manager,Nairobi,KE,122254,7.3,false
EMP12129,Margaret Torvalds,margaret.torvalds2129@example.com,Customer Success,QA Engineer,Berlin,DE,132012,3.2,true
EMP12130,Ivan Perlman,ivan.perlman2130@example.com,Design,UX Designer,Toronto,CA,67823,7.7,true
EMP12131,Aisha Berners-Lee,aisha.berners-lee2131@example.com,Marketing,UX Designer,Nairobi,KE,149246,0.1,false
EMP12132,Noah Perlman,noah.perlman2132@example.com,Engineering,UX Designer,Tokyo,JP,97415,7.5,true
EMP12133,Margaret Hamilton,margaret.hamilton2133@example.com,Finance,Finance Analyst,Amsterdam,NL,46922,10.7,false
EMP12134,Ivan Liskov,ivan.liskov2134@example.com,Operations,UX Designer,Toronto,CA,46567,7.3,true
EMP12135,Katherine Lovelace,katherine.lovelace2135@example.com,Operations,Customer Success,São Paulo,BR,46748,9.7,false
EMP12136,Priya Nakamura,priya.nakamura2136@example.com,Marketing,QA Engineer,Amsterdam,NL,72012,11.8,true
EMP12137,Vint Perlman,vint.perlman2137@example.com,Sales,QA Engineer,São Paulo,BR,133890,9.3,false
EMP12138,Linus Petrov,linus.petrov2138@example.com,Product,Data Analyst,London,UK,111511,9.1,true
EMP12139,Radia Perlman,radia.perlman2139@example.com,Finance,Data Analyst,São Paulo,BR,71818,4.7,false
EMP12140,Carlos Chen,carlos.chen2140@example.com,Finance,Software Engineer,London,UK,86007,0.7,true
EMP12141,Nina Okafor,nina.okafor2141@example.com,Product,Sales Rep,New York,US,75973,9.6,false
EMP12142,Fatima Cerf,fatima.cerf2142@example.com,Operations,UX Designer,Sydney,AU,99067,9.7,true
EMP12143,Sophie Torvalds,sophie.torvalds2143@example.com,Sales,DevOps Engineer,London,UK,131785,7.8,false
EMP12144,Maya Lovelace,maya.lovelace2144@example.com,Operations,UX Designer,Berlin,DE,69451,11.1,false
EMP12145,Leo Müller,leo.müller2145@example.com,Design,Marketing Lead,Singapore,SG,62689,7.6,false
EMP12146,Ada Hamilton,ada.hamilton2146@example.com,Marketing,Software Engineer,Berlin,DE,47130,7.0,false
EMP12147,James Turing,james.turing2147@example.com,Engineering,Product Manager,New York,US,119521,2.8,false
EMP12148,Ada Rossi,ada.rossi2148@example.com,Finance,QA Engineer,Singapore,SG,99787,5.6,false
EMP12149,Ivan Nakamura,ivan.nakamura2149@example.com,Customer Success,Finance Analyst,Toronto,CA,133384,11.3,true
EMP12150,Sam Petrov,sam.petrov2150@example.com,Sales,Software Engineer,New York,US,74125,1.9,true
EMP12151,Maya Kowalski,maya.kowalski2151@example.com,Marketing,Product Manager,Toronto,CA,139385,2.0,true
EMP12152,Fatima Cerf,fatima.cerf2152@example.com,Sales,UX Designer,São Paulo,BR,61750,1.1,true
EMP12153,Leo Torvalds,leo.torvalds2153@example.com,Engineering,Software Engineer,London,UK,82921,8.8,true
EMP12154,Amara Chen,amara.chen2154@example.com,Engineering,UX Designer,Dublin,IE,48786,9.0,true
EMP12155,Yuki Lovelace,yuki.lovelace2155@example.com,Customer Success,Customer Success,Singapore,SG,109273,7.7,true
EMP12156,Tim Lovelace,tim.lovelace2156@example.com,Customer Success,Product Manager,Amsterdam,NL,51581,0.2,true
EMP12157,James Okafor,james.okafor2157@example.com,Sales,Data Analyst,Dublin,IE,112035,11.9,true
EMP12158,Priya Berners-Lee,priya.berners-lee2158@example.com,Product,DevOps Engineer,Tokyo,JP,76691,6.3,false
EMP12159,Vint Torvalds,vint.torvalds2159@example.com,Sales,Software Engineer,Amsterdam,NL,90950,2.7,false
EMP12160,Amara Singh,amara.singh2160@example.com,Operations,Sales Rep,Berlin,DE,75964,0.2,false
EMP12161,Omar Torvalds,omar.torvalds2161@example.com,Design,QA Engineer,Nairobi,KE,62979,5.5,true
EMP12162,Amara Petrov,amara.petrov2162@example.com,Operations,DevOps Engineer,Dublin,IE,117003,6.6,true
EMP12163,Chen Johnson,chen.johnson2163@example.com,Design,Software Engineer,Toronto,CA,75277,11.7,false
EMP12164,Sam Nakamura,sam.nakamura2164@example.com,Marketing,Data Analyst,Singapore,SG,149231,3.7,true
EMP12165,Theo Cerf,theo.cerf2165@example.com,Product,UX Designer,London,UK,122241,6.3,false
EMP12166,Carlos Kowalski,carlos.kowalski2166@example.com,Design,Finance Analyst,Toronto,CA,93225,2.9,true
EMP12167,Nina Petrov,nina.petrov2167@example.com,Marketing,Product Manager,New York,US,115213,10.6,true
EMP12168,Maya Kowalski,maya.kowalski2168@example.com,Customer Success,Sales Rep,São Paulo,BR,133227,2.7,true
EMP12169,Tim Kowalski,tim.kowalski2169@example.com,Design,Data Analyst,Sydney,AU,64919,9.1,true
EMP12170,Theo Cerf,theo.cerf2170@example.com,Product,Sales Rep,Nairobi,KE,79989,11.2,false
EMP12171,Carlos Turing,carlos.turing2171@example.com,Customer Success,Finance Analyst,Sydney,AU,157253,4.9,false
EMP12172,Theo Hopper,theo.hopper2172@example.com,Design,Data Analyst,Tokyo,JP,112859,5.6,true
EMP12173,Amara Okafor,amara.okafor2173@example.com,Engineering,Customer Success,São Paulo,BR,147452,10.4,false
EMP12174,Tim Torvalds,tim.torvalds2174@example.com,Customer Success,Finance Analyst,Nairobi,KE,79742,0.1,true
EMP12175,Priya Rossi,priya.rossi2175@example.com,Engineering,Sales Rep,Paris,FR,117325,0.8,false
EMP12176,Ivan Nakamura,ivan.nakamura2176@example.com,Finance,Product Manager,Tokyo,JP,63720,3.2,false
EMP12177,Priya Berners-Lee,priya.berners-lee2177@example.com,Customer Success,QA Engineer,Dublin,IE,98942,1.5,false
EMP12178,Yuki Petrov,yuki.petrov2178@example.com,Sales,QA Engineer,Berlin,DE,131410,4.1,true
EMP12179,Elena Hamilton,elena.hamilton2179@example.com,Marketing,Customer Success,Amsterdam,NL,83867,5.5,true
EMP12180,Lucas Hopper,lucas.hopper2180@example.com,Marketing,DevOps Engineer,Sydney,AU,94528,1.2,true
EMP12181,James Torvalds,james.torvalds2181@example.com,Engineering,Sales Rep,Dublin,IE,137585,6.0,false
EMP12182,Elena Lovelace,elena.lovelace2182@example.com,Operations,DevOps Engineer,Dublin,IE,45621,7.3,true
EMP12183,Yuki Berners-Lee,yuki.berners-lee2183@example.com,Engineering,Product Manager,Dublin,IE,128330,6.1,true
EMP12184,Ada Petrov,ada.petrov2184@example.com,Product,Software Engineer,New York,US,101223,11.3,true
EMP12185,Leo Hamilton,leo.hamilton2185@example.com,Design,QA Engineer,Tokyo,JP,133240,9.1,false
EMP12186,Chen Müller,chen.müller2186@example.com,Engineering,Software Engineer,Nairobi,KE,146386,6.5,true
EMP12187,Vint Andersson,vint.andersson2187@example.com,Marketing,Sales Rep,Toronto,CA,134992,11.3,false
EMP12188,Barbara Turing,barbara.turing2188@example.com,Product,Product Manager,São Paulo,BR,81347,11.9,true
EMP12189,Margaret Müller,margaret.müller2189@example.com,Engineering,Sales Rep,Dublin,IE,145389,7.4,true
EMP12190,Maya Kowalski,maya.kowalski2190@example.com,Product,Marketing Lead,Berlin,DE,138310,1.9,false
EMP12191,Theo Hamilton,theo.hamilton2191@example.com,Product,Customer Success,São Paulo,BR,98982,5.2,true
EMP12192,Radia Rossi,radia.rossi2192@example.com,Operations,QA Engineer,Dublin,IE,101358,8.6,false
EMP12193,Carlos Okafor,carlos.okafor2193@example.com,Marketing,Customer Success,Singapore,SG,97071,2.7,false
EMP12194,Theo Andersson,theo.andersson2194@example.com,Customer Success,Finance Analyst,Sydney,AU,139867,5.3,true
EMP12195,Leo Turing,leo.turing2195@example.com,Operations,Product Manager,Paris,FR,81993,8.6,true
EMP12196,Noah Petrov,noah.petrov2196@example.com,Finance,UX Designer,London,UK,73528,5.7,false
EMP12197,Barbara Petrov,barbara.petrov2197@example.com,Finance,Marketing Lead,Berlin,DE,139549,2.5,false
EMP12198,Nina Andersson,nina.andersson2198@example.com,Sales,Sales Rep,New York,US,53602,4.0,true
EMP12199,Omar Cerf,omar.cerf2199@example.com,Operations,Sales Rep,London,UK,62484,0.6,true
EMP12200,Yuki Kowalski,yuki.kowalski2200@example.com,Engineering,Marketing Lead,Berlin,DE,85298,7.5,false
EMP12201,Carlos Müller,carlos.müller2201@example.com,Design,DevOps Engineer,Dublin,IE,56678,7.7,true
EMP12202,Barbara Chen,barbara.chen2202@example.com,Product,Product Manager,Singapore,SG,76475,8.1,true
EMP12203,Vint Turing,vint.turing2203@example.com,Design,Data Analyst,Toronto,CA,151374,4.2,true
EMP12204,James Liskov,james.liskov2204@example.com,Product,DevOps Engineer,Sydney,AU,73719,3.7,true
EMP12205,Sophie Hopper,sophie.hopper2205@example.com,Finance,Finance Analyst,London,UK,162950,9.2,true
EMP12206,Grace Okafor,grace.okafor2206@example.com,Engineering,UX Designer,New York,US,77924,8.3,true
EMP12207,Sophie Rossi,sophie.rossi2207@example.com,Design,Customer Success,Toronto,CA,69606,3.4,false
EMP12208,Margaret Andersson,margaret.andersson2208@example.com,Customer Success,Product Manager,Tokyo,JP,103002,0.7,true
EMP12209,Lucas Silva,lucas.silva2209@example.com,Product,DevOps Engineer,Nairobi,KE,123697,10.0,false
EMP12210,Vint Hamilton,vint.hamilton2210@example.com,Finance,Finance Analyst,Tokyo,JP,59001,5.9,true
EMP12211,Linus Hamilton,linus.hamilton2211@example.com,Design,Product Manager,Toronto,CA,74713,3.4,false
EMP12212,Ivan Petrov,ivan.petrov2212@example.com,Design,Data Analyst,Singapore,SG,133547,1.3,true
EMP12213,Grace Okafor,grace.okafor2213@example.com,Marketing,QA Engineer,Berlin,DE,157685,7.5,true
EMP12214,Amara Lovelace,amara.lovelace2214@example.com,Design,Marketing Lead,New York,US,156446,1.5,true
EMP12215,Theo Hopper,theo.hopper2215@example.com,Marketing,Software Engineer,Singapore,SG,65502,5.3,true
EMP12216,Ivan Rossi,ivan.rossi2216@example.com,Sales,Data Analyst,Toronto,CA,91052,2.0,true
EMP12217,Sam Müller,sam.müller2217@example.com,Operations,Data Analyst,Singapore,SG,106894,11.8,false
EMP12218,Nina Berners-Lee,nina.berners-lee2218@example.com,Finance,Data Analyst,Sydney,AU,93251,4.9,false
EMP12219,Fatima Kowalski,fatima.kowalski2219@example.com,Marketing,Sales Rep,Dublin,IE,128301,8.0,true
EMP12220,Vint Chen,vint.chen2220@example.com,Finance,Software Engineer,Dublin,IE,145359,9.0,true
EMP12221,Noah Okafor,noah.okafor2221@example.com,Finance,Marketing Lead,Tokyo,JP,152493,3.7,true
EMP12222,Fatima Turing,fatima.turing2222@example.com,Operations,Data Analyst,Paris,FR,151220,9.2,true
EMP12223,Aisha Singh,aisha.singh2223@example.com,Customer Success,DevOps Engineer,Tokyo,JP,70050,11.7,true
EMP12224,Linus Johnson,linus.johnson2224@example.com,Design,Marketing Lead,New York,US,142712,0.6,false
EMP12225,James Cerf,james.cerf2225@example.com,Sales,Finance Analyst,Amsterdam,NL,142721,7.9,true
EMP12226,Barbara Rossi,barbara.rossi2226@example.com,Product,Software Engineer,Amsterdam,NL,76333,0.5,true
EMP12227,Linus Silva,linus.silva2227@example.com,Product,Sales Rep,Singapore,SG,54303,11.7,false
EMP12228,Carlos Lovelace,carlos.lovelace2228@example.com,Operations,Sales Rep,Berlin,DE,102551,0.6,false
EMP12229,Barbara Cerf,barbara.cerf2229@example.com,Sales,Software Engineer,London,UK,137007,9.0,false
EMP12230,Lucas Singh,lucas.singh2230@example.com,Product,DevOps Engineer,São Paulo,BR,46615,4.6,true
EMP12231,Omar Lovelace,omar.lovelace2231@example.com,Customer Success,DevOps Engineer,London,UK,65269,6.7,true
EMP12232,Sophie Silva,sophie.silva2232@example.com,Engineering,Customer Success,Toronto,CA,111005,10.3,false
EMP12233,Katherine Petrov,katherine.petrov2233@example.com,Marketing,DevOps Engineer,Toronto,CA,83022,11.5,true
EMP12234,Sam Andersson,sam.andersson2234@example.com,Design,QA Engineer,Paris,FR,115906,7.8,true
EMP12235,Sam Okafor,sam.okafor2235@example.com,Design,Sales Rep,Sydney,AU,74893,5.5,true
EMP12236,Fatima Hopper,fatima.hopper2236@example.com,Product,Marketing Lead,Dublin,IE,107753,7.4,true
EMP12237,Vint Perlman,vint.perlman2237@example.com,Product,Software Engineer,Paris,FR,46351,4.8,true
EMP12238,Ada Chen,ada.chen2238@example.com,Customer Success,Software Engineer,Singapore,SG,105498,9.4,true
EMP12239,Barbara Lovelace,barbara.lovelace2239@example.com,Marketing,Customer Success,Nairobi,KE,101229,6.1,true
EMP12240,Zara Singh,zara.singh2240@example.com,Engineering,Marketing Lead,Singapore,SG,147834,2.9,true
EMP12241,Fatima Hamilton,fatima.hamilton2241@example.com,Engineering,Finance Analyst,New York,US,68820,0.6,true
EMP12242,Katherine Liskov,katherine.liskov2242@example.com,Design,Data Analyst,Singapore,SG,134949,4.6,false
EMP12243,Leo Lovelace,leo.lovelace2243@example.com,Marketing,Marketing Lead,Singapore,SG,126537,2.3,true
EMP12244,Yuki Nakamura,yuki.nakamura2244@example.com,Finance,Finance Analyst,Toronto,CA,46463,7.5,false
EMP12245,Ivan Johnson,ivan.johnson2245@example.com,Finance,Software Engineer,London,UK,73956,10.8,true
EMP12246,Aisha Hamilton,aisha.hamilton2246@example.com,Sales,Customer Success,Nairobi,KE,127696,8.5,true
EMP12247,Linus Okafor,linus.okafor2247@example.com,Operations,QA Engineer,Tokyo,JP,87711,8.1,true
EMP12248,Lucas Hopper,lucas.hopper2248@example.com,Design,QA Engineer,Sydney,AU,48687,7.8,false
EMP12249,Margaret Hopper,margaret.hopper2249@example.com,Finance,QA Engineer,Dublin,IE,158440,9.2,false
EMP12250,Elena Nakamura,elena.nakamura2250@example.com,Operations,Customer Success,Amsterdam,NL,164733,9.4,false
EMP12251,Katherine Perlman,katherine.perlman2251@example.com,Marketing,Customer Success,London,UK,72643,7.2,true
EMP12252,Ada Hopper,ada.hopper2252@example.com,Finance,UX Designer,Dublin,IE,62047,7.4,false
EMP12253,Noah Rossi,noah.rossi2253@example.com,Finance,QA Engineer,Paris,FR,102584,3.7,true
EMP12254,Omar Petrov,omar.petrov2254@example.com,Engineering,Sales Rep,Nairobi,KE,143210,0.8,false
EMP12255,Aisha Okafor,aisha.okafor2255@example.com,Engineering,UX Designer,London,UK,113679,0.9,false
EMP12256,Ivan Hopper,ivan.hopper2256@example.com,Sales,Customer Success,Toronto,CA,115894,0.0,false
EMP12257,Zara Perlman,zara.perlman2257@example.com,Customer Success,Software Engineer,New York,US,46363,9.0,true
EMP12258,Sophie Perlman,sophie.perlman2258@example.com,Customer Success,Customer Success,Toronto,CA,83447,9.4,false
EMP12259,James Nakamura,james.nakamura2259@example.com,Marketing,Data Analyst,New York,US,141267,5.3,false
EMP12260,Radia Petrov,radia.petrov2260@example.com,Engineering,Data Analyst,Dublin,IE,146458,6.3,true
EMP12261,Tim Okafor,tim.okafor2261@example.com,Product,Sales Rep,Amsterdam,NL,123169,4.3,true
EMP12262,Ivan Okafor,ivan.okafor2262@example.com,Marketing,Sales Rep,Berlin,DE,144676,9.9,true
EMP12263,Sam Singh,sam.singh2263@example.com,Marketing,Product Manager,London,UK,87999,6.9,true
EMP12264,Barbara Lovelace,barbara.lovelace2264@example.com,Sales,Finance Analyst,New York,US,149211,3.8,true
EMP12265,Carlos Andersson,carlos.andersson2265@example.com,Marketing,UX Designer,São Paulo,BR,138742,2.2,false
EMP12266,Leo Okafor,leo.okafor2266@example.com,Marketing,UX Designer,Amsterdam,NL,85891,7.8,false
EMP12267,Chen Okafor,chen.okafor2267@example.com,Product,Product Manager,Nairobi,KE,65445,6.7,false
EMP12268,Margaret Rossi,margaret.rossi2268@example.com,Sales,Customer Success,São Paulo,BR,66031,1.2,true
EMP12269,Priya Hamilton,priya.hamilton2269@example.com,Finance,Customer Success,Paris,FR,148851,4.2,true
EMP12270,Yuki Hopper,yuki.hopper2270@example.com,Operations,UX Designer,London,UK,89064,7.2,true
EMP12271,Radia Berners-Lee,radia.berners-lee2271@example.com,Customer Success,Marketing Lead,São Paulo,BR,47984,7.8,false
EMP12272,Vint Turing,vint.turing2272@example.com,Design,Product Manager,Toronto,CA,81599,9.1,true
EMP12273,Tim Chen,tim.chen2273@example.com,Customer Success,Customer Success,Singapore,SG,113442,6.7,false
EMP12274,Leo Petrov,leo.petrov2274@example.com,Sales,Finance Analyst,Tokyo,JP,109004,3.2,false
EMP12275,Ada Kowalski,ada.kowalski2275@example.com,Customer Success,Software Engineer,Sydney,AU,62761,11.8,false
EMP12276,Tim Okafor,tim.okafor2276@example.com,Product,DevOps Engineer,Singapore,SG,144489,8.1,true
EMP12277,Theo Chen,theo.chen2277@example.com,Customer Success,Finance Analyst,Tokyo,JP,150223,3.8,true
EMP12278,Lucas Berners-Lee,lucas.berners-lee2278@example.com,Operations,Software Engineer,London,UK,77411,5.2,false
EMP12279,Amara Kowalski,amara.kowalski2279@example.com,Sales,Marketing Lead,Paris,FR,70399,4.7,true
EMP12280,Katherine Okafor,katherine.okafor2280@example.com,Design,Marketing Lead,Nairobi,KE,108351,11.7,false
EMP12281,Vint Kowalski,vint.kowalski2281@example.com,Product,Customer Success,New York,US,84431,3.3,false
EMP12282,Fatima Rossi,fatima.rossi2282@example.com,Customer Success,Product Manager,London,UK,120294,1.2,false
EMP12283,Vint Hopper,vint.hopper2283@example.com,Engineering,Software Engineer,Singapore,SG,156422,11.6,false
EMP12284,Maya Chen,maya.chen2284@example.com,Operations,Customer Success,Paris,FR,64992,3.9,false
EMP12285,Radia Johnson,radia.johnson2285@example.com,Engineering,Product Manager,Tokyo,JP,65516,10.4,true
EMP12286,Linus Petrov,linus.petrov2286@example.com,Customer Success,DevOps Engineer,Tokyo,JP,50525,10.3,false
EMP12287,Ivan Torvalds,ivan.torvalds2287@example.com,Marketing,Software Engineer,Tokyo,JP,150168,11.7,false
EMP12288,Barbara Petrov,barbara.petrov2288@example.com,Customer Success,Software Engineer,Paris,FR,152489,8.5,true
EMP12289,Amara Torvalds,amara.torvalds2289@example.com,Operations,Data Analyst,Tokyo,JP,126315,6.4,false
EMP12290,Noah Chen,noah.chen2290@example.com,Engineering,Product Manager,New York,US,138065,10.6,true
EMP12291,Theo Cerf,theo.cerf2291@example.com,Customer Success,DevOps Engineer,Dublin,IE,115471,10.7,true
EMP12292,Tim Berners-Lee,tim.berners-lee2292@example.com,Finance,Data Analyst,London,UK,91264,2.0,false
EMP12293,Zara Lovelace,zara.lovelace2293@example.com,Product,Marketing Lead,New York,US,108222,7.2,false
EMP12294,Chen Chen,chen.chen2294@example.com,Marketing,Marketing Lead,London,UK,128861,8.4,true
EMP12295,Zara Nakamura,zara.nakamura2295@example.com,Design,QA Engineer,Berlin,DE,151720,10.1,true
EMP12296,Alan Petrov,alan.petrov2296@example.com,Customer Success,Finance Analyst,Amsterdam,NL,55181,5.6,false
EMP12297,Maya Kowalski,maya.kowalski2297@example.com,Engineering,Finance Analyst,Nairobi,KE,68312,2.4,true
EMP12298,Priya Lovelace,priya.lovelace2298@example.com,Marketing,DevOps Engineer,São Paulo,BR,108544,0.2,true
EMP12299,Priya Singh,priya.singh2299@example.com,Customer Success,Marketing Lead,London,UK,125832,4.6,false
EMP12300,Margaret Silva,margaret.silva2300@example.com,Sales,Data Analyst,Tokyo,JP,140799,1.1,false
EMP12301,Chen Andersson,chen.andersson2301@example.com,Design,Data Analyst,Berlin,DE,112554,8.5,false
EMP12302,Maya Lovelace,maya.lovelace2302@example.com,Finance,Product Manager,New York,US,134582,3.5,false
EMP12303,Barbara Okafor,barbara.okafor2303@example.com,Finance,Finance Analyst,New York,US,98920,1.0,false
EMP12304,Ada Torvalds,ada.torvalds2304@example.com,Engineering,Customer Success,Toronto,CA,132708,3.4,false
EMP12305,Noah Chen,noah.chen2305@example.com,Product,QA Engineer,Tokyo,JP,138553,0.5,true
EMP12306,Ivan Petrov,ivan.petrov2306@example.com,Marketing,UX Designer,Nairobi,KE,118817,2.9,true
EMP12307,Zara Rossi,zara.rossi2307@example.com,Finance,QA Engineer,New York,US,81360,3.8,false
EMP12308,Aisha Kowalski,aisha.kowalski2308@example.com,Finance,Product Manager,London,UK,52180,6.9,false
EMP12309,Maya Hamilton,maya.hamilton2309@example.com,Operations,Finance Analyst,São Paulo,BR,88824,6.0,false
EMP12310,Grace Petrov,grace.petrov2310@example.com,Customer Success,Software Engineer,Berlin,DE,155210,10.3,true
EMP12311,Radia Torvalds,radia.torvalds2311@example.com,Design,Software Engineer,London,UK,151336,5.0,true
EMP12312,Maya Hamilton,maya.hamilton2312@example.com,Customer Success,UX Designer,London,UK,147984,9.7,false
EMP12313,James Berners-Lee,james.berners-lee2313@example.com,Product,UX Designer,Paris,FR,77802,6.9,false
EMP12314,Theo Petrov,theo.petrov2314@example.com,Design,UX Designer,Sydney,AU,63980,4.5,true
EMP12315,Grace Perlman,grace.perlman2315@example.com,Design,Data Analyst,Paris,FR,60584,6.3,true
EMP12316,Ada Chen,ada.chen2316@example.com,Design,QA Engineer,London,UK,148954,10.3,true
EMP12317,Linus Hopper,linus.hopper2317@example.com,Finance,Product Manager,Singapore,SG,124817,3.6,false
EMP12318,Vint Müller,vint.müller2318@example.com,Operations,Software Engineer,Amsterdam,NL,107250,0.2,false
EMP12319,James Nakamura,james.nakamura2319@example.com,Product,QA Engineer,Berlin,DE,92096,4.0,false
EMP12320,Leo Liskov,leo.liskov2320@example.com,Product,Sales Rep,Berlin,DE,119668,11.1,false
EMP12321,Sam Silva,sam.silva2321@example.com,Marketing,Data Analyst,Sydney,AU,131887,6.8,true
EMP12322,Barbara Chen,barbara.chen2322@example.com,Engineering,Sales Rep,Toronto,CA,87229,3.6,false
EMP12323,Noah Hamilton,noah.hamilton2323@example.com,Design,DevOps Engineer,Singapore,SG,52348,7.9,false
EMP12324,Maya Singh,maya.singh2324@example.com,Product,Data Analyst,Dublin,IE,158541,6.3,false
EMP12325,Zara Hopper,zara.hopper2325@example.com,Operations,DevOps Engineer,London,UK,125330,9.3,true
EMP12326,Ada Singh,ada.singh2326@example.com,Engineering,Product Manager,New York,US,159458,0.4,true
EMP12327,Katherine Okafor,katherine.okafor2327@example.com,Finance,Marketing Lead,Sydney,AU,105538,10.3,false
EMP12328,Tim Johnson,tim.johnson2328@example.com,Sales,QA Engineer,Dublin,IE,126186,9.6,true
EMP12329,Ivan Liskov,ivan.liskov2329@example.com,Marketing,DevOps Engineer,São Paulo,BR,147342,4.3,true
EMP12330,Lucas Singh,lucas.singh2330@example.com,Marketing,Marketing Lead,Sydney,AU,114194,12.0,true
EMP12331,Maya Chen,maya.chen2331@example.com,Sales,Finance Analyst,Sydney,AU,115168,7.0,false
EMP12332,Sophie Johnson,sophie.johnson2332@example.com,Design,QA Engineer,Toronto,CA,139066,6.0,false
EMP12333,Nina Cerf,nina.cerf2333@example.com,Design,Data Analyst,Berlin,DE,66164,0.0,true
EMP12334,Sam Silva,sam.silva2334@example.com,Sales,Sales Rep,São Paulo,BR,46594,0.1,false
EMP12335,James Berners-Lee,james.berners-lee2335@example.com,Design,UX Designer,Tokyo,JP,62177,9.1,true
EMP12336,Sam Cerf,sam.cerf2336@example.com,Engineering,DevOps Engineer,Berlin,DE,143631,1.2,true
EMP12337,Carlos Rossi,carlos.rossi2337@example.com,Sales,Customer Success,Sydney,AU,83229,2.3,false
EMP12338,Alan Andersson,alan.andersson2338@example.com,Finance,Sales Rep,Toronto,CA,46523,7.3,true
EMP12339,Carlos Chen,carlos.chen2339@example.com,Marketing,Finance Analyst,New York,US,51658,7.8,true
EMP12340,Aisha Torvalds,aisha.torvalds2340@example.com,Sales,Finance Analyst,New York,US,70576,10.6,true
EMP12341,Aisha Okafor,aisha.okafor2341@example.com,Operations,Product Manager,São Paulo,BR,140840,9.1,false
EMP12342,Radia Turing,radia.turing2342@example.com,Customer Success,Sales Rep,New York,US,109175,10.3,false
EMP12343,Yuki Berners-Lee,yuki.berners-lee2343@example.com,Finance,QA Engineer,Tokyo,JP,114725,1.6,true
EMP12344,Ada Johnson,ada.johnson2344@example.com,Finance,Data Analyst,São Paulo,BR,111043,0.7,true
EMP12345,Maya Perlman,maya.perlman2345@example.com,Operations,Finance Analyst,Paris,FR,144820,9.1,true
EMP12346,Omar Perlman,omar.perlman2346@example.com,Marketing,Software Engineer,Nairobi,KE,140949,4.3,false
EMP12347,Sophie Okafor,sophie.okafor2347@example.com,Customer Success,Sales Rep,New York,US,126508,6.2,true
EMP12348,Tim Müller,tim.müller2348@example.com,Product,Customer Success,Singapore,SG,162003,0.8,true
EMP12349,Amara Turing,amara.turing2349@example.com,Product,Marketing Lead,Singapore,SG,106582,8.4,true
EMP12350,Chen Andersson,chen.andersson2350@example.com,Operations,Marketing Lead,Berlin,DE,129721,11.5,true
EMP12351,Lucas Rossi,lucas.rossi2351@example.com,Finance,Marketing Lead,Sydney,AU,112993,4.0,false
EMP12352,Theo Nakamura,theo.nakamura2352@example.com,Product,Product Manager,Dublin,IE,55512,8.5,false
EMP12353,Carlos Cerf,carlos.cerf2353@example.com,Marketing,DevOps Engineer,São Paulo,BR,59203,4.1,false
EMP12354,Sophie Petrov,sophie.petrov2354@example.com,Sales,Marketing Lead,Toronto,CA,161965,10.7,true
EMP12355,Vint Kowalski,vint.kowalski2355@example.com,Sales,Product Manager,New York,US,115607,9.5,true
EMP12356,Noah Lovelace,noah.lovelace2356@example.com,Design,Finance Analyst,New York,US,134974,4.4,false
EMP12357,Yuki Liskov,yuki.liskov2357@example.com,Operations,UX Designer,Sydney,AU,87563,2.0,false
EMP12358,Grace Petrov,grace.petrov2358@example.com,Marketing,Finance Analyst,New York,US,55984,2.4,true
EMP12359,Barbara Singh,barbara.singh2359@example.com,Customer Success,Product Manager,São Paulo,BR,110318,3.7,false
EMP12360,Sophie Singh,sophie.singh2360@example.com,Customer Success,DevOps Engineer,Toronto,CA,149108,2.5,true
EMP12361,Chen Hopper,chen.hopper2361@example.com,Design,Sales Rep,Tokyo,JP,86824,1.2,false
EMP12362,Lucas Berners-Lee,lucas.berners-lee2362@example.com,Design,Sales Rep,Singapore,SG,146032,2.7,false
EMP12363,Grace Hopper,grace.hopper2363@example.com,Customer Success,Data Analyst,Singapore,SG,54103,2.6,true
EMP12364,Yuki Berners-Lee,yuki.berners-lee2364@example.com,Design,Marketing Lead,Berlin,DE,139349,11.4,false
EMP12365,Katherine Okafor,katherine.okafor2365@example.com,Marketing,Product Manager,Paris,FR,90500,8.4,true
EMP12366,Aisha Kowalski,aisha.kowalski2366@example.com,Marketing,Product Manager,Amsterdam,NL,65625,2.9,false
EMP12367,Noah Perlman,noah.perlman2367@example.com,Sales,Product Manager,New York,US,126671,5.8,false
EMP12368,Ada Perlman,ada.perlman2368@example.com,Engineering,Finance Analyst,Toronto,CA,102995,10.3,true
EMP12369,Barbara Kowalski,barbara.kowalski2369@example.com,Marketing,UX Designer,Sydney,AU,97679,1.7,false
EMP12370,Ivan Liskov,ivan.liskov2370@example.com,Product,Customer Success,Paris,FR,105895,2.3,false
EMP12371,Nina Kowalski,nina.kowalski2371@example.com,Design,Finance Analyst,Sydney,AU,107793,5.2,true
EMP12372,Theo Andersson,theo.andersson2372@example.com,Finance,Customer Success,Toronto,CA,86575,1.5,true
EMP12373,Omar Turing,omar.turing2373@example.com,Customer Success,Customer Success,Amsterdam,NL,151625,9.9,true
EMP12374,Lucas Cerf,lucas.cerf2374@example.com,Engineering,Software Engineer,Berlin,DE,74425,7.4,true
EMP12375,Omar Johnson,omar.johnson2375@example.com,Design,Customer Success,London,UK,55751,1.3,true
EMP12376,Katherine Silva,katherine.silva2376@example.com,Marketing,Software Engineer,London,UK,82972,8.5,false
EMP12377,Fatima Silva,fatima.silva2377@example.com,Operations,DevOps Engineer,Tokyo,JP,111903,0.6,true
EMP12378,Katherine Petrov,katherine.petrov2378@example.com,Engineering,Product Manager,São Paulo,BR,51093,6.0,true
EMP12379,Chen Silva,chen.silva2379@example.com,Product,Sales Rep,London,UK,133986,2.7,true
EMP12380,Priya Hamilton,priya.hamilton2380@example.com,Customer Success,Customer Success,Singapore,SG,53570,11.0,false
EMP12381,Elena Johnson,elena.johnson2381@example.com,Finance,Marketing Lead,Singapore,SG,101920,5.9,false
EMP12382,Alan Nakamura,alan.nakamura2382@example.com,Engineering,Sales Rep,Dublin,IE,79928,6.6,false
EMP12383,Maya Cerf,maya.cerf2383@example.com,Design,DevOps Engineer,Toronto,CA,89726,0.7,false
EMP12384,Nina Müller,nina.müller2384@example.com,Finance,DevOps Engineer,São Paulo,BR,156695,4.2,false
EMP12385,Fatima Cerf,fatima.cerf2385@example.com,Product,Product Manager,Sydney,AU,99640,4.0,true
EMP12386,Elena Singh,elena.singh2386@example.com,Operations,UX Designer,Dublin,IE,59232,4.1,true
EMP12387,James Liskov,james.liskov2387@example.com,Operations,Customer Success,New York,US,72893,10.9,true
EMP12388,Alan Hamilton,alan.hamilton2388@example.com,Product,Customer Success,Dublin,IE,99048,6.2,true
EMP12389,Zara Nakamura,zara.nakamura2389@example.com,Marketing,QA Engineer,Tokyo,JP,114111,8.1,false
EMP12390,Nina Rossi,nina.rossi2390@example.com,Operations,Data Analyst,Amsterdam,NL,45169,3.5,false
EMP12391,Noah Kowalski,noah.kowalski2391@example.com,Finance,UX Designer,Berlin,DE,84679,2.1,false
EMP12392,Tim Perlman,tim.perlman2392@example.com,Design,Customer Success,Sydney,AU,159658,6.2,false
EMP12393,Ada Lovelace,ada.lovelace2393@example.com,Design,QA Engineer,Sydney,AU,55759,9.6,false
EMP12394,Tim Silva,tim.silva2394@example.com,Customer Success,Customer Success,Berlin,DE,159280,4.8,true
EMP12395,Katherine Turing,katherine.turing2395@example.com,Marketing,Software Engineer,Nairobi,KE,137948,6.6,false
EMP12396,Barbara Hamilton,barbara.hamilton2396@example.com,Product,QA Engineer,Dublin,IE,127850,9.4,false
EMP12397,Katherine Berners-Lee,katherine.berners-lee2397@example.com,Finance,Product Manager,New York,US,106892,4.5,true
EMP12398,Linus Berners-Lee,linus.berners-lee2398@example.com,Engineering,Sales Rep,London,UK,57473,1.4,true
EMP12399,Priya Kowalski,priya.kowalski2399@example.com,Customer Success,Product Manager,Singapore,SG,125425,8.3,false
EMP12400,Sam Cerf,sam.cerf2400@example.com,Engineering,Product Manager,Paris,FR,158360,8.6,true
EMP12401,Ivan Okafor,ivan.okafor2401@example.com,Sales,QA Engineer,Berlin,DE,158264,6.2,false
EMP12402,Yuki Okafor,yuki.okafor2402@example.com,Finance,UX Designer,Singapore,SG,150088,6.7,false
EMP12403,Omar Hopper,omar.hopper2403@example.com,Marketing,Finance Analyst,Amsterdam,NL,54276,4.7,true
EMP12404,James Chen,james.chen2404@example.com,Finance,Data Analyst,Sydney,AU,70363,9.5,false
EMP12405,Sam Hopper,sam.hopper2405@example.com,Marketing,Marketing Lead,Nairobi,KE,129679,3.9,true
EMP12406,Zara Lovelace,zara.lovelace2406@example.com,Design,DevOps Engineer,Toronto,CA,148863,1.6,false
EMP12407,Omar Okafor,omar.okafor2407@example.com,Sales,UX Designer,Paris,FR,77013,9.5,false
EMP12408,Elena Turing,elena.turing2408@example.com,Finance,Customer Success,Amsterdam,NL,147604,8.6,true
EMP12409,Noah Liskov,noah.liskov2409@example.com,Marketing,Software Engineer,Singapore,SG,113585,8.8,false
EMP12410,Nina Petrov,nina.petrov2410@example.com,Design,Marketing Lead,Amsterdam,NL,125548,11.3,true
EMP12411,Noah Lovelace,noah.lovelace2411@example.com,Design,Marketing Lead,Singapore,SG,104904,8.9,true
EMP12412,Vint Lovelace,vint.lovelace2412@example.com,Marketing,Sales Rep,London,UK,78628,0.6,false
EMP12413,Amara Kowalski,amara.kowalski2413@example.com,Operations,UX Designer,New York,US,101628,1.3,false
EMP12414,Lucas Chen,lucas.chen2414@example.com,Marketing,QA Engineer,Berlin,DE,66145,10.9,false
EMP12415,Vint Berners-Lee,vint.berners-lee2415@example.com,Engineering,Data Analyst,Nairobi,KE,59533,8.8,true
EMP12416,Noah Berners-Lee,noah.berners-lee2416@example.com,Customer Success,DevOps Engineer,Nairobi,KE,127629,6.7,false
EMP12417,Margaret Turing,margaret.turing2417@example.com,Product,Product Manager,São Paulo,BR,59745,11.5,false
EMP12418,Chen Cerf,chen.cerf2418@example.com,Sales,UX Designer,Dublin,IE,77410,6.7,false
EMP12419,Chen Kowalski,chen.kowalski2419@example.com,Design,Marketing Lead,Toronto,CA,100066,10.9,true
EMP12420,Katherine Petrov,katherine.petrov2420@example.com,Engineering,Sales Rep,Amsterdam,NL,126481,7.7,false
EMP12421,Aisha Torvalds,aisha.torvalds2421@example.com,Operations,Software Engineer,Tokyo,JP,134844,1.5,true
EMP12422,Omar Torvalds,omar.torvalds2422@example.com,Finance,QA Engineer,Singapore,SG,53232,10.7,true
EMP12423,Priya Liskov,priya.liskov2423@example.com,Design,Finance Analyst,Dublin,IE,94942,8.6,true
EMP12424,Sophie Cerf,sophie.cerf2424@example.com,Customer Success,Product Manager,São Paulo,BR,54782,7.1,true
EMP12425,Omar Silva,omar.silva2425@example.com,Design,QA Engineer,New York,US,115392,9.4,false
EMP12426,Ada Cerf,ada.cerf2426@example.com,Finance,Software Engineer,Amsterdam,NL,111495,11.7,true
EMP12427,Maya Lovelace,maya.lovelace2427@example.com,Sales,QA Engineer,Amsterdam,NL,163342,3.3,true
EMP12428,Ada Silva,ada.silva2428@example.com,Operations,DevOps Engineer,Singapore,SG,52785,7.6,false
EMP12429,Maya Singh,maya.singh2429@example.com,Customer Success,Sales Rep,Paris,FR,80359,3.1,true
EMP12430,James Chen,james.chen2430@example.com,Sales,UX Designer,Singapore,SG,78210,6.4,false
EMP12431,Chen Chen,chen.chen2431@example.com,Finance,Customer Success,Toronto,CA,52907,0.1,true
EMP12432,Ada Müller,ada.müller2432@example.com,Finance,DevOps Engineer,Amsterdam,NL,96135,4.4,true
EMP12433,Carlos Silva,carlos.silva2433@example.com,Customer Success,Finance Analyst,Nairobi,KE,89306,6.8,true
EMP12434,Yuki Silva,yuki.silva2434@example.com,Design,UX Designer,Toronto,CA,75374,3.6,true
EMP12435,Leo Hamilton,leo.hamilton2435@example.com,Sales,DevOps Engineer,Paris,FR,152673,11.1,false
EMP12436,Ada Torvalds,ada.torvalds2436@example.com,Customer Success,Product Manager,Amsterdam,NL,96439,10.4,false
EMP12437,Noah Okafor,noah.okafor2437@example.com,Customer Success,UX Designer,Amsterdam,NL,123264,0.8,true
EMP12438,Radia Müller,radia.müller2438@example.com,Finance,Customer Success,Toronto,CA,147517,7.3,true
EMP12439,Margaret Silva,margaret.silva2439@example.com,Finance,Data Analyst,Dublin,IE,94322,11.5,false
EMP12440,Noah Johnson,noah.johnson2440@example.com,Operations,Product Manager,New York,US,146273,9.4,false
EMP12441,Katherine Berners-Lee,katherine.berners-lee2441@example.com,Operations,DevOps Engineer,Sydney,AU,112932,1.4,false
EMP12442,Maya Perlman,maya.perlman2442@example.com,Marketing,Sales Rep,Berlin,DE,128087,0.6,false
EMP12443,Zara Torvalds,zara.torvalds2443@example.com,Product,Customer Success,Singapore,SG,45737,6.3,false
EMP12444,Barbara Berners-Lee,barbara.berners-lee2444@example.com,Finance,Software Engineer,London,UK,125012,7.5,true
EMP12445,Amara Nakamura,amara.nakamura2445@example.com,Engineering,Marketing Lead,London,UK,116789,6.9,false
EMP12446,Chen Perlman,chen.perlman2446@example.com,Engineering,Sales Rep,Sydney,AU,57845,10.6,false
EMP12447,Tim Perlman,tim.perlman2447@example.com,Design,Software Engineer,Paris,FR,104765,4.2,true
EMP12448,Linus Cerf,linus.cerf2448@example.com,Finance,QA Engineer,Paris,FR,104083,7.1,true
EMP12449,Ada Torvalds,ada.torvalds2449@example.com,Engineering,Product Manager,Berlin,DE,66393,3.1,true
EMP12450,Elena Torvalds,elena.torvalds2450@example.com,Design,Customer Success,Nairobi,KE,55863,3.8,false
EMP12451,Sam Cerf,sam.cerf2451@example.com,Product,Product Manager,Tokyo,JP,79066,7.6,false
EMP12452,Barbara Lovelace,barbara.lovelace2452@example.com,Engineering,Finance Analyst,São Paulo,BR,82828,0.1,false
EMP12453,Linus Petrov,linus.petrov2453@example.com,Product,DevOps Engineer,Paris,FR,54183,1.4,false
EMP12454,Noah Petrov,noah.petrov2454@example.com,Sales,Sales Rep,São Paulo,BR,162283,0.6,false
EMP12455,Carlos Torvalds,carlos.torvalds2455@example.com,Engineering,QA Engineer,Toronto,CA,150817,10.8,true
EMP12456,Leo Perlman,leo.perlman2456@example.com,Engineering,QA Engineer,London,UK,105665,2.2,false
EMP12457,Radia Berners-Lee,radia.berners-lee2457@example.com,Product,Customer Success,Amsterdam,NL,67342,2.7,true
EMP12458,Priya Silva,priya.silva2458@example.com,Finance,Product Manager,New York,US,123352,10.5,false
EMP12459,Nina Kowalski,nina.kowalski2459@example.com,Operations,QA Engineer,New York,US,85336,6.7,true
EMP12460,Vint Cerf,vint.cerf2460@example.com,Sales,UX Designer,Berlin,DE,90098,9.8,true
EMP12461,Yuki Johnson,yuki.johnson2461@example.com,Finance,Software Engineer,Sydney,AU,63447,2.6,true
EMP12462,Vint Silva,vint.silva2462@example.com,Finance,Customer Success,Toronto,CA,107918,11.6,true
EMP12463,Elena Turing,elena.turing2463@example.com,Customer Success,QA Engineer,Paris,FR,141561,0.9,false
EMP12464,Grace Perlman,grace.perlman2464@example.com,Customer Success,Finance Analyst,São Paulo,BR,104215,10.7,false
EMP12465,Zara Kowalski,zara.kowalski2465@example.com,Engineering,Customer Success,São Paulo,BR,109781,6.1,false
EMP12466,Katherine Petrov,katherine.petrov2466@example.com,Finance,Marketing Lead,Paris,FR,125901,7.8,true
EMP12467,Amara Perlman,amara.perlman2467@example.com,Sales,Finance Analyst,Dublin,IE,84444,8.9,false
EMP12468,Maya Silva,maya.silva2468@example.com,Engineering,Product Manager,Berlin,DE,51731,2.5,false
EMP12469,Tim Johnson,tim.johnson2469@example.com,Marketing,Customer Success,London,UK,164700,1.2,false
EMP12470,Aisha Singh,aisha.singh2470@example.com,Product,UX Designer,Paris,FR,160838,6.4,true
EMP12471,Linus Turing,linus.turing2471@example.com,Finance,UX Designer,Tokyo,JP,134841,11.4,false
EMP12472,Chen Hamilton,chen.hamilton2472@example.com,Customer Success,Product Manager,Tokyo,JP,142558,3.3,true
EMP12473,Elena Johnson,elena.johnson2473@example.com,Marketing,Data Analyst,London,UK,105925,4.8,false
EMP12474,Theo Johnson,theo.johnson2474@example.com,Sales,Software Engineer,London,UK,147978,10.5,true
EMP12475,Priya Liskov,priya.liskov2475@example.com,Marketing,Software Engineer,London,UK,74859,11.8,false
EMP12476,Sam Nakamura,sam.nakamura2476@example.com,Product,Data Analyst,Berlin,DE,114244,10.9,true
EMP12477,Priya Müller,priya.müller2477@example.com,Marketing,UX Designer,London,UK,155461,11.0,true
EMP12478,Katherine Cerf,katherine.cerf2478@example.com,Design,Data Analyst,Nairobi,KE,124759,10.8,true
EMP12479,Tim Lovelace,tim.lovelace2479@example.com,Design,DevOps Engineer,Dublin,IE,82662,0.8,false
EMP12480,Sam Lovelace,sam.lovelace2480@example.com,Finance,Sales Rep,New York,US,140881,3.5,true
EMP12481,James Lovelace,james.lovelace2481@example.com,Customer Success,Marketing Lead,Singapore,SG,142250,9.8,false
EMP12482,Omar Andersson,omar.andersson2482@example.com,Product,UX Designer,New York,US,78121,2.7,false
EMP12483,Linus Berners-Lee,linus.berners-lee2483@example.com,Sales,Data Analyst,Singapore,SG,78972,7.0,true
EMP12484,Leo Andersson,leo.andersson2484@example.com,Design,Product Manager,Nairobi,KE,72240,4.4,false
EMP12485,Linus Liskov,linus.liskov2485@example.com,Operations,Product Manager,São Paulo,BR,146271,10.0,true
EMP12486,Nina Liskov,nina.liskov2486@example.com,Product,Finance Analyst,Amsterdam,NL,144984,8.9,true
EMP12487,Priya Chen,priya.chen2487@example.com,Operations,Marketing Lead,Berlin,DE,157352,9.0,true
EMP12488,Ada Kowalski,ada.kowalski2488@example.com,Design,DevOps Engineer,Amsterdam,NL,160019,0.1,false
EMP12489,Vint Andersson,vint.andersson2489@example.com,Engineering,Product Manager,London,UK,132106,11.5,false
EMP12490,Ada Singh,ada.singh2490@example.com,Marketing,Sales Rep,São Paulo,BR,132723,11.1,false
EMP12491,Sophie Turing,sophie.turing2491@example.com,Design,Marketing Lead,Amsterdam,NL,142450,6.0,false
EMP12492,Sam Torvalds,sam.torvalds2492@example.com,Product,Product Manager,Berlin,DE,71630,7.6,false
EMP12493,Nina Chen,nina.chen2493@example.com,Marketing,DevOps Engineer,Dublin,IE,59219,3.1,true
EMP12494,Ada Lovelace,ada.lovelace2494@example.com,Customer Success,Finance Analyst,New York,US,45151,2.6,true
EMP12495,Barbara Lovelace,barbara.lovelace2495@example.com,Engineering,Finance Analyst,Tokyo,JP,66517,1.7,true
EMP12496,Maya Cerf,maya.cerf2496@example.com,Finance,DevOps Engineer,Tokyo,JP,84393,4.4,false
EMP12497,Radia Lovelace,radia.lovelace2497@example.com,Engineering,Sales Rep,Singapore,SG,100888,6.9,true
EMP12498,Aisha Cerf,aisha.cerf2498@example.com,Marketing,Software Engineer,Singapore,SG,96293,11.6,false
EMP12499,Vint Singh,vint.singh2499@example.com,Product,QA Engineer,Sydney,AU,105696,1.1,true
EMP12500,Carlos Torvalds,carlos.torvalds2500@example.com,Engineering,Product Manager,London,UK,113909,6.0,false
EMP12501,Chen Hamilton,chen.hamilton2501@example.com,Marketing,DevOps Engineer,Paris,FR,88474,3.9,true
EMP12502,Elena Cerf,elena.cerf2502@example.com,Design,Finance Analyst,Nairobi,KE,133887,6.2,true
EMP12503,Radia Silva,radia.silva2503@example.com,Marketing,DevOps Engineer,Singapore,SG,48948,11.9,true
EMP12504,Alan Lovelace,alan.lovelace2504@example.com,Finance,Customer Success,Sydney,AU,163393,6.9,false
EMP12505,Elena Müller,elena.müller2505@example.com,Sales,Sales Rep,London,UK,153922,3.1,false
EMP12506,Vint Cerf,vint.cerf2506@example.com,Design,Data Analyst,Berlin,DE,152927,4.8,false
EMP12507,Theo Andersson,theo.andersson2507@example.com,Design,Customer Success,Singapore,SG,101683,6.8,false
EMP12508,Theo Rossi,theo.rossi2508@example.com,Marketing,Customer Success,Tokyo,JP,158926,11.2,false
EMP12509,Leo Perlman,leo.perlman2509@example.com,Operations,Product Manager,Sydney,AU,61851,9.7,true
EMP12510,Nina Turing,nina.turing2510@example.com,Design,Sales Rep,Sydney,AU,49368,4.3,false
EMP12511,Chen Cerf,chen.cerf2511@example.com,Product,QA Engineer,Paris,FR,104930,3.8,true
EMP12512,Ada Hopper,ada.hopper2512@example.com,Customer Success,DevOps Engineer,New York,US,85423,5.5,true
EMP12513,Tim Liskov,tim.liskov2513@example.com,Operations,UX Designer,Sydney,AU,107488,8.1,false
EMP12514,Noah Hopper,noah.hopper2514@example.com,Engineering,Product Manager,São Paulo,BR,150195,0.0,true
EMP12515,Tim Andersson,tim.andersson2515@example.com,Engineering,Marketing Lead,Amsterdam,NL,113475,9.3,false
EMP12516,Carlos Turing,carlos.turing2516@example.com,Sales,Product Manager,Amsterdam,NL,131900,10.6,true
EMP12517,Sophie Hopper,sophie.hopper2517@example.com,Product,QA Engineer,Singapore,SG,139395,9.9,false
EMP12518,Linus Berners-Lee,linus.berners-lee2518@example.com,Design,Product Manager,Berlin,DE,76783,8.4,false
EMP12519,Leo Hopper,leo.hopper2519@example.com,Operations,QA Engineer,New York,US,82506,1.7,true
EMP12520,Tim Hopper,tim.hopper2520@example.com,Product,Product Manager,Singapore,SG,80725,1.8,false
EMP12521,Fatima Perlman,fatima.perlman2521@example.com,Engineering,Sales Rep,Nairobi,KE,55305,8.4,false
EMP12522,Sam Chen,sam.chen2522@example.com,Operations,Product Manager,Dublin,IE,102466,6.1,false
EMP12523,Radia Lovelace,radia.lovelace2523@example.com,Sales,Finance Analyst,Berlin,DE,153410,3.5,false
EMP12524,Elena Petrov,elena.petrov2524@example.com,Marketing,Sales Rep,New York,US,106707,2.8,true
EMP12525,Amara Hamilton,amara.hamilton2525@example.com,Sales,Marketing Lead,New York,US,50201,1.4,true
EMP12526,Theo Berners-Lee,theo.berners-lee2526@example.com,Marketing,Software Engineer,Amsterdam,NL,164239,11.2,true
EMP12527,Katherine Singh,katherine.singh2527@example.com,Marketing,Marketing Lead,Singapore,SG,149637,3.2,false
EMP12528,Alan Kowalski,alan.kowalski2528@example.com,Product,QA Engineer,Paris,FR,158825,7.6,false
EMP12529,Theo Okafor,theo.okafor2529@example.com,Customer Success,Software Engineer,New York,US,63644,1.2,false
EMP12530,Barbara Chen,barbara.chen2530@example.com,Design,Data Analyst,Singapore,SG,120383,3.6,false
EMP12531,Alan Silva,alan.silva2531@example.com,Sales,Customer Success,Dublin,IE,98544,1.1,true
EMP12532,Fatima Okafor,fatima.okafor2532@example.com,Engineering,UX Designer,Toronto,CA,161177,0.7,true
EMP12533,Sophie Torvalds,sophie.torvalds2533@example.com,Customer Success,QA Engineer,Sydney,AU,122328,7.2,false
EMP12534,Radia Müller,radia.müller2534@example.com,Design,Software Engineer,Amsterdam,NL,145834,10.6,false
EMP12535,Theo Singh,theo.singh2535@example.com,Engineering,Sales Rep,London,UK,137875,9.0,false
EMP12536,Zara Hamilton,zara.hamilton2536@example.com,Design,Product Manager,London,UK,156133,4.3,false
EMP12537,Maya Torvalds,maya.torvalds2537@example.com,Finance,Marketing Lead,Singapore,SG,150156,0.6,true
EMP12538,Grace Nakamura,grace.nakamura2538@example.com,Engineering,Data Analyst,São Paulo,BR,142410,9.1,true
EMP12539,Ivan Lovelace,ivan.lovelace2539@example.com,Design,Product Manager,Tokyo,JP,72669,11.9,true
EMP12540,Linus Okafor,linus.okafor2540@example.com,Marketing,UX Designer,São Paulo,BR,71059,8.3,false
EMP12541,James Perlman,james.perlman2541@example.com,Customer Success,Sales Rep,Dublin,IE,49930,9.5,false
EMP12542,Elena Cerf,elena.cerf2542@example.com,Design,Data Analyst,New York,US,156231,4.7,true
EMP12543,Barbara Chen,barbara.chen2543@example.com,Finance,Product Manager,Singapore,SG,66978,11.4,true
EMP12544,Aisha Müller,aisha.müller2544@example.com,Operations,Product Manager,Nairobi,KE,81485,8.3,false
EMP12545,Radia Rossi,radia.rossi2545@example.com,Engineering,Finance Analyst,Dublin,IE,163337,7.1,true
EMP12546,Maya Petrov,maya.petrov2546@example.com,Sales,Finance Analyst,Singapore,SG,158536,1.0,false
EMP12547,Katherine Okafor,katherine.okafor2547@example.com,Engineering,Marketing Lead,Nairobi,KE,54140,7.5,true
EMP12548,Aisha Andersson,aisha.andersson2548@example.com,Finance,QA Engineer,New York,US,71222,8.3,false
EMP12549,Chen Kowalski,chen.kowalski2549@example.com,Product,QA Engineer,Sydney,AU,129328,11.3,true
EMP12550,Grace Müller,grace.müller2550@example.com,Sales,QA Engineer,Berlin,DE,76142,3.3,false
EMP12551,Ivan Müller,ivan.müller2551@example.com,Engineering,Data Analyst,Sydney,AU,86843,11.4,true
EMP12552,Carlos Kowalski,carlos.kowalski2552@example.com,Engineering,Sales Rep,London,UK,79475,10.0,false
EMP12553,Katherine Chen,katherine.chen2553@example.com,Operations,Finance Analyst,Amsterdam,NL,121273,2.5,true
EMP12554,Barbara Nakamura,barbara.nakamura2554@example.com,Finance,DevOps Engineer,São Paulo,BR,124310,10.3,false
EMP12555,Radia Andersson,radia.andersson2555@example.com,Finance,Customer Success,Singapore,SG,46421,1.2,false
EMP12556,Omar Rossi,omar.rossi2556@example.com,Sales,Software Engineer,São Paulo,BR,49447,3.8,false
EMP12557,Omar Liskov,omar.liskov2557@example.com,Marketing,Finance Analyst,Berlin,DE,80651,3.7,true
EMP12558,Theo Kowalski,theo.kowalski2558@example.com,Sales,Product Manager,New York,US,89208,4.4,true
EMP12559,Omar Nakamura,omar.nakamura2559@example.com,Product,Marketing Lead,São Paulo,BR,129972,6.4,false
EMP12560,Tim Müller,tim.müller2560@example.com,Design,Data Analyst,Amsterdam,NL,76344,5.2,true
EMP12561,Fatima Nakamura,fatima.nakamura2561@example.com,Engineering,Product Manager,Dublin,IE,61925,7.0,true
EMP12562,Alan Singh,alan.singh2562@example.com,Engineering,Data Analyst,Sydney,AU,138311,2.2,true
EMP12563,Vint Lovelace,vint.lovelace2563@example.com,Sales,DevOps Engineer,São Paulo,BR,162810,1.2,false
EMP12564,Priya Lovelace,priya.lovelace2564@example.com,Operations,Data Analyst,Nairobi,KE,71277,11.0,false
EMP12565,Elena Müller,elena.müller2565@example.com,Finance,DevOps Engineer,Tokyo,JP,47889,3.1,true
EMP12566,Barbara Hamilton,barbara.hamilton2566@example.com,Finance,Sales Rep,London,UK,139505,3.6,false
EMP12567,Radia Okafor,radia.okafor2567@example.com,Marketing,UX Designer,São Paulo,BR,46796,8.4,true
EMP12568,Maya Hamilton,maya.hamilton2568@example.com,Finance,Finance Analyst,Berlin,DE,84442,1.4,true
EMP12569,Yuki Chen,yuki.chen2569@example.com,Sales,Data Analyst,Toronto,CA,111115,5.7,true
EMP12570,Ivan Okafor,ivan.okafor2570@example.com,Design,Product Manager,London,UK,53556,9.0,true
EMP12571,Nina Okafor,nina.okafor2571@example.com,Sales,Product Manager,Singapore,SG,158042,2.2,true
EMP12572,Carlos Andersson,carlos.andersson2572@example.com,Engineering,Marketing Lead,Toronto,CA,83612,6.9,true
EMP12573,Barbara Turing,barbara.turing2573@example.com,Design,UX Designer,Dublin,IE,156078,9.1,false
EMP12574,Ivan Hamilton,ivan.hamilton2574@example.com,Operations,DevOps Engineer,Paris,FR,85400,11.3,true
EMP12575,Margaret Rossi,margaret.rossi2575@example.com,Sales,UX Designer,New York,US,62825,1.8,false
EMP12576,Zara Lovelace,zara.lovelace2576@example.com,Design,Data Analyst,Tokyo,JP,118754,1.2,false
EMP12577,Maya Chen,maya.chen2577@example.com,Engineering,Sales Rep,Paris,FR,78815,11.3,false
EMP12578,Maya Chen,maya.chen2578@example.com,Product,Product Manager,São Paulo,BR,125393,7.0,false
EMP12579,Omar Torvalds,omar.torvalds2579@example.com,Engineering,QA Engineer,New York,US,111649,11.7,true
EMP12580,Amara Petrov,amara.petrov2580@example.com,Engineering,DevOps Engineer,Dublin,IE,94237,2.4,false
EMP12581,Ada Silva,ada.silva2581@example.com,Sales,Data Analyst,Amsterdam,NL,116767,9.9,false
EMP12582,Leo Müller,leo.müller2582@example.com,Operations,Marketing Lead,Tokyo,JP,92419,2.9,false
EMP12583,Amara Liskov,amara.liskov2583@example.com,Engineering,Finance Analyst,Nairobi,KE,150803,3.8,true
EMP12584,Aisha Perlman,aisha.perlman2584@example.com,Marketing,UX Designer,Berlin,DE,70835,10.2,false
EMP12585,Zara Lovelace,zara.lovelace2585@example.com,Marketing,DevOps Engineer,Dublin,IE,76881,2.6,true
EMP12586,Tim Chen,tim.chen2586@example.com,Operations,Data Analyst,Toronto,CA,132022,11.0,false
EMP12587,Fatima Lovelace,fatima.lovelace2587@example.com,Finance,DevOps Engineer,Dublin,IE,143809,3.7,false
EMP12588,Ivan Singh,ivan.singh2588@example.com,Finance,Customer Success,Amsterdam,NL,123322,2.0,false
EMP12589,Carlos Chen,carlos.chen2589@example.com,Design,Marketing Lead,New York,US,145483,10.6,true
EMP12590,Katherine Andersson,katherine.andersson2590@example.com,Sales,Sales Rep,São Paulo,BR,52338,4.7,true
EMP12591,Maya Silva,maya.silva2591@example.com,Customer Success,QA Engineer,London,UK,85345,4.3,false
EMP12592,Katherine Chen,katherine.chen2592@example.com,Product,DevOps Engineer,Toronto,CA,68057,11.1,false
EMP12593,Alan Cerf,alan.cerf2593@example.com,Engineering,Finance Analyst,Sydney,AU,84963,1.5,true
EMP12594,Margaret Okafor,margaret.okafor2594@example.com,Product,DevOps Engineer,Paris,FR,138203,0.4,true
EMP12595,Katherine Johnson,katherine.johnson2595@example.com,Engineering,QA Engineer,Singapore,SG,49553,8.0,false
EMP12596,Nina Berners-Lee,nina.berners-lee2596@example.com,Product,Sales Rep,Nairobi,KE,84983,11.4,true
EMP12597,Ivan Andersson,ivan.andersson2597@example.com,Engineering,Sales Rep,New York,US,136785,2.7,false
EMP12598,Sophie Johnson,sophie.johnson2598@example.com,Operations,Product Manager,Singapore,SG,97276,2.3,false
EMP12599,Sophie Chen,sophie.chen2599@example.com,Customer Success,Customer Success,Dublin,IE,65790,3.5,false
EMP12600,Fatima Hamilton,fatima.hamilton2600@example.com,Customer Success,Customer Success,São Paulo,BR,157289,3.0,false
EMP12601,Margaret Hamilton,margaret.hamilton2601@example.com,Customer Success,Software Engineer,London,UK,60868,8.2,false
EMP12602,Ada Lovelace,ada.lovelace2602@example.com,Finance,Customer Success,Berlin,DE,84551,8.1,false
EMP12603,Elena Petrov,elena.petrov2603@example.com,Finance,Data Analyst,Amsterdam,NL,121558,2.1,true
EMP12604,Chen Petrov,chen.petrov2604@example.com,Sales,Marketing Lead,Dublin,IE,103511,4.1,false
EMP12605,Yuki Petrov,yuki.petrov2605@example.com,Marketing,UX Designer,Singapore,SG,58591,8.2,true
EMP12606,Zara Nakamura,zara.nakamura2606@example.com,Operations,Data Analyst,Dublin,IE,57005,4.8,false
EMP12607,Radia Chen,radia.chen2607@example.com,Design,Finance Analyst,Berlin,DE,152619,2.7,false
EMP12608,Tim Rossi,tim.rossi2608@example.com,Product,Customer Success,Nairobi,KE,107433,7.7,true
EMP12609,Leo Petrov,leo.petrov2609@example.com,Sales,Marketing Lead,Sydney,AU,128196,1.6,false
EMP12610,Katherine Perlman,katherine.perlman2610@example.com,Customer Success,Customer Success,New York,US,142101,4.6,true
EMP12611,Elena Turing,elena.turing2611@example.com,Marketing,Marketing Lead,Tokyo,JP,132309,5.6,false
EMP12612,Vint Hopper,vint.hopper2612@example.com,Marketing,QA Engineer,Amsterdam,NL,77258,7.4,false
EMP12613,Alan Johnson,alan.johnson2613@example.com,Sales,Sales Rep,Berlin,DE,84291,9.9,true
EMP12614,Ivan Kowalski,ivan.kowalski2614@example.com,Engineering,Sales Rep,Sydney,AU,120153,4.8,true
EMP12615,Nina Lovelace,nina.lovelace2615@example.com,Marketing,Marketing Lead,Dublin,IE,85319,0.1,false
EMP12616,Sophie Lovelace,sophie.lovelace2616@example.com,Operations,QA Engineer,Tokyo,JP,46625,1.5,false
EMP12617,Ada Chen,ada.chen2617@example.com,Operations,Software Engineer,Sydney,AU,81388,10.2,false
EMP12618,Yuki Turing,yuki.turing2618@example.com,Sales,Marketing Lead,Berlin,DE,140648,8.9,false
EMP12619,Carlos Torvalds,carlos.torvalds2619@example.com,Operations,Sales Rep,Sydney,AU,154118,10.4,false
EMP12620,Priya Liskov,priya.liskov2620@example.com,Finance,QA Engineer,Berlin,DE,72789,9.1,true
EMP12621,Amara Chen,amara.chen2621@example.com,Operations,Data Analyst,Toronto,CA,110099,8.3,false
EMP12622,Leo Johnson,leo.johnson2622@example.com,Finance,Marketing Lead,Dublin,IE,82058,8.3,false
EMP12623,Katherine Chen,katherine.chen2623@example.com,Finance,Software Engineer,New York,US,47276,6.7,false
EMP12624,Vint Perlman,vint.perlman2624@example.com,Sales,QA Engineer,Sydney,AU,139393,12.0,true
EMP12625,Ada Hopper,ada.hopper2625@example.com,Operations,Software Engineer,Dublin,IE,148587,11.1,false
EMP12626,Ivan Singh,ivan.singh2626@example.com,Sales,DevOps Engineer,London,UK,144442,11.5,true
EMP12627,Ada Hopper,ada.hopper2627@example.com,Operations,UX Designer,Nairobi,KE,81803,1.1,true
EMP12628,Elena Liskov,elena.liskov2628@example.com,Design,Data Analyst,Nairobi,KE,63538,6.4,true
EMP12629,Radia Hopper,radia.hopper2629@example.com,Marketing,UX Designer,Singapore,SG,148506,11.3,true
EMP12630,Katherine Kowalski,katherine.kowalski2630@example.com,Operations,QA Engineer,London,UK,146014,2.3,false
EMP12631,Katherine Berners-Lee,katherine.berners-lee2631@example.com,Finance,Software Engineer,São Paulo,BR,48220,11.1,false
EMP12632,Ivan Petrov,ivan.petrov2632@example.com,Customer Success,Customer Success,Toronto,CA,95587,0.9,false
EMP12633,Margaret Lovelace,margaret.lovelace2633@example.com,Design,DevOps Engineer,Dublin,IE,115257,6.4,true
EMP12634,Leo Lovelace,leo.lovelace2634@example.com,Design,QA Engineer,Berlin,DE,70553,9.3,false
EMP12635,Sophie Chen,sophie.chen2635@example.com,Design,Software Engineer,Berlin,DE,86108,2.3,false
EMP12636,Zara Andersson,zara.andersson2636@example.com,Sales,Software Engineer,London,UK,67815,11.4,true
EMP12637,Sophie Petrov,sophie.petrov2637@example.com,Finance,Data Analyst,New York,US,123954,4.1,false
EMP12638,Priya Petrov,priya.petrov2638@example.com,Sales,Finance Analyst,Berlin,DE,46975,9.1,false
EMP12639,Vint Johnson,vint.johnson2639@example.com,Customer Success,Software Engineer,Paris,FR,103224,0.8,true
EMP12640,Radia Andersson,radia.andersson2640@example.com,Customer Success,Data Analyst,Tokyo,JP,79110,5.2,false
EMP12641,Vint Petrov,vint.petrov2641@example.com,Customer Success,Customer Success,Dublin,IE,81325,6.4,false
EMP12642,Leo Cerf,leo.cerf2642@example.com,Operations,Sales Rep,São Paulo,BR,68356,0.0,true
EMP12643,Carlos Cerf,carlos.cerf2643@example.com,Finance,Marketing Lead,Paris,FR,72777,5.5,true
EMP12644,Katherine Müller,katherine.müller2644@example.com,Finance,Data Analyst,Amsterdam,NL,107719,9.9,true
EMP12645,Margaret Singh,margaret.singh2645@example.com,Product,Marketing Lead,Toronto,CA,65938,9.6,true
EMP12646,Sophie Okafor,sophie.okafor2646@example.com,Marketing,QA Engineer,New York,US,117546,9.7,false
EMP12647,Ada Johnson,ada.johnson2647@example.com,Design,Finance Analyst,Paris,FR,121703,6.8,true
EMP12648,Amara Turing,amara.turing2648@example.com,Product,Software Engineer,London,UK,67365,4.5,true
EMP12649,Ada Johnson,ada.johnson2649@example.com,Engineering,Marketing Lead,Singapore,SG,139235,2.8,false
EMP12650,Fatima Kowalski,fatima.kowalski2650@example.com,Marketing,Software Engineer,Tokyo,JP,157973,2.5,true
EMP12651,Priya Lovelace,priya.lovelace2651@example.com,Operations,Data Analyst,Amsterdam,NL,163562,6.4,false
EMP12652,Tim Müller,tim.müller2652@example.com,Engineering,UX Designer,Amsterdam,NL,79054,3.8,false
EMP12653,Fatima Andersson,fatima.andersson2653@example.com,Design,Software Engineer,São Paulo,BR,67470,3.0,false
EMP12654,Yuki Rossi,yuki.rossi2654@example.com,Sales,Finance Analyst,Toronto,CA,127733,9.1,false
EMP12655,Vint Berners-Lee,vint.berners-lee2655@example.com,Customer Success,Marketing Lead,Berlin,DE,109453,7.1,true
EMP12656,Ada Cerf,ada.cerf2656@example.com,Design,Data Analyst,Nairobi,KE,80974,3.9,true
EMP12657,Aisha Perlman,aisha.perlman2657@example.com,Design,Data Analyst,Tokyo,JP,73324,8.6,true
EMP12658,Alan Rossi,alan.rossi2658@example.com,Finance,Customer Success,Tokyo,JP,146572,2.0,false
EMP12659,Lucas Berners-Lee,lucas.berners-lee2659@example.com,Customer Success,Sales Rep,Tokyo,JP,58162,0.8,false
EMP12660,Radia Singh,radia.singh2660@example.com,Marketing,Marketing Lead,New York,US,151647,3.9,true
EMP12661,Chen Petrov,chen.petrov2661@example.com,Design,UX Designer,Paris,FR,91838,4.1,true
EMP12662,Alan Kowalski,alan.kowalski2662@example.com,Marketing,DevOps Engineer,Nairobi,KE,159526,3.7,false
EMP12663,Amara Hopper,amara.hopper2663@example.com,Sales,QA Engineer,Toronto,CA,96371,2.4,false
EMP12664,Elena Johnson,elena.johnson2664@example.com,Engineering,Data Analyst,Dublin,IE,157514,9.9,false
EMP12665,Alan Hopper,alan.hopper2665@example.com,Finance,Finance Analyst,Paris,FR,96435,4.4,true
EMP12666,Omar Okafor,omar.okafor2666@example.com,Engineering,Product Manager,London,UK,70863,4.4,false
EMP12667,Sam Turing,sam.turing2667@example.com,Engineering,Marketing Lead,Toronto,CA,104440,1.3,false
EMP12668,Zara Hamilton,zara.hamilton2668@example.com,Engineering,QA Engineer,New York,US,85301,2.9,true
EMP12669,Radia Petrov,radia.petrov2669@example.com,Sales,DevOps Engineer,New York,US,161823,10.9,false
EMP12670,Carlos Rossi,carlos.rossi2670@example.com,Design,Product Manager,Singapore,SG,125109,1.2,true
EMP12671,Lucas Petrov,lucas.petrov2671@example.com,Customer Success,Customer Success,Paris,FR,146782,12.0,true
EMP12672,Yuki Müller,yuki.müller2672@example.com,Design,Data Analyst,Berlin,DE,147345,10.3,false
EMP12673,Theo Rossi,theo.rossi2673@example.com,Engineering,UX Designer,Dublin,IE,114633,10.4,false
EMP12674,Elena Andersson,elena.andersson2674@example.com,Design,Sales Rep,Dublin,IE,80968,5.1,true
EMP12675,Nina Nakamura,nina.nakamura2675@example.com,Customer Success,Software Engineer,New York,US,53742,6.4,true
EMP12676,James Lovelace,james.lovelace2676@example.com,Customer Success,Software Engineer,Tokyo,JP,160845,9.8,true
EMP12677,Ivan Silva,ivan.silva2677@example.com,Finance,Data Analyst,Paris,FR,155760,1.2,false
EMP12678,Ada Petrov,ada.petrov2678@example.com,Operations,Software Engineer,Dublin,IE,75330,3.6,false
EMP12679,Ada Hopper,ada.hopper2679@example.com,Design,Sales Rep,Paris,FR,70046,5.8,false
EMP12680,Yuki Singh,yuki.singh2680@example.com,Finance,Product Manager,Toronto,CA,62794,8.0,false
EMP12681,Grace Petrov,grace.petrov2681@example.com,Operations,Sales Rep,Toronto,CA,67000,1.1,true
EMP12682,Nina Kowalski,nina.kowalski2682@example.com,Sales,QA Engineer,São Paulo,BR,119769,2.8,true
EMP12683,Omar Andersson,omar.andersson2683@example.com,Operations,Software Engineer,Toronto,CA,102863,0.8,true
EMP12684,Sophie Silva,sophie.silva2684@example.com,Product,Data Analyst,Sydney,AU,105009,0.9,false
EMP12685,Zara Lovelace,zara.lovelace2685@example.com,Marketing,Product Manager,Tokyo,JP,115339,9.8,false
EMP12686,Zara Nakamura,zara.nakamura2686@example.com,Sales,Data Analyst,Amsterdam,NL,140744,1.3,true
EMP12687,Katherine Petrov,katherine.petrov2687@example.com,Finance,Software Engineer,Dublin,IE,156100,2.2,true
EMP12688,Yuki Hamilton,yuki.hamilton2688@example.com,Product,QA Engineer,Dublin,IE,81312,0.4,false
EMP12689,Omar Müller,omar.müller2689@example.com,Engineering,UX Designer,New York,US,122315,10.6,false
EMP12690,Fatima Johnson,fatima.johnson2690@example.com,Engineering,UX Designer,London,UK,70082,3.7,false
EMP12691,Radia Rossi,radia.rossi2691@example.com,Product,Marketing Lead,Tokyo,JP,85621,8.7,true
EMP12692,Alan Singh,alan.singh2692@example.com,Product,Data Analyst,Sydney,AU,92330,8.8,false
EMP12693,Sam Rossi,sam.rossi2693@example.com,Sales,Sales Rep,New York,US,154283,8.1,false
EMP12694,Linus Petrov,linus.petrov2694@example.com,Design,Customer Success,Singapore,SG,52798,4.7,true
EMP12695,Amara Nakamura,amara.nakamura2695@example.com,Design,DevOps Engineer,Nairobi,KE,113421,0.9,true
EMP12696,Amara Silva,amara.silva2696@example.com,Sales,Data Analyst,New York,US,57107,8.2,true
EMP12697,James Hopper,james.hopper2697@example.com,Marketing,UX Designer,Paris,FR,81523,8.0,true
EMP12698,Zara Johnson,zara.johnson2698@example.com,Product,Customer Success,Berlin,DE,157924,11.6,true
EMP12699,Fatima Andersson,fatima.andersson2699@example.com,Design,Finance Analyst,São Paulo,BR,57386,3.1,false
EMP12700,Leo Petrov,leo.petrov2700@example.com,Customer Success,DevOps Engineer,London,UK,164703,3.0,true
EMP12701,Alan Hamilton,alan.hamilton2701@example.com,Customer Success,DevOps Engineer,Sydney,AU,70203,1.7,false
EMP12702,Vint Perlman,vint.perlman2702@example.com,Design,Product Manager,São Paulo,BR,52812,11.9,true
EMP12703,Theo Lovelace,theo.lovelace2703@example.com,Engineering,Customer Success,Sydney,AU,121505,6.7,false
EMP12704,Nina Hopper,nina.hopper2704@example.com,Product,Sales Rep,São Paulo,BR,127316,12.0,true
EMP12705,Linus Perlman,linus.perlman2705@example.com,Sales,QA Engineer,Dublin,IE,58088,8.9,true
EMP12706,Lucas Perlman,lucas.perlman2706@example.com,Customer Success,Data Analyst,Paris,FR,86593,9.7,true
EMP12707,Vint Perlman,vint.perlman2707@example.com,Finance,Marketing Lead,Sydney,AU,161522,9.4,false
EMP12708,Alan Okafor,alan.okafor2708@example.com,Engineering,Finance Analyst,Toronto,CA,84537,5.0,false
EMP12709,Barbara Okafor,barbara.okafor2709@example.com,Finance,UX Designer,Sydney,AU,149058,5.9,true
EMP12710,Katherine Andersson,katherine.andersson2710@example.com,Product,QA Engineer,Amsterdam,NL,56745,2.7,true
EMP12711,Ada Nakamura,ada.nakamura2711@example.com,Marketing,Software Engineer,Tokyo,JP,122602,5.0,true
EMP12712,Tim Rossi,tim.rossi2712@example.com,Design,Sales Rep,Singapore,SG,150179,1.8,true
EMP12713,Sam Nakamura,sam.nakamura2713@example.com,Product,QA Engineer,New York,US,102552,7.1,false
EMP12714,Priya Cerf,priya.cerf2714@example.com,Sales,Marketing Lead,Berlin,DE,114538,8.6,false
EMP12715,Grace Petrov,grace.petrov2715@example.com,Engineering,DevOps Engineer,Singapore,SG,105399,4.5,true
EMP12716,Radia Lovelace,radia.lovelace2716@example.com,Sales,QA Engineer,Tokyo,JP,127866,10.6,true
EMP12717,Tim Torvalds,tim.torvalds2717@example.com,Engineering,Software Engineer,Berlin,DE,148230,1.2,true
EMP12718,Carlos Berners-Lee,carlos.berners-lee2718@example.com,Sales,DevOps Engineer,Toronto,CA,58918,7.6,false
EMP12719,Yuki Andersson,yuki.andersson2719@example.com,Design,Data Analyst,Berlin,DE,158479,2.0,true
EMP12720,Sam Okafor,sam.okafor2720@example.com,Product,Software Engineer,New York,US,117305,6.5,true
EMP12721,Carlos Müller,carlos.müller2721@example.com,Customer Success,Software Engineer,Paris,FR,95841,4.9,false
EMP12722,Amara Torvalds,amara.torvalds2722@example.com,Finance,Data Analyst,Sydney,AU,138172,3.2,true
EMP12723,Ada Kowalski,ada.kowalski2723@example.com,Product,DevOps Engineer,São Paulo,BR,133523,4.2,false
EMP12724,Ada Nakamura,ada.nakamura2724@example.com,Design,Data Analyst,Paris,FR,108374,8.9,false
EMP12725,Elena Lovelace,elena.lovelace2725@example.com,Marketing,Finance Analyst,Amsterdam,NL,132596,8.7,true
EMP12726,Margaret Cerf,margaret.cerf2726@example.com,Marketing,Finance Analyst,Singapore,SG,129843,6.6,false
EMP12727,Omar Torvalds,omar.torvalds2727@example.com,Product,Sales Rep,Singapore,SG,48903,0.6,false
EMP12728,Chen Cerf,chen.cerf2728@example.com,Finance,QA Engineer,New York,US,134012,6.7,true
EMP12729,Nina Turing,nina.turing2729@example.com,Design,Finance Analyst,Sydney,AU,90622,0.6,false
EMP12730,Linus Chen,linus.chen2730@example.com,Product,Sales Rep,Toronto,CA,103138,6.3,false
EMP12731,Linus Lovelace,linus.lovelace2731@example.com,Marketing,QA Engineer,Toronto,CA,95815,5.6,false
EMP12732,Ivan Rossi,ivan.rossi2732@example.com,Product,Customer Success,Paris,FR,127325,9.9,true
EMP12733,Theo Hamilton,theo.hamilton2733@example.com,Marketing,UX Designer,Nairobi,KE,71060,3.8,false
EMP12734,Alan Johnson,alan.johnson2734@example.com,Operations,DevOps Engineer,Berlin,DE,163719,6.1,true
EMP12735,Omar Hamilton,omar.hamilton2735@example.com,Customer Success,Product Manager,Dublin,IE,164645,11.2,false
EMP12736,Priya Singh,priya.singh2736@example.com,Customer Success,Finance Analyst,London,UK,118917,6.9,true
EMP12737,Margaret Turing,margaret.turing2737@example.com,Operations,DevOps Engineer,Singapore,SG,97612,4.5,false
EMP12738,Radia Andersson,radia.andersson2738@example.com,Customer Success,Sales Rep,Berlin,DE,123522,0.6,false
EMP12739,Ivan Nakamura,ivan.nakamura2739@example.com,Operations,Sales Rep,New York,US,148934,6.4,true
EMP12740,Noah Rossi,noah.rossi2740@example.com,Engineering,Product Manager,New York,US,129806,0.5,false
EMP12741,Carlos Cerf,carlos.cerf2741@example.com,Design,Customer Success,London,UK,122262,7.0,false
EMP12742,James Lovelace,james.lovelace2742@example.com,Sales,Data Analyst,London,UK,124994,0.3,false
EMP12743,Lucas Kowalski,lucas.kowalski2743@example.com,Design,QA Engineer,Paris,FR,113652,3.3,true
EMP12744,Tim Lovelace,tim.lovelace2744@example.com,Finance,QA Engineer,Paris,FR,61531,9.7,false
EMP12745,Elena Cerf,elena.cerf2745@example.com,Finance,Software Engineer,Paris,FR,68561,4.2,false
EMP12746,Leo Torvalds,leo.torvalds2746@example.com,Product,Data Analyst,Amsterdam,NL,153965,8.3,false
EMP12747,Chen Hopper,chen.hopper2747@example.com,Operations,Product Manager,Nairobi,KE,157013,5.3,true
EMP12748,Ivan Andersson,ivan.andersson2748@example.com,Customer Success,Marketing Lead,Sydney,AU,143939,5.5,false
EMP12749,Barbara Kowalski,barbara.kowalski2749@example.com,Engineering,Customer Success,Toronto,CA,92290,2.0,true
EMP12750,Noah Singh,noah.singh2750@example.com,Design,Marketing Lead,New York,US,64305,4.9,true
EMP12751,Omar Chen,omar.chen2751@example.com,Finance,Customer Success,Amsterdam,NL,65867,9.2,false
EMP12752,Elena Hamilton,elena.hamilton2752@example.com,Design,DevOps Engineer,Paris,FR,58705,9.8,false
EMP12753,Noah Nakamura,noah.nakamura2753@example.com,Engineering,DevOps Engineer,Paris,FR,67086,6.3,false
EMP12754,Noah Müller,noah.müller2754@example.com,Customer Success,Finance Analyst,Berlin,DE,113805,4.7,false
EMP12755,Carlos Hamilton,carlos.hamilton2755@example.com,Marketing,Data Analyst,São Paulo,BR,163179,7.3,false
EMP12756,Aisha Johnson,aisha.johnson2756@example.com,Customer Success,Marketing Lead,Nairobi,KE,54092,5.7,true
EMP12757,Omar Rossi,omar.rossi2757@example.com,Operations,Product Manager,Dublin,IE,150728,6.4,true
EMP12758,Sophie Silva,sophie.silva2758@example.com,Customer Success,QA Engineer,Dublin,IE,157007,4.0,true
EMP12759,Barbara Singh,barbara.singh2759@example.com,Sales,Data Analyst,Sydney,AU,80206,2.4,true
EMP12760,Amara Müller,amara.müller2760@example.com,Sales,Product Manager,Sydney,AU,58472,6.5,true
EMP12761,Katherine Okafor,katherine.okafor2761@example.com,Sales,Software Engineer,Nairobi,KE,87872,8.0,false
EMP12762,Sam Okafor,sam.okafor2762@example.com,Sales,UX Designer,Toronto,CA,132640,6.0,true
EMP12763,Priya Silva,priya.silva2763@example.com,Product,Marketing Lead,New York,US,82308,2.1,true
EMP12764,Noah Singh,noah.singh2764@example.com,Operations,QA Engineer,Singapore,SG,132363,4.9,false
EMP12765,Katherine Petrov,katherine.petrov2765@example.com,Customer Success,Product Manager,Nairobi,KE,84350,10.3,true
EMP12766,Amara Petrov,amara.petrov2766@example.com,Customer Success,Customer Success,São Paulo,BR,94330,1.3,true
EMP12767,Ivan Rossi,ivan.rossi2767@example.com,Marketing,Marketing Lead,Tokyo,JP,79068,8.0,false
EMP12768,Theo Hopper,theo.hopper2768@example.com,Marketing,DevOps Engineer,London,UK,158137,0.8,false
EMP12769,Ivan Hopper,ivan.hopper2769@example.com,Finance,Software Engineer,London,UK,70381,0.1,false
EMP12770,Sam Müller,sam.müller2770@example.com,Marketing,UX Designer,Paris,FR,144106,4.5,false
EMP12771,Noah Nakamura,noah.nakamura2771@example.com,Customer Success,Sales Rep,New York,US,86929,6.5,false
EMP12772,Amara Perlman,amara.perlman2772@example.com,Engineering,DevOps Engineer,Toronto,CA,117622,4.7,true
EMP12773,Fatima Liskov,fatima.liskov2773@example.com,Sales,Marketing Lead,New York,US,47157,5.3,false
EMP12774,Ada Torvalds,ada.torvalds2774@example.com,Sales,Software Engineer,Nairobi,KE,145341,9.8,false
EMP12775,Alan Johnson,alan.johnson2775@example.com,Design,Sales Rep,Paris,FR,127777,0.7,true
EMP12776,Sam Nakamura,sam.nakamura2776@example.com,Design,Data Analyst,Paris,FR,107102,7.4,false
EMP12777,Barbara Nakamura,barbara.nakamura2777@example.com,Engineering,QA Engineer,Amsterdam,NL,160087,6.0,false
EMP12778,Leo Berners-Lee,leo.berners-lee2778@example.com,Customer Success,Software Engineer,London,UK,129847,0.7,true
EMP12779,Leo Lovelace,leo.lovelace2779@example.com,Product,Customer Success,London,UK,130712,1.8,true
EMP12780,Carlos Nakamura,carlos.nakamura2780@example.com,Engineering,Data Analyst,Berlin,DE,60940,7.4,true
EMP12781,Maya Nakamura,maya.nakamura2781@example.com,Operations,Software Engineer,Paris,FR,143298,8.8,true
EMP12782,Chen Hopper,chen.hopper2782@example.com,Design,UX Designer,Toronto,CA,64617,11.4,false
EMP12783,Linus Liskov,linus.liskov2783@example.com,Finance,DevOps Engineer,Sydney,AU,89412,0.4,false
EMP12784,Sam Hopper,sam.hopper2784@example.com,Operations,Finance Analyst,São Paulo,BR,134159,3.5,true
EMP12785,Ivan Okafor,ivan.okafor2785@example.com,Design,Product Manager,Singapore,SG,47011,2.0,true
EMP12786,Amara Chen,amara.chen2786@example.com,Engineering,Marketing Lead,Berlin,DE,152573,5.0,false
EMP12787,Yuki Torvalds,yuki.torvalds2787@example.com,Sales,Product Manager,Sydney,AU,92882,5.0,true
EMP12788,Aisha Andersson,aisha.andersson2788@example.com,Operations,Software Engineer,Tokyo,JP,61293,9.4,false
EMP12789,Theo Silva,theo.silva2789@example.com,Marketing,Data Analyst,Toronto,CA,128745,5.1,false
EMP12790,Margaret Johnson,margaret.johnson2790@example.com,Customer Success,Finance Analyst,Toronto,CA,112447,3.7,false
EMP12791,Elena Turing,elena.turing2791@example.com,Sales,Sales Rep,Dublin,IE,140511,1.2,false
EMP12792,Omar Kowalski,omar.kowalski2792@example.com,Finance,Customer Success,Berlin,DE,155923,9.2,false
EMP12793,Yuki Johnson,yuki.johnson2793@example.com,Customer Success,Software Engineer,Sydney,AU,56275,7.6,false
EMP12794,Zara Petrov,zara.petrov2794@example.com,Engineering,DevOps Engineer,London,UK,133414,0.2,true
EMP12795,Elena Perlman,elena.perlman2795@example.com,Sales,Marketing Lead,Nairobi,KE,88791,7.0,true
EMP12796,Katherine Berners-Lee,katherine.berners-lee2796@example.com,Finance,Data Analyst,Paris,FR,74968,1.4,true
EMP12797,Amara Chen,amara.chen2797@example.com,Operations,Software Engineer,Sydney,AU,56854,5.0,true
EMP12798,Priya Turing,priya.turing2798@example.com,Customer Success,Finance Analyst,Nairobi,KE,83947,11.4,false
EMP12799,Carlos Torvalds,carlos.torvalds2799@example.com,Design,QA Engineer,Sydney,AU,76064,5.4,false
EMP12800,Margaret Lovelace,margaret.lovelace2800@example.com,Finance,QA Engineer,São Paulo,BR,126742,9.9,false
EMP12801,Ivan Liskov,ivan.liskov2801@example.com,Engineering,Customer Success,Toronto,CA,46576,8.8,false
EMP12802,Fatima Müller,fatima.müller2802@example.com,Design,Data Analyst,Berlin,DE,129506,4.0,false
EMP12803,Zara Rossi,zara.rossi2803@example.com,Finance,UX Designer,Nairobi,KE,46518,6.1,false
EMP12804,Elena Hamilton,elena.hamilton2804@example.com,Customer Success,Data Analyst,Nairobi,KE,116011,10.9,true
EMP12805,Radia Kowalski,radia.kowalski2805@example.com,Customer Success,UX Designer,Nairobi,KE,84566,9.8,true
EMP12806,Grace Berners-Lee,grace.berners-lee2806@example.com,Sales,Finance Analyst,Dublin,IE,116506,8.9,false
EMP12807,Chen Torvalds,chen.torvalds2807@example.com,Marketing,DevOps Engineer,Sydney,AU,122757,7.4,false
EMP12808,Ada Petrov,ada.petrov2808@example.com,Customer Success,DevOps Engineer,Sydney,AU,92369,2.3,true
EMP12809,Margaret Torvalds,margaret.torvalds2809@example.com,Marketing,Software Engineer,Nairobi,KE,119100,1.4,true
EMP12810,Sam Andersson,sam.andersson2810@example.com,Customer Success,Marketing Lead,São Paulo,BR,157322,3.7,true
EMP12811,Noah Hamilton,noah.hamilton2811@example.com,Operations,Customer Success,Dublin,IE,64646,6.7,false
EMP12812,Sophie Rossi,sophie.rossi2812@example.com,Operations,Sales Rep,Paris,FR,113738,10.5,false
EMP12813,Chen Kowalski,chen.kowalski2813@example.com,Engineering,QA Engineer,New York,US,60979,8.3,true
EMP12814,Vint Singh,vint.singh2814@example.com,Design,Finance Analyst,Singapore,SG,153866,7.5,true
EMP12815,Ivan Andersson,ivan.andersson2815@example.com,Sales,DevOps Engineer,Dublin,IE,91930,6.1,true
EMP12816,Linus Nakamura,linus.nakamura2816@example.com,Finance,Product Manager,Tokyo,JP,113828,4.0,false
EMP12817,Leo Rossi,leo.rossi2817@example.com,Product,Data Analyst,Paris,FR,152585,7.7,false
EMP12818,Elena Okafor,elena.okafor2818@example.com,Operations,UX Designer,Paris,FR,162347,6.4,false
EMP12819,Fatima Andersson,fatima.andersson2819@example.com,Customer Success,Software Engineer,London,UK,135789,5.5,false
EMP12820,Katherine Johnson,katherine.johnson2820@example.com,Design,DevOps Engineer,Sydney,AU,105629,9.8,false
EMP12821,Nina Turing,nina.turing2821@example.com,Engineering,Software Engineer,London,UK,144443,2.4,true
EMP12822,Linus Chen,linus.chen2822@example.com,Design,Marketing Lead,Nairobi,KE,87543,11.7,false
EMP12823,Ivan Berners-Lee,ivan.berners-lee2823@example.com,Finance,UX Designer,Paris,FR,61891,3.4,false
EMP12824,Maya Kowalski,maya.kowalski2824@example.com,Sales,Sales Rep,Amsterdam,NL,164729,9.1,true
EMP12825,Carlos Hopper,carlos.hopper2825@example.com,Marketing,QA Engineer,Berlin,DE,129592,4.3,true
EMP12826,Maya Andersson,maya.andersson2826@example.com,Marketing,Sales Rep,New York,US,127451,1.2,true
EMP12827,Theo Silva,theo.silva2827@example.com,Product,Customer Success,London,UK,119685,1.4,false
EMP12828,Sam Hamilton,sam.hamilton2828@example.com,Operations,Product Manager,New York,US,134826,6.5,false
EMP12829,Ada Singh,ada.singh2829@example.com,Finance,Sales Rep,Singapore,SG,156244,6.5,false
EMP12830,Sam Liskov,sam.liskov2830@example.com,Operations,Finance Analyst,Paris,FR,82721,7.3,true
EMP12831,Lucas Perlman,lucas.perlman2831@example.com,Design,Product Manager,Tokyo,JP,48815,4.9,true
EMP12832,Barbara Kowalski,barbara.kowalski2832@example.com,Operations,Product Manager,London,UK,159782,5.5,true
EMP12833,James Andersson,james.andersson2833@example.com,Customer Success,Sales Rep,Nairobi,KE,119799,2.5,true
EMP12834,Noah Silva,noah.silva2834@example.com,Marketing,UX Designer,São Paulo,BR,161884,11.7,false
EMP12835,Margaret Hopper,margaret.hopper2835@example.com,Engineering,Product Manager,Sydney,AU,82508,0.7,true
EMP12836,Sophie Hopper,sophie.hopper2836@example.com,Sales,DevOps Engineer,Paris,FR,90597,0.7,false
EMP12837,Maya Torvalds,maya.torvalds2837@example.com,Engineering,Finance Analyst,Sydney,AU,68547,10.6,false
EMP12838,Aisha Rossi,aisha.rossi2838@example.com,Customer Success,Product Manager,Berlin,DE,100821,0.8,false
EMP12839,Alan Okafor,alan.okafor2839@example.com,Product,Customer Success,Toronto,CA,116314,7.8,true
EMP12840,Aisha Andersson,aisha.andersson2840@example.com,Engineering,Software Engineer,Amsterdam,NL,63715,0.8,true
EMP12841,Priya Turing,priya.turing2841@example.com,Design,UX Designer,Tokyo,JP,65312,11.2,false
EMP12842,Theo Liskov,theo.liskov2842@example.com,Marketing,QA Engineer,Nairobi,KE,57433,11.2,true
EMP12843,Margaret Petrov,margaret.petrov2843@example.com,Engineering,Marketing Lead,Dublin,IE,151540,6.4,false
EMP12844,Ada Petrov,ada.petrov2844@example.com,Finance,DevOps Engineer,São Paulo,BR,82830,7.8,true
EMP12845,Sam Lovelace,sam.lovelace2845@example.com,Engineering,Marketing Lead,Amsterdam,NL,109115,1.2,false
EMP12846,Yuki Rossi,yuki.rossi2846@example.com,Design,UX Designer,Singapore,SG,164060,3.0,true
EMP12847,Fatima Müller,fatima.müller2847@example.com,Customer Success,Data Analyst,Singapore,SG,56624,6.1,false
EMP12848,Nina Lovelace,nina.lovelace2848@example.com,Marketing,Product Manager,Sydney,AU,71151,12.0,true
EMP12849,Ivan Berners-Lee,ivan.berners-lee2849@example.com,Design,QA Engineer,Dublin,IE,146978,5.4,false
EMP12850,Omar Nakamura,omar.nakamura2850@example.com,Operations,DevOps Engineer,São Paulo,BR,95640,8.6,false
EMP12851,Ada Okafor,ada.okafor2851@example.com,Customer Success,Data Analyst,Amsterdam,NL,119555,3.2,false
EMP12852,Margaret Chen,margaret.chen2852@example.com,Design,QA Engineer,Toronto,CA,132224,0.1,false
EMP12853,Nina Turing,nina.turing2853@example.com,Customer Success,DevOps Engineer,New York,US,148996,6.9,false
EMP12854,Lucas Okafor,lucas.okafor2854@example.com,Engineering,DevOps Engineer,São Paulo,BR,100455,11.0,false
EMP12855,Radia Liskov,radia.liskov2855@example.com,Customer Success,DevOps Engineer,Berlin,DE,130759,1.8,true
EMP12856,Sam Andersson,sam.andersson2856@example.com,Engineering,UX Designer,Paris,FR,137525,1.8,true
EMP12857,Tim Rossi,tim.rossi2857@example.com,Marketing,Customer Success,Amsterdam,NL,48190,9.8,false
EMP12858,Amara Singh,amara.singh2858@example.com,Operations,UX Designer,São Paulo,BR,72143,9.1,true
EMP12859,Grace Johnson,grace.johnson2859@example.com,Operations,Sales Rep,Paris,FR,158308,1.1,true
EMP12860,Yuki Müller,yuki.müller2860@example.com,Finance,UX Designer,Amsterdam,NL,50078,2.0,false
EMP12861,Priya Okafor,priya.okafor2861@example.com,Customer Success,Customer Success,Tokyo,JP,55043,6.6,false
EMP12862,Theo Petrov,theo.petrov2862@example.com,Product,Marketing Lead,Singapore,SG,65740,1.0,false
EMP12863,Fatima Kowalski,fatima.kowalski2863@example.com,Sales,Customer Success,Berlin,DE,137739,9.5,false
EMP12864,Katherine Okafor,katherine.okafor2864@example.com,Engineering,Finance Analyst,New York,US,77122,10.7,false
EMP12865,Priya Petrov,priya.petrov2865@example.com,Engineering,Customer Success,Tokyo,JP,151608,6.5,true
EMP12866,Barbara Kowalski,barbara.kowalski2866@example.com,Engineering,Customer Success,Nairobi,KE,57050,2.1,false
EMP12867,Sam Hamilton,sam.hamilton2867@example.com,Marketing,Sales Rep,Amsterdam,NL,46846,0.5,true
EMP12868,Alan Okafor,alan.okafor2868@example.com,Finance,UX Designer,Dublin,IE,127793,1.4,true
EMP12869,Ada Andersson,ada.andersson2869@example.com,Customer Success,QA Engineer,Toronto,CA,104812,8.4,true
EMP12870,Zara Müller,zara.müller2870@example.com,Sales,Customer Success,Nairobi,KE,58281,10.6,false
EMP12871,Ada Johnson,ada.johnson2871@example.com,Operations,Sales Rep,Toronto,CA,95612,7.0,false
EMP12872,Barbara Kowalski,barbara.kowalski2872@example.com,Finance,Data Analyst,Toronto,CA,153570,4.0,true
EMP12873,Ada Johnson,ada.johnson2873@example.com,Customer Success,Product Manager,Toronto,CA,120239,11.2,true
EMP12874,Lucas Perlman,lucas.perlman2874@example.com,Engineering,DevOps Engineer,São Paulo,BR,69593,8.1,true
EMP12875,Aisha Turing,aisha.turing2875@example.com,Operations,QA Engineer,Tokyo,JP,45928,10.9,true
EMP12876,Alan Lovelace,alan.lovelace2876@example.com,Finance,Data Analyst,São Paulo,BR,108159,2.7,false
EMP12877,Yuki Müller,yuki.müller2877@example.com,Operations,Data Analyst,Singapore,SG,160494,5.7,false
EMP12878,Tim Johnson,tim.johnson2878@example.com,Finance,DevOps Engineer,Dublin,IE,52743,10.7,true
EMP12879,Maya Nakamura,maya.nakamura2879@example.com,Customer Success,Finance Analyst,Berlin,DE,89849,2.4,false
EMP12880,Sophie Liskov,sophie.liskov2880@example.com,Operations,Product Manager,Amsterdam,NL,115005,10.8,true
EMP12881,Noah Müller,noah.müller2881@example.com,Operations,Product Manager,Tokyo,JP,87046,6.9,false
EMP12882,Katherine Nakamura,katherine.nakamura2882@example.com,Sales,Marketing Lead,São Paulo,BR,132803,3.8,true
EMP12883,Vint Kowalski,vint.kowalski2883@example.com,Engineering,Product Manager,New York,US,110168,0.3,true
EMP12884,Omar Liskov,omar.liskov2884@example.com,Finance,QA Engineer,São Paulo,BR,136950,5.7,true
EMP12885,Nina Hopper,nina.hopper2885@example.com,Design,Marketing Lead,Sydney,AU,67687,2.3,false
EMP12886,Theo Okafor,theo.okafor2886@example.com,Sales,QA Engineer,Toronto,CA,85092,5.7,true
EMP12887,Katherine Chen,katherine.chen2887@example.com,Finance,Software Engineer,Berlin,DE,109250,3.6,false
EMP12888,Chen Müller,chen.müller2888@example.com,Customer Success,Customer Success,Tokyo,JP,164456,6.3,false
EMP12889,Nina Kowalski,nina.kowalski2889@example.com,Operations,Finance Analyst,Toronto,CA,59698,11.9,false
EMP12890,Leo Nakamura,leo.nakamura2890@example.com,Product,DevOps Engineer,Sydney,AU,84496,3.1,true
EMP12891,Zara Torvalds,zara.torvalds2891@example.com,Sales,Data Analyst,Berlin,DE,64542,3.2,true
EMP12892,Sam Liskov,sam.liskov2892@example.com,Operations,DevOps Engineer,Berlin,DE,61808,10.8,false
EMP12893,Noah Rossi,noah.rossi2893@example.com,Customer Success,Finance Analyst,New York,US,94807,3.8,false
EMP12894,Leo Kowalski,leo.kowalski2894@example.com,Operations,UX Designer,Berlin,DE,105133,8.4,true
EMP12895,Barbara Johnson,barbara.johnson2895@example.com,Sales,Finance Analyst,Dublin,IE,136083,3.2,false
EMP12896,Katherine Andersson,katherine.andersson2896@example.com,Engineering,DevOps Engineer,Sydney,AU,113822,7.0,true
EMP12897,Ada Nakamura,ada.nakamura2897@example.com,Finance,Marketing Lead,London,UK,46712,10.3,false
EMP12898,Omar Hamilton,omar.hamilton2898@example.com,Engineering,Customer Success,Toronto,CA,61704,6.7,true
EMP12899,Ivan Hopper,ivan.hopper2899@example.com,Design,Marketing Lead,London,UK,73650,2.8,false
EMP12900,Margaret Kowalski,margaret.kowalski2900@example.com,Design,QA Engineer,Singapore,SG,109744,0.3,true
EMP12901,Carlos Nakamura,carlos.nakamura2901@example.com,Operations,Product Manager,Nairobi,KE,53768,6.5,false
EMP12902,Elena Turing,elena.turing2902@example.com,Operations,Marketing Lead,Sydney,AU,75432,8.7,false
EMP12903,James Torvalds,james.torvalds2903@example.com,Sales,Finance Analyst,Dublin,IE,103299,6.5,false
EMP12904,Ivan Müller,ivan.müller2904@example.com,Sales,Sales Rep,London,UK,60264,9.8,false
EMP12905,Linus Müller,linus.müller2905@example.com,Finance,Customer Success,São Paulo,BR,66737,1.9,true
EMP12906,Radia Singh,radia.singh2906@example.com,Product,Finance Analyst,Singapore,SG,89034,5.3,false
EMP12907,Fatima Perlman,fatima.perlman2907@example.com,Engineering,UX Designer,London,UK,48693,7.5,false
EMP12908,Vint Liskov,vint.liskov2908@example.com,Customer Success,Customer Success,New York,US,122920,4.9,false
EMP12909,Zara Cerf,zara.cerf2909@example.com,Design,Customer Success,Paris,FR,104429,3.8,true
EMP12910,Aisha Perlman,aisha.perlman2910@example.com,Sales,Finance Analyst,New York,US,47380,8.9,true
EMP12911,Aisha Turing,aisha.turing2911@example.com,Operations,UX Designer,Sydney,AU,151600,7.6,true
EMP12912,Ada Kowalski,ada.kowalski2912@example.com,Finance,Data Analyst,Tokyo,JP,156994,8.6,true
EMP12913,Margaret Andersson,margaret.andersson2913@example.com,Marketing,Marketing Lead,Amsterdam,NL,75538,11.7,true
EMP12914,Zara Lovelace,zara.lovelace2914@example.com,Design,Software Engineer,Singapore,SG,159045,3.5,true
EMP12915,Priya Johnson,priya.johnson2915@example.com,Sales,UX Designer,New York,US,101234,11.9,false
EMP12916,Elena Hopper,elena.hopper2916@example.com,Customer Success,Customer Success,New York,US,143189,10.6,false
EMP12917,Elena Johnson,elena.johnson2917@example.com,Finance,QA Engineer,Singapore,SG,65908,7.7,true
EMP12918,Zara Lovelace,zara.lovelace2918@example.com,Finance,Sales Rep,Berlin,DE,125539,6.3,true
EMP12919,Margaret Petrov,margaret.petrov2919@example.com,Sales,Finance Analyst,São Paulo,BR,142670,8.8,false
EMP12920,Priya Nakamura,priya.nakamura2920@example.com,Engineering,Finance Analyst,Berlin,DE,53933,2.4,false
EMP12921,Alan Berners-Lee,alan.berners-lee2921@example.com,Sales,Finance Analyst,Paris,FR,134586,0.9,false
EMP12922,Sophie Nakamura,sophie.nakamura2922@example.com,Sales,QA Engineer,Amsterdam,NL,51056,8.2,true
EMP12923,Margaret Lovelace,margaret.lovelace2923@example.com,Marketing,Marketing Lead,São Paulo,BR,131247,8.1,true
EMP12924,Ada Johnson,ada.johnson2924@example.com,Design,DevOps Engineer,Singapore,SG,120460,8.1,false
EMP12925,Barbara Andersson,barbara.andersson2925@example.com,Design,DevOps Engineer,Paris,FR,57972,10.4,true
EMP12926,Ivan Perlman,ivan.perlman2926@example.com,Finance,Marketing Lead,Sydney,AU,64280,0.4,true
EMP12927,Maya Rossi,maya.rossi2927@example.com,Product,DevOps Engineer,London,UK,137948,5.8,false
EMP12928,Nina Hamilton,nina.hamilton2928@example.com,Design,Product Manager,Amsterdam,NL,51509,6.2,false
EMP12929,Fatima Lovelace,fatima.lovelace2929@example.com,Engineering,Data Analyst,Singapore,SG,92286,9.5,true
EMP12930,Lucas Cerf,lucas.cerf2930@example.com,Finance,Product Manager,Nairobi,KE,61678,0.2,false
EMP12931,Fatima Singh,fatima.singh2931@example.com,Sales,Sales Rep,Amsterdam,NL,81003,2.9,false
EMP12932,Alan Okafor,alan.okafor2932@example.com,Sales,QA Engineer,Berlin,DE,122147,6.2,true
EMP12933,Ivan Hopper,ivan.hopper2933@example.com,Engineering,Data Analyst,Berlin,DE,96662,8.6,false
EMP12934,Sophie Johnson,sophie.johnson2934@example.com,Product,Marketing Lead,Sydney,AU,79436,5.9,true
EMP12935,Linus Cerf,linus.cerf2935@example.com,Finance,Sales Rep,Tokyo,JP,127011,5.0,false
EMP12936,Amara Andersson,amara.andersson2936@example.com,Marketing,Sales Rep,Nairobi,KE,164138,4.0,true
EMP12937,Radia Torvalds,radia.torvalds2937@example.com,Engineering,DevOps Engineer,Sydney,AU,95182,6.1,true
EMP12938,Carlos Johnson,carlos.johnson2938@example.com,Design,Marketing Lead,Sydney,AU,149242,11.5,false
EMP12939,Grace Müller,grace.müller2939@example.com,Engineering,UX Designer,Dublin,IE,49842,5.5,false
EMP12940,Leo Andersson,leo.andersson2940@example.com,Finance,Finance Analyst,Sydney,AU,132223,9.4,true
EMP12941,Theo Müller,theo.müller2941@example.com,Finance,UX Designer,Nairobi,KE,161281,11.8,true
EMP12942,Chen Müller,chen.müller2942@example.com,Marketing,QA Engineer,New York,US,135687,5.8,false
EMP12943,Linus Liskov,linus.liskov2943@example.com,Sales,Finance Analyst,Tokyo,JP,121245,9.3,true
EMP12944,Tim Torvalds,tim.torvalds2944@example.com,Sales,Software Engineer,Dublin,IE,102181,1.4,true
EMP12945,Aisha Petrov,aisha.petrov2945@example.com,Operations,Software Engineer,São Paulo,BR,96967,1.4,false
EMP12946,Zara Kowalski,zara.kowalski2946@example.com,Engineering,Data Analyst,São Paulo,BR,116948,5.6,true
EMP12947,Priya Nakamura,priya.nakamura2947@example.com,Sales,DevOps Engineer,Nairobi,KE,130178,1.1,false
EMP12948,Zara Chen,zara.chen2948@example.com,Operations,Product Manager,Dublin,IE,79597,1.5,false
EMP12949,Maya Liskov,maya.liskov2949@example.com,Engineering,Marketing Lead,Berlin,DE,160054,9.8,false
EMP12950,Tim Petrov,tim.petrov2950@example.com,Operations,Data Analyst,New York,US,70183,5.3,false
EMP12951,Leo Nakamura,leo.nakamura2951@example.com,Finance,Marketing Lead,Toronto,CA,142815,9.1,false
EMP12952,Theo Torvalds,theo.torvalds2952@example.com,Marketing,Customer Success,Dublin,IE,120281,10.7,false
EMP12953,Alan Petrov,alan.petrov2953@example.com,Engineering,Customer Success,Sydney,AU,112234,7.5,false
EMP12954,Carlos Lovelace,carlos.lovelace2954@example.com,Design,QA Engineer,London,UK,59121,11.1,true
EMP12955,Fatima Johnson,fatima.johnson2955@example.com,Engineering,Product Manager,Dublin,IE,143542,3.9,true
EMP12956,Linus Liskov,linus.liskov2956@example.com,Product,Data Analyst,Toronto,CA,45150,2.1,true
EMP12957,Alan Torvalds,alan.torvalds2957@example.com,Design,Data Analyst,Singapore,SG,98900,0.3,true
EMP12958,Margaret Andersson,margaret.andersson2958@example.com,Sales,Marketing Lead,Singapore,SG,45229,8.9,false
EMP12959,Aisha Berners-Lee,aisha.berners-lee2959@example.com,Sales,UX Designer,Dublin,IE,64466,6.8,true
EMP12960,Yuki Hopper,yuki.hopper2960@example.com,Design,UX Designer,London,UK,67310,6.5,false
EMP12961,Tim Johnson,tim.johnson2961@example.com,Marketing,Software Engineer,Berlin,DE,50349,4.7,true
EMP12962,Margaret Liskov,margaret.liskov2962@example.com,Operations,DevOps Engineer,New York,US,142304,6.3,true
EMP12963,Ada Nakamura,ada.nakamura2963@example.com,Design,DevOps Engineer,Toronto,CA,104406,8.3,true
EMP12964,Ivan Berners-Lee,ivan.berners-lee2964@example.com,Engineering,Product Manager,Singapore,SG,105765,4.8,true
EMP12965,Theo Liskov,theo.liskov2965@example.com,Engineering,Customer Success,Sydney,AU,69438,0.2,true
EMP12966,Sam Singh,sam.singh2966@example.com,Design,Marketing Lead,São Paulo,BR,117228,2.0,false
EMP12967,Tim Chen,tim.chen2967@example.com,Sales,Marketing Lead,Tokyo,JP,82955,3.8,false
EMP12968,Barbara Hopper,barbara.hopper2968@example.com,Design,Sales Rep,New York,US,116097,3.2,true
EMP12969,Aisha Kowalski,aisha.kowalski2969@example.com,Finance,DevOps Engineer,Sydney,AU,70988,1.7,true
EMP12970,Priya Chen,priya.chen2970@example.com,Sales,Data Analyst,Singapore,SG,64097,11.9,true
EMP12971,Sam Kowalski,sam.kowalski2971@example.com,Operations,Finance Analyst,Berlin,DE,51487,4.7,false
EMP12972,Sam Cerf,sam.cerf2972@example.com,Operations,UX Designer,Sydney,AU,79542,8.1,false
EMP12973,Barbara Johnson,barbara.johnson2973@example.com,Design,UX Designer,Tokyo,JP,102150,4.6,true
EMP12974,Priya Berners-Lee,priya.berners-lee2974@example.com,Design,UX Designer,Sydney,AU,49209,11.3,true
EMP12975,Amara Petrov,amara.petrov2975@example.com,Sales,DevOps Engineer,Tokyo,JP,125624,3.6,true
EMP12976,Sam Lovelace,sam.lovelace2976@example.com,Customer Success,Product Manager,Toronto,CA,81731,1.7,true
EMP12977,Sophie Berners-Lee,sophie.berners-lee2977@example.com,Operations,UX Designer,Dublin,IE,112941,7.8,true
EMP12978,Ivan Petrov,ivan.petrov2978@example.com,Product,UX Designer,Dublin,IE,60789,7.6,false
EMP12979,Carlos Nakamura,carlos.nakamura2979@example.com,Customer Success,DevOps Engineer,Tokyo,JP,139041,0.5,true
EMP12980,Theo Hamilton,theo.hamilton2980@example.com,Design,Sales Rep,London,UK,145924,5.5,false
EMP12981,Chen Okafor,chen.okafor2981@example.com,Design,Marketing Lead,New York,US,141729,11.5,true
EMP12982,Zara Chen,zara.chen2982@example.com,Engineering,Product Manager,Amsterdam,NL,108297,2.3,true
EMP12983,Sam Torvalds,sam.torvalds2983@example.com,Design,Software Engineer,Paris,FR,52118,0.1,true
EMP12984,Radia Rossi,radia.rossi2984@example.com,Product,Data Analyst,London,UK,53004,6.7,true
EMP12985,Chen Berners-Lee,chen.berners-lee2985@example.com,Design,Data Analyst,Paris,FR,146305,11.5,true
EMP12986,Radia Kowalski,radia.kowalski2986@example.com,Operations,Customer Success,Paris,FR,58773,4.0,false
EMP12987,Katherine Petrov,katherine.petrov2987@example.com,Design,Sales Rep,Paris,FR,93102,3.4,true
EMP12988,Maya Turing,maya.turing2988@example.com,Design,DevOps Engineer,Dublin,IE,158414,1.7,false
EMP12989,Aisha Okafor,aisha.okafor2989@example.com,Sales,Customer Success,Sydney,AU,108218,0.6,false
EMP12990,Chen Turing,chen.turing2990@example.com,Marketing,Product Manager,Sydney,AU,67934,11.0,true
EMP12991,Sophie Kowalski,sophie.kowalski2991@example.com,Sales,Product Manager,Nairobi,KE,137888,6.2,false
EMP12992,Alan Okafor,alan.okafor2992@example.com,Operations,QA Engineer,Paris,FR,85899,3.1,false
EMP12993,Radia Berners-Lee,radia.berners-lee2993@example.com,Design,DevOps Engineer,Toronto,CA,163851,4.7,true
EMP12994,Vint Silva,vint.silva2994@example.com,Marketing,Customer Success,Berlin,DE,79985,1.8,true
EMP12995,Theo Müller,theo.müller2995@example.com,Engineering,Data Analyst,London,UK,142765,3.5,true
EMP12996,Grace Turing,grace.turing2996@example.com,Engineering,Finance Analyst,Dublin,IE,102857,8.7,false
EMP12997,Lucas Hopper,lucas.hopper2997@example.com,Sales,Software Engineer,Toronto,CA,66043,3.3,true
EMP12998,Aisha Okafor,aisha.okafor2998@example.com,Engineering,QA Engineer,London,UK,79952,10.1,true
EMP12999,Linus Okafor,linus.okafor2999@example.com,Marketing,Data Analyst,Amsterdam,NL,91665,1.5,true
EMP13000,Sam Torvalds,sam.torvalds3000@example.com,Design,Customer Success,Toronto,CA,128746,6.2,false
EMP13001,Alan Liskov,alan.liskov3001@example.com,Sales,Finance Analyst,Amsterdam,NL,141381,10.5,true
EMP13002,James Torvalds,james.torvalds3002@example.com,Product,QA Engineer,Amsterdam,NL,131322,10.7,false
EMP13003,Margaret Kowalski,margaret.kowalski3003@example.com,Operations,Sales Rep,São Paulo,BR,117106,3.6,true
EMP13004,Noah Johnson,noah.johnson3004@example.com,Design,Customer Success,Dublin,IE,69535,4.7,true
EMP13005,Zara Nakamura,zara.nakamura3005@example.com,Marketing,UX Designer,Berlin,DE,127951,3.5,true
EMP13006,Chen Turing,chen.turing3006@example.com,Sales,Finance Analyst,Amsterdam,NL,86892,6.8,true
EMP13007,Chen Okafor,chen.okafor3007@example.com,Marketing,Software Engineer,Toronto,CA,88914,8.7,false
EMP13008,Sam Nakamura,sam.nakamura3008@example.com,Design,Data Analyst,Tokyo,JP,117584,2.2,true
EMP13009,Ada Nakamura,ada.nakamura3009@example.com,Design,Sales Rep,São Paulo,BR,117572,10.1,true
EMP13010,Theo Hopper,theo.hopper3010@example.com,Marketing,DevOps Engineer,Paris,FR,158423,5.7,true
EMP13011,Ivan Silva,ivan.silva3011@example.com,Finance,Product Manager,Amsterdam,NL,113238,5.0,false
EMP13012,Radia Torvalds,radia.torvalds3012@example.com,Customer Success,Product Manager,Tokyo,JP,86983,9.1,true
EMP13013,Vint Rossi,vint.rossi3013@example.com,Finance,Product Manager,Nairobi,KE,91683,2.0,false
EMP13014,Leo Kowalski,leo.kowalski3014@example.com,Sales,Data Analyst,London,UK,147833,3.9,false
EMP13015,Maya Perlman,maya.perlman3015@example.com,Sales,Data Analyst,New York,US,72799,4.3,true
EMP13016,Alan Cerf,alan.cerf3016@example.com,Customer Success,Marketing Lead,São Paulo,BR,89397,0.9,false
EMP13017,Linus Turing,linus.turing3017@example.com,Design,Sales Rep,Singapore,SG,61895,0.9,false
EMP13018,Sam Torvalds,sam.torvalds3018@example.com,Marketing,QA Engineer,New York,US,104226,2.2,false
EMP13019,Vint Berners-Lee,vint.berners-lee3019@example.com,Finance,Sales Rep,Sydney,AU,45404,9.8,false
EMP13020,Omar Johnson,omar.johnson3020@example.com,Finance,Software Engineer,New York,US,115569,1.4,true
EMP13021,Elena Cerf,elena.cerf3021@example.com,Customer Success,Product Manager,Nairobi,KE,91469,3.7,false
EMP13022,Katherine Chen,katherine.chen3022@example.com,Customer Success,QA Engineer,London,UK,59554,1.1,true
EMP13023,Zara Perlman,zara.perlman3023@example.com,Finance,Data Analyst,London,UK,90445,3.5,true
EMP13024,Grace Chen,grace.chen3024@example.com,Operations,Software Engineer,Amsterdam,NL,77480,7.5,true
EMP13025,Radia Johnson,radia.johnson3025@example.com,Marketing,Product Manager,New York,US,164091,11.8,false
EMP13026,Alan Hopper,alan.hopper3026@example.com,Sales,Sales Rep,London,UK,152345,4.6,false
EMP13027,Aisha Lovelace,aisha.lovelace3027@example.com,Sales,Product Manager,Dublin,IE,117822,8.4,false
EMP13028,Amara Andersson,amara.andersson3028@example.com,Product,QA Engineer,Paris,FR,121556,3.3,false
EMP13029,Priya Hopper,priya.hopper3029@example.com,Customer Success,QA Engineer,Dublin,IE,130150,11.9,true
EMP13030,James Berners-Lee,james.berners-lee3030@example.com,Design,Marketing Lead,Toronto,CA,135708,3.8,true
EMP13031,Amara Lovelace,amara.lovelace3031@example.com,Finance,Data Analyst,New York,US,89130,2.4,false
EMP13032,Barbara Liskov,barbara.liskov3032@example.com,Product,Sales Rep,Tokyo,JP,66514,2.7,true
EMP13033,Theo Torvalds,theo.torvalds3033@example.com,Engineering,DevOps Engineer,London,UK,133382,4.2,true
EMP13034,Zara Hopper,zara.hopper3034@example.com,Design,UX Designer,Paris,FR,85966,0.0,false
EMP13035,Noah Kowalski,noah.kowalski3035@example.com,Sales,Data Analyst,São Paulo,BR,56458,3.5,false
EMP13036,Radia Andersson,radia.andersson3036@example.com,Operations,Sales Rep,Dublin,IE,116017,3.1,false
EMP13037,Barbara Turing,barbara.turing3037@example.com,Design,Data Analyst,Nairobi,KE,159322,7.1,true
EMP13038,Elena Hopper,elena.hopper3038@example.com,Design,Product Manager,Dublin,IE,126999,1.3,false
EMP13039,Margaret Singh,margaret.singh3039@example.com,Engineering,UX Designer,São Paulo,BR,64802,0.2,true
EMP13040,Yuki Rossi,yuki.rossi3040@example.com,Design,Finance Analyst,London,UK,159394,1.4,false
EMP13041,Margaret Okafor,margaret.okafor3041@example.com,Marketing,Product Manager,Singapore,SG,111438,3.0,true
EMP13042,Katherine Hamilton,katherine.hamilton3042@example.com,Engineering,QA Engineer,New York,US,122383,5.9,true
EMP13043,Leo Turing,leo.turing3043@example.com,Marketing,DevOps Engineer,Berlin,DE,162301,1.8,true
EMP13044,Omar Lovelace,omar.lovelace3044@example.com,Design,QA Engineer,São Paulo,BR,99417,5.9,true
EMP13045,Carlos Berners-Lee,carlos.berners-lee3045@example.com,Product,Marketing Lead,Singapore,SG,58555,2.0,true
EMP13046,Grace Müller,grace.müller3046@example.com,Customer Success,QA Engineer,São Paulo,BR,160936,3.7,true
EMP13047,Barbara Torvalds,barbara.torvalds3047@example.com,Finance,Finance Analyst,Dublin,IE,58833,3.4,true
EMP13048,Radia Lovelace,radia.lovelace3048@example.com,Finance,QA Engineer,Dublin,IE,157677,9.6,true
EMP13049,Ada Lovelace,ada.lovelace3049@example.com,Engineering,UX Designer,São Paulo,BR,111613,8.1,false
EMP13050,Ivan Chen,ivan.chen3050@example.com,Operations,Sales Rep,Dublin,IE,161000,1.0,false
EMP13051,Tim Kowalski,tim.kowalski3051@example.com,Sales,UX Designer,Berlin,DE,80856,10.1,false
EMP13052,Linus Lovelace,linus.lovelace3052@example.com,Marketing,Marketing Lead,São Paulo,BR,56812,3.7,false
EMP13053,Margaret Lovelace,margaret.lovelace3053@example.com,Product,UX Designer,Sydney,AU,124091,11.8,false
EMP13054,Maya Johnson,maya.johnson3054@example.com,Product,Sales Rep,Toronto,CA,60381,7.7,true
EMP13055,Alan Hamilton,alan.hamilton3055@example.com,Marketing,Product Manager,Paris,FR,86749,11.0,false
EMP13056,Ivan Turing,ivan.turing3056@example.com,Finance,Product Manager,Singapore,SG,161974,2.9,true
EMP13057,Ivan Nakamura,ivan.nakamura3057@example.com,Finance,Product Manager,São Paulo,BR,93163,1.1,true
EMP13058,Lucas Silva,lucas.silva3058@example.com,Operations,Sales Rep,Berlin,DE,132571,7.2,false
EMP13059,Sophie Okafor,sophie.okafor3059@example.com,Engineering,Customer Success,Singapore,SG,81941,7.9,true
EMP13060,Katherine Lovelace,katherine.lovelace3060@example.com,Marketing,DevOps Engineer,Tokyo,JP,98719,7.1,true
EMP13061,Grace Petrov,grace.petrov3061@example.com,Design,Software Engineer,Toronto,CA,124385,10.2,false
EMP13062,Sam Nakamura,sam.nakamura3062@example.com,Product,Product Manager,Paris,FR,106429,6.2,true
EMP13063,Leo Turing,leo.turing3063@example.com,Design,Product Manager,Nairobi,KE,98150,10.6,false
EMP13064,Alan Müller,alan.müller3064@example.com,Finance,Product Manager,London,UK,124477,9.1,false
EMP13065,Margaret Lovelace,margaret.lovelace3065@example.com,Design,Software Engineer,Sydney,AU,152434,2.4,false
EMP13066,Nina Chen,nina.chen3066@example.com,Product,Product Manager,Amsterdam,NL,118378,6.0,true
EMP13067,Radia Cerf,radia.cerf3067@example.com,Engineering,Customer Success,Paris,FR,146187,0.2,true
EMP13068,Priya Hopper,priya.hopper3068@example.com,Marketing,Marketing Lead,Toronto,CA,78914,8.6,true
EMP13069,Katherine Liskov,katherine.liskov3069@example.com,Customer Success,DevOps Engineer,Berlin,DE,141882,8.3,true
EMP13070,Lucas Johnson,lucas.johnson3070@example.com,Engineering,DevOps Engineer,Paris,FR,86875,5.5,false
EMP13071,Chen Berners-Lee,chen.berners-lee3071@example.com,Finance,Product Manager,Berlin,DE,91699,10.3,false
EMP13072,Sam Silva,sam.silva3072@example.com,Engineering,Marketing Lead,Nairobi,KE,134849,1.9,false
EMP13073,Zara Singh,zara.singh3073@example.com,Customer Success,Finance Analyst,Singapore,SG,52387,4.2,true
EMP13074,Barbara Liskov,barbara.liskov3074@example.com,Product,Finance Analyst,Tokyo,JP,106354,3.6,true
EMP13075,Omar Torvalds,omar.torvalds3075@example.com,Customer Success,Finance Analyst,Nairobi,KE,51580,5.8,true
EMP13076,Leo Hopper,leo.hopper3076@example.com,Operations,DevOps Engineer,Singapore,SG,53089,5.6,true
EMP13077,Linus Rossi,linus.rossi3077@example.com,Sales,QA Engineer,Amsterdam,NL,60040,9.3,true
EMP13078,Leo Rossi,leo.rossi3078@example.com,Sales,Data Analyst,Tokyo,JP,113260,5.0,true
EMP13079,Yuki Rossi,yuki.rossi3079@example.com,Customer Success,Finance Analyst,Paris,FR,53639,10.4,false
EMP13080,Amara Torvalds,amara.torvalds3080@example.com,Finance,Sales Rep,Dublin,IE,75333,7.0,true
EMP13081,Grace Rossi,grace.rossi3081@example.com,Engineering,Marketing Lead,New York,US,75709,7.5,true
EMP13082,Noah Rossi,noah.rossi3082@example.com,Customer Success,Data Analyst,Nairobi,KE,80648,7.7,true
EMP13083,Amara Silva,amara.silva3083@example.com,Sales,DevOps Engineer,São Paulo,BR,162783,10.1,false
EMP13084,Grace Petrov,grace.petrov3084@example.com,Product,Marketing Lead,Nairobi,KE,144000,8.8,false
EMP13085,Vint Okafor,vint.okafor3085@example.com,Operations,QA Engineer,London,UK,138166,4.7,false
EMP13086,Fatima Lovelace,fatima.lovelace3086@example.com,Operations,Marketing Lead,Toronto,CA,136452,11.8,true
EMP13087,Sam Hopper,sam.hopper3087@example.com,Sales,Customer Success,New York,US,148655,8.3,false
EMP13088,Chen Petrov,chen.petrov3088@example.com,Operations,Data Analyst,Nairobi,KE,120829,10.6,true
EMP13089,Linus Müller,linus.müller3089@example.com,Product,Data Analyst,Berlin,DE,108940,0.7,false
EMP13090,Chen Cerf,chen.cerf3090@example.com,Finance,Finance Analyst,Dublin,IE,96111,1.3,false
EMP13091,Yuki Silva,yuki.silva3091@example.com,Operations,Finance Analyst,Singapore,SG,71050,10.5,true
EMP13092,Omar Müller,omar.müller3092@example.com,Product,UX Designer,Toronto,CA,132407,3.0,false
EMP13093,Margaret Rossi,margaret.rossi3093@example.com,Customer Success,DevOps Engineer,Nairobi,KE,127758,0.7,true
EMP13094,Sophie Cerf,sophie.cerf3094@example.com,Sales,Software Engineer,Sydney,AU,85524,1.6,true
EMP13095,Vint Torvalds,vint.torvalds3095@example.com,Finance,Sales Rep,New York,US,90754,1.4,false
EMP13096,Ada Perlman,ada.perlman3096@example.com,Marketing,Software Engineer,Dublin,IE,63280,6.9,true
EMP13097,Priya Andersson,priya.andersson3097@example.com,Sales,UX Designer,Amsterdam,NL,69456,4.6,true
EMP13098,Ada Lovelace,ada.lovelace3098@example.com,Customer Success,Customer Success,Tokyo,JP,125522,3.2,true
EMP13099,Chen Johnson,chen.johnson3099@example.com,Customer Success,Data Analyst,Sydney,AU,87089,8.0,true
EMP13100,Chen Andersson,chen.andersson3100@example.com,Finance,Product Manager,Tokyo,JP,73027,11.0,true
EMP13101,Fatima Turing,fatima.turing3101@example.com,Operations,Product Manager,Nairobi,KE,138104,4.8,false
EMP13102,Priya Turing,priya.turing3102@example.com,Marketing,Product Manager,Berlin,DE,51585,3.7,true
EMP13103,James Nakamura,james.nakamura3103@example.com,Design,Software Engineer,Paris,FR,149598,5.7,false
EMP13104,Yuki Müller,yuki.müller3104@example.com,Marketing,Finance Analyst,Singapore,SG,135638,7.4,true
EMP13105,Maya Johnson,maya.johnson3105@example.com,Design,Sales Rep,São Paulo,BR,100589,2.2,true
EMP13106,Sam Nakamura,sam.nakamura3106@example.com,Marketing,Software Engineer,Amsterdam,NL,111430,7.9,false
EMP13107,Priya Hopper,priya.hopper3107@example.com,Design,Product Manager,London,UK,121364,4.1,false
EMP13108,Ada Torvalds,ada.torvalds3108@example.com,Sales,QA Engineer,Toronto,CA,142922,4.5,false
EMP13109,Katherine Silva,katherine.silva3109@example.com,Engineering,Marketing Lead,Dublin,IE,123522,10.7,false
EMP13110,Omar Silva,omar.silva3110@example.com,Sales,Sales Rep,Singapore,SG,140252,6.6,true
EMP13111,Aisha Müller,aisha.müller3111@example.com,Design,Software Engineer,Sydney,AU,121805,10.2,false
EMP13112,Omar Torvalds,omar.torvalds3112@example.com,Operations,Marketing Lead,Toronto,CA,106305,3.1,false
EMP13113,Zara Cerf,zara.cerf3113@example.com,Sales,UX Designer,Dublin,IE,84649,8.2,true
EMP13114,Amara Hopper,amara.hopper3114@example.com,Design,Customer Success,New York,US,48702,11.9,true
EMP13115,Vint Perlman,vint.perlman3115@example.com,Marketing,Product Manager,Singapore,SG,145603,0.6,false
EMP13116,Barbara Andersson,barbara.andersson3116@example.com,Product,QA Engineer,London,UK,92147,7.2,true
EMP13117,Grace Okafor,grace.okafor3117@example.com,Customer Success,Product Manager,Dublin,IE,67403,5.5,true
EMP13118,Amara Hamilton,amara.hamilton3118@example.com,Finance,Customer Success,São Paulo,BR,47419,5.6,true
EMP13119,Ivan Hopper,ivan.hopper3119@example.com,Finance,Marketing Lead,Singapore,SG,45556,6.2,true
EMP13120,Leo Andersson,leo.andersson3120@example.com,Engineering,Sales Rep,Paris,FR,118783,9.6,true
EMP13121,Sam Perlman,sam.perlman3121@example.com,Design,Customer Success,Paris,FR,108309,6.1,true
EMP13122,Yuki Petrov,yuki.petrov3122@example.com,Sales,QA Engineer,Berlin,DE,68851,6.7,true
EMP13123,Sophie Johnson,sophie.johnson3123@example.com,Finance,Finance Analyst,Tokyo,JP,146657,7.3,false
EMP13124,Katherine Lovelace,katherine.lovelace3124@example.com,Design,UX Designer,London,UK,155723,9.4,false
EMP13125,Zara Petrov,zara.petrov3125@example.com,Marketing,UX Designer,London,UK,53769,2.5,false
EMP13126,Maya Okafor,maya.okafor3126@example.com,Finance,UX Designer,New York,US,114464,6.2,true
EMP13127,Tim Andersson,tim.andersson3127@example.com,Operations,Data Analyst,Singapore,SG,50313,4.4,false
EMP13128,Barbara Müller,barbara.müller3128@example.com,Product,Data Analyst,Paris,FR,54907,9.1,true
EMP13129,Amara Kowalski,amara.kowalski3129@example.com,Finance,Sales Rep,New York,US,152276,8.2,true
EMP13130,Nina Kowalski,nina.kowalski3130@example.com,Product,Data Analyst,Singapore,SG,65358,6.1,false
EMP13131,Elena Johnson,elena.johnson3131@example.com,Sales,Customer Success,Toronto,CA,133755,3.6,true
EMP13132,Katherine Turing,katherine.turing3132@example.com,Marketing,Software Engineer,Sydney,AU,163979,8.2,true
EMP13133,Radia Chen,radia.chen3133@example.com,Finance,Finance Analyst,Singapore,SG,52185,0.7,false
EMP13134,Grace Chen,grace.chen3134@example.com,Sales,Software Engineer,Sydney,AU,126299,5.1,true
EMP13135,Nina Silva,nina.silva3135@example.com,Product,Customer Success,Amsterdam,NL,99970,7.0,false
EMP13136,Fatima Perlman,fatima.perlman3136@example.com,Product,Marketing Lead,London,UK,109814,5.1,false
EMP13137,Grace Müller,grace.müller3137@example.com,Marketing,Finance Analyst,Nairobi,KE,64100,10.7,false
EMP13138,Yuki Cerf,yuki.cerf3138@example.com,Sales,Marketing Lead,Sydney,AU,123615,4.5,false
EMP13139,Amara Singh,amara.singh3139@example.com,Design,Sales Rep,Paris,FR,150836,11.1,true
EMP13140,Carlos Nakamura,carlos.nakamura3140@example.com,Design,Customer Success,Singapore,SG,152685,9.3,false
EMP13141,Katherine Petrov,katherine.petrov3141@example.com,Customer Success,Customer Success,Singapore,SG,115300,8.1,true
EMP13142,Grace Torvalds,grace.torvalds3142@example.com,Customer Success,Software Engineer,Tokyo,JP,48573,11.5,false
EMP13143,Omar Nakamura,omar.nakamura3143@example.com,Engineering,Product Manager,London,UK,153337,6.2,false
EMP13144,James Hopper,james.hopper3144@example.com,Marketing,Marketing Lead,Tokyo,JP,146934,9.7,true
EMP13145,Priya Andersson,priya.andersson3145@example.com,Operations,UX Designer,Nairobi,KE,146907,0.9,false
EMP13146,Linus Singh,linus.singh3146@example.com,Design,UX Designer,Amsterdam,NL,136195,0.9,true
EMP13147,Carlos Lovelace,carlos.lovelace3147@example.com,Marketing,QA Engineer,Singapore,SG,154486,11.3,false
EMP13148,Sophie Johnson,sophie.johnson3148@example.com,Engineering,Data Analyst,Tokyo,JP,66709,0.1,false
EMP13149,Linus Lovelace,linus.lovelace3149@example.com,Product,Sales Rep,Paris,FR,71246,11.6,true
EMP13150,Alan Lovelace,alan.lovelace3150@example.com,Engineering,Product Manager,Sydney,AU,146149,5.6,true
EMP13151,Theo Chen,theo.chen3151@example.com,Operations,Marketing Lead,Nairobi,KE,147173,2.1,true
EMP13152,Zara Müller,zara.müller3152@example.com,Marketing,UX Designer,Sydney,AU,163503,4.6,true
EMP13153,Elena Perlman,elena.perlman3153@example.com,Customer Success,Customer Success,Sydney,AU,131117,1.8,true
EMP13154,Vint Andersson,vint.andersson3154@example.com,Design,Customer Success,Berlin,DE,152994,0.1,false
EMP13155,Lucas Nakamura,lucas.nakamura3155@example.com,Sales,Sales Rep,Berlin,DE,67391,2.8,true
EMP13156,Priya Johnson,priya.johnson3156@example.com,Customer Success,Software Engineer,Tokyo,JP,63713,3.7,false
EMP13157,Zara Chen,zara.chen3157@example.com,Customer Success,Sales Rep,Berlin,DE,112389,11.3,true
EMP13158,Noah Kowalski,noah.kowalski3158@example.com,Finance,UX Designer,London,UK,90867,10.2,false
EMP13159,Maya Hamilton,maya.hamilton3159@example.com,Design,Software Engineer,Singapore,SG,149145,4.1,true
EMP13160,Linus Petrov,linus.petrov3160@example.com,Design,Customer Success,São Paulo,BR,68323,7.4,true
EMP13161,Lucas Turing,lucas.turing3161@example.com,Marketing,UX Designer,Dublin,IE,59494,7.5,false
EMP13162,Aisha Kowalski,aisha.kowalski3162@example.com,Engineering,Sales Rep,London,UK,113474,3.2,true
EMP13163,Maya Singh,maya.singh3163@example.com,Design,Software Engineer,London,UK,158003,10.3,true
EMP13164,Tim Hamilton,tim.hamilton3164@example.com,Design,QA Engineer,New York,US,115702,11.8,false
EMP13165,Maya Silva,maya.silva3165@example.com,Sales,Customer Success,Berlin,DE,105404,9.7,false
EMP13166,Noah Rossi,noah.rossi3166@example.com,Sales,Sales Rep,São Paulo,BR,119760,11.1,true
EMP13167,Carlos Hamilton,carlos.hamilton3167@example.com,Customer Success,Software Engineer,Berlin,DE,118735,1.3,false
EMP13168,Yuki Petrov,yuki.petrov3168@example.com,Product,UX Designer,São Paulo,BR,106595,8.4,true
EMP13169,Maya Johnson,maya.johnson3169@example.com,Product,QA Engineer,Toronto,CA,143337,5.6,false
EMP13170,Margaret Johnson,margaret.johnson3170@example.com,Marketing,Sales Rep,London,UK,149675,0.1,true
EMP13171,Omar Johnson,omar.johnson3171@example.com,Engineering,DevOps Engineer,New York,US,153790,3.5,false
EMP13172,Nina Singh,nina.singh3172@example.com,Product,DevOps Engineer,Nairobi,KE,120010,9.4,true
EMP13173,Vint Lovelace,vint.lovelace3173@example.com,Engineering,Data Analyst,Sydney,AU,75273,9.8,false
EMP13174,Aisha Andersson,aisha.andersson3174@example.com,Marketing,QA Engineer,New York,US,104567,9.6,false
EMP13175,Carlos Okafor,carlos.okafor3175@example.com,Sales,QA Engineer,Berlin,DE,93517,9.0,false
EMP13176,Margaret Rossi,margaret.rossi3176@example.com,Customer Success,Software Engineer,Sydney,AU,90935,9.8,true
EMP13177,Barbara Turing,barbara.turing3177@example.com,Engineering,Customer Success,New York,US,108788,7.7,true
EMP13178,James Cerf,james.cerf3178@example.com,Design,Product Manager,London,UK,125933,11.2,true
EMP13179,Vint Singh,vint.singh3179@example.com,Design,Finance Analyst,Dublin,IE,104066,1.9,false
EMP13180,Fatima Torvalds,fatima.torvalds3180@example.com,Marketing,QA Engineer,Sydney,AU,138864,7.3,false
EMP13181,Lucas Berners-Lee,lucas.berners-lee3181@example.com,Sales,DevOps Engineer,Dublin,IE,113071,8.9,false
EMP13182,Yuki Lovelace,yuki.lovelace3182@example.com,Design,UX Designer,London,UK,134656,9.4,false
EMP13183,Tim Müller,tim.müller3183@example.com,Operations,Customer Success,Dublin,IE,159888,1.9,false
EMP13184,Omar Turing,omar.turing3184@example.com,Design,Customer Success,Singapore,SG,87943,7.5,false
EMP13185,Grace Singh,grace.singh3185@example.com,Engineering,Finance Analyst,Berlin,DE,128727,3.7,true
EMP13186,Maya Cerf,maya.cerf3186@example.com,Engineering,Product Manager,New York,US,153377,2.8,true
EMP13187,Katherine Perlman,katherine.perlman3187@example.com,Product,Data Analyst,London,UK,77015,1.7,true
EMP13188,Linus Müller,linus.müller3188@example.com,Finance,Customer Success,Paris,FR,84127,7.1,false
EMP13189,Priya Andersson,priya.andersson3189@example.com,Operations,UX Designer,Dublin,IE,81153,8.8,true
EMP13190,Zara Okafor,zara.okafor3190@example.com,Sales,Finance Analyst,Nairobi,KE,150225,9.7,true
EMP13191,Tim Turing,tim.turing3191@example.com,Engineering,DevOps Engineer,Singapore,SG,70247,8.4,false
EMP13192,Grace Chen,grace.chen3192@example.com,Engineering,DevOps Engineer,Dublin,IE,144467,2.9,false
EMP13193,Carlos Liskov,carlos.liskov3193@example.com,Finance,Finance Analyst,Toronto,CA,79120,3.6,true
EMP13194,Carlos Turing,carlos.turing3194@example.com,Finance,Marketing Lead,London,UK,46861,7.4,true
EMP13195,Sophie Perlman,sophie.perlman3195@example.com,Engineering,UX Designer,Nairobi,KE,67423,4.9,true
EMP13196,Zara Chen,zara.chen3196@example.com,Operations,Data Analyst,New York,US,49328,3.1,false
EMP13197,Barbara Singh,barbara.singh3197@example.com,Finance,UX Designer,Toronto,CA,114634,6.9,true
EMP13198,Margaret Andersson,margaret.andersson3198@example.com,Engineering,Data Analyst,Toronto,CA,85351,8.7,false
EMP13199,Chen Hopper,chen.hopper3199@example.com,Customer Success,Marketing Lead,São Paulo,BR,129152,2.6,true
EMP13200,James Liskov,james.liskov3200@example.com,Finance,UX Designer,New York,US,58707,6.1,true
EMP13201,Leo Petrov,leo.petrov3201@example.com,Engineering,Software Engineer,Sydney,AU,99181,7.9,true
EMP13202,Katherine Chen,katherine.chen3202@example.com,Engineering,Software Engineer,Tokyo,JP,87708,11.0,false
EMP13203,Carlos Silva,carlos.silva3203@example.com,Marketing,Customer Success,São Paulo,BR,127239,11.3,true
EMP13204,Sam Petrov,sam.petrov3204@example.com,Engineering,UX Designer,Singapore,SG,133672,7.6,true
EMP13205,Leo Torvalds,leo.torvalds3205@example.com,Sales,Marketing Lead,Singapore,SG,91876,9.3,true
EMP13206,Sam Perlman,sam.perlman3206@example.com,Engineering,Data Analyst,São Paulo,BR,155067,1.6,false
EMP13207,Ada Müller,ada.müller3207@example.com,Marketing,DevOps Engineer,Singapore,SG,122167,3.9,false
EMP13208,Alan Kowalski,alan.kowalski3208@example.com,Sales,DevOps Engineer,New York,US,59950,0.7,true
EMP13209,Priya Johnson,priya.johnson3209@example.com,Product,Customer Success,Dublin,IE,145155,11.1,false
EMP13210,Radia Singh,radia.singh3210@example.com,Engineering,Sales Rep,New York,US,110449,0.3,false
EMP13211,Zara Rossi,zara.rossi3211@example.com,Operations,Software Engineer,Dublin,IE,69264,3.9,true
EMP13212,Zara Hamilton,zara.hamilton3212@example.com,Product,Marketing Lead,Amsterdam,NL,108098,2.9,true
EMP13213,Omar Kowalski,omar.kowalski3213@example.com,Customer Success,Marketing Lead,Nairobi,KE,115040,9.2,true
EMP13214,Grace Okafor,grace.okafor3214@example.com,Design,Customer Success,São Paulo,BR,122767,3.5,false
EMP13215,Theo Kowalski,theo.kowalski3215@example.com,Sales,Data Analyst,Dublin,IE,110593,11.5,false
EMP13216,Sophie Hamilton,sophie.hamilton3216@example.com,Customer Success,Sales Rep,Nairobi,KE,105053,4.5,false
EMP13217,Fatima Petrov,fatima.petrov3217@example.com,Engineering,QA Engineer,Singapore,SG,162991,8.9,true
EMP13218,Aisha Turing,aisha.turing3218@example.com,Finance,Finance Analyst,Dublin,IE,162463,1.1,false
EMP13219,Radia Cerf,radia.cerf3219@example.com,Customer Success,Product Manager,London,UK,145582,3.6,false
EMP13220,Theo Müller,theo.müller3220@example.com,Finance,Finance Analyst,Singapore,SG,148316,5.2,false
EMP13221,Priya Andersson,priya.andersson3221@example.com,Engineering,Software Engineer,Dublin,IE,106257,6.7,true
EMP13222,Omar Lovelace,omar.lovelace3222@example.com,Product,UX Designer,Toronto,CA,110022,7.1,false
EMP13223,Barbara Hopper,barbara.hopper3223@example.com,Operations,Software Engineer,Toronto,CA,72631,6.6,false
EMP13224,Katherine Lovelace,katherine.lovelace3224@example.com,Product,Data Analyst,Tokyo,JP,54523,4.4,false
EMP13225,Sam Silva,sam.silva3225@example.com,Product,Customer Success,London,UK,74142,0.1,false
EMP13226,Noah Cerf,noah.cerf3226@example.com,Engineering,Customer Success,Singapore,SG,68705,9.0,false
EMP13227,Omar Lovelace,omar.lovelace3227@example.com,Marketing,UX Designer,Nairobi,KE,64936,0.3,true
EMP13228,Grace Hamilton,grace.hamilton3228@example.com,Sales,Finance Analyst,Berlin,DE,145753,7.7,false
EMP13229,Barbara Hopper,barbara.hopper3229@example.com,Customer Success,Marketing Lead,Tokyo,JP,55727,2.8,true
EMP13230,Sam Kowalski,sam.kowalski3230@example.com,Marketing,Marketing Lead,Toronto,CA,66014,7.5,true
EMP13231,Margaret Johnson,margaret.johnson3231@example.com,Finance,QA Engineer,Singapore,SG,128948,10.0,false
EMP13232,Linus Okafor,linus.okafor3232@example.com,Customer Success,DevOps Engineer,New York,US,119333,4.6,false
EMP13233,Priya Hopper,priya.hopper3233@example.com,Finance,Sales Rep,Amsterdam,NL,79904,5.8,true
EMP13234,Barbara Perlman,barbara.perlman3234@example.com,Finance,Customer Success,Toronto,CA,73915,3.1,false
EMP13235,Vint Rossi,vint.rossi3235@example.com,Customer Success,Data Analyst,Amsterdam,NL,134928,3.9,false
EMP13236,Amara Andersson,amara.andersson3236@example.com,Engineering,QA Engineer,London,UK,155399,6.1,true
EMP13237,Priya Rossi,priya.rossi3237@example.com,Sales,Sales Rep,Amsterdam,NL,51911,5.2,true
EMP13238,Nina Hopper,nina.hopper3238@example.com,Operations,Finance Analyst,New York,US,113129,7.6,true
EMP13239,Nina Hopper,nina.hopper3239@example.com,Customer Success,Finance Analyst,Singapore,SG,68269,6.0,true
EMP13240,Leo Torvalds,leo.torvalds3240@example.com,Customer Success,Finance Analyst,Berlin,DE,139660,8.4,true
EMP13241,Leo Liskov,leo.liskov3241@example.com,Product,Data Analyst,Sydney,AU,100937,10.1,true
EMP13242,Carlos Hopper,carlos.hopper3242@example.com,Customer Success,Data Analyst,Dublin,IE,86106,7.8,true
EMP13243,Noah Hamilton,noah.hamilton3243@example.com,Design,Sales Rep,Berlin,DE,65138,7.4,true
EMP13244,Omar Chen,omar.chen3244@example.com,Sales,DevOps Engineer,Paris,FR,139316,10.5,false
EMP13245,Zara Hopper,zara.hopper3245@example.com,Design,Software Engineer,Sydney,AU,139675,11.0,true
EMP13246,Leo Chen,leo.chen3246@example.com,Finance,Marketing Lead,Berlin,DE,134331,7.2,true
EMP13247,Maya Andersson,maya.andersson3247@example.com,Customer Success,Data Analyst,Paris,FR,91475,6.0,false
EMP13248,Leo Hopper,leo.hopper3248@example.com,Marketing,Customer Success,Singapore,SG,158780,11.0,true
EMP13249,Noah Andersson,noah.andersson3249@example.com,Product,Marketing Lead,Berlin,DE,114957,0.1,false
EMP13250,Leo Nakamura,leo.nakamura3250@example.com,Product,QA Engineer,Dublin,IE,78314,4.3,true
EMP13251,Yuki Singh,yuki.singh3251@example.com,Operations,Software Engineer,New York,US,48571,11.8,true
EMP13252,Priya Chen,priya.chen3252@example.com,Design,Product Manager,New York,US,46096,0.8,true
EMP13253,Sophie Petrov,sophie.petrov3253@example.com,Product,UX Designer,Dublin,IE,98067,3.7,false
EMP13254,Tim Chen,tim.chen3254@example.com,Customer Success,Sales Rep,Singapore,SG,116262,3.2,true
EMP13255,Carlos Berners-Lee,carlos.berners-lee3255@example.com,Customer Success,UX Designer,Berlin,DE,145405,3.9,false
EMP13256,Theo Johnson,theo.johnson3256@example.com,Sales,Software Engineer,Toronto,CA,57408,7.7,false
EMP13257,Tim Nakamura,tim.nakamura3257@example.com,Sales,Sales Rep,Amsterdam,NL,70271,10.8,false
EMP13258,Leo Johnson,leo.johnson3258@example.com,Sales,Data Analyst,Sydney,AU,50748,11.3,false
EMP13259,Ivan Torvalds,ivan.torvalds3259@example.com,Engineering,DevOps Engineer,London,UK,87005,2.7,true
EMP13260,Sam Hopper,sam.hopper3260@example.com,Customer Success,Finance Analyst,Berlin,DE,50921,3.5,false
EMP13261,Vint Silva,vint.silva3261@example.com,Product,Marketing Lead,Dublin,IE,59302,11.4,false
EMP13262,Chen Chen,chen.chen3262@example.com,Marketing,Sales Rep,New York,US,153116,7.0,true
EMP13263,Elena Hamilton,elena.hamilton3263@example.com,Marketing,Marketing Lead,Paris,FR,152897,1.0,false
EMP13264,Katherine Müller,katherine.müller3264@example.com,Design,Marketing Lead,Singapore,SG,67421,9.5,true
EMP13265,Amara Kowalski,amara.kowalski3265@example.com,Operations,Customer Success,São Paulo,BR,155513,2.4,true
EMP13266,Linus Perlman,linus.perlman3266@example.com,Finance,QA Engineer,London,UK,90289,11.6,false
EMP13267,Sam Nakamura,sam.nakamura3267@example.com,Sales,QA Engineer,New York,US,89935,1.6,true
EMP13268,Ada Hamilton,ada.hamilton3268@example.com,Operations,Finance Analyst,Berlin,DE,101913,1.2,false
EMP13269,Lucas Lovelace,lucas.lovelace3269@example.com,Product,Product Manager,London,UK,114980,0.6,false
EMP13270,Sam Chen,sam.chen3270@example.com,Product,Marketing Lead,São Paulo,BR,68826,7.8,false
EMP13271,Fatima Kowalski,fatima.kowalski3271@example.com,Sales,UX Designer,São Paulo,BR,137325,8.4,true
EMP13272,Chen Andersson,chen.andersson3272@example.com,Finance,Customer Success,Singapore,SG,77228,4.3,true
EMP13273,Sophie Hamilton,sophie.hamilton3273@example.com,Customer Success,Sales Rep,Nairobi,KE,148024,3.0,false
EMP13274,Ada Chen,ada.chen3274@example.com,Marketing,UX Designer,Dublin,IE,164443,1.6,true
EMP13275,Grace Andersson,grace.andersson3275@example.com,Customer Success,Software Engineer,Paris,FR,150285,6.9,false
EMP13276,Elena Berners-Lee,elena.berners-lee3276@example.com,Customer Success,Software Engineer,Amsterdam,NL,145296,9.3,true
EMP13277,Leo Singh,leo.singh3277@example.com,Design,Finance Analyst,Berlin,DE,115350,10.8,true
EMP13278,James Lovelace,james.lovelace3278@example.com,Sales,Customer Success,Sydney,AU,96264,3.8,true
EMP13279,Alan Hamilton,alan.hamilton3279@example.com,Customer Success,Customer Success,Tokyo,JP,79831,6.2,false
EMP13280,Margaret Hopper,margaret.hopper3280@example.com,Marketing,Data Analyst,Singapore,SG,113632,3.3,false
EMP13281,Priya Berners-Lee,priya.berners-lee3281@example.com,Marketing,Product Manager,London,UK,85333,4.0,false
EMP13282,Ivan Rossi,ivan.rossi3282@example.com,Design,Marketing Lead,Amsterdam,NL,70189,9.2,true
EMP13283,Leo Müller,leo.müller3283@example.com,Product,Data Analyst,Berlin,DE,129268,6.1,true
EMP13284,Yuki Rossi,yuki.rossi3284@example.com,Engineering,Marketing Lead,Tokyo,JP,81041,2.6,false
EMP13285,Sam Petrov,sam.petrov3285@example.com,Engineering,UX Designer,Berlin,DE,62808,11.9,false
EMP13286,James Johnson,james.johnson3286@example.com,Customer Success,Sales Rep,Sydney,AU,128944,10.2,false
EMP13287,Linus Perlman,linus.perlman3287@example.com,Finance,Data Analyst,Amsterdam,NL,51354,5.5,true
EMP13288,Maya Petrov,maya.petrov3288@example.com,Operations,Sales Rep,Amsterdam,NL,127601,4.0,false
EMP13289,Linus Hamilton,linus.hamilton3289@example.com,Finance,Software Engineer,Toronto,CA,93230,8.0,true
EMP13290,Sophie Lovelace,sophie.lovelace3290@example.com,Product,Data Analyst,Berlin,DE,123425,1.6,true
EMP13291,Nina Okafor,nina.okafor3291@example.com,Sales,Sales Rep,Paris,FR,138381,6.3,true
EMP13292,James Turing,james.turing3292@example.com,Engineering,Product Manager,Amsterdam,NL,81657,11.0,false
EMP13293,Ivan Okafor,ivan.okafor3293@example.com,Design,Sales Rep,Nairobi,KE,160870,5.4,false
EMP13294,Priya Rossi,priya.rossi3294@example.com,Sales,DevOps Engineer,Nairobi,KE,84811,2.3,true
EMP13295,Tim Kowalski,tim.kowalski3295@example.com,Operations,Product Manager,Tokyo,JP,153527,0.9,true
EMP13296,Ada Berners-Lee,ada.berners-lee3296@example.com,Operations,UX Designer,Nairobi,KE,69446,1.5,true
EMP13297,Vint Cerf,vint.cerf3297@example.com,Marketing,Software Engineer,Paris,FR,129209,0.3,false
EMP13298,Sophie Perlman,sophie.perlman3298@example.com,Marketing,DevOps Engineer,Toronto,CA,96540,9.8,true
EMP13299,Theo Berners-Lee,theo.berners-lee3299@example.com,Design,Customer Success,Amsterdam,NL,54345,5.9,false
EMP13300,Tim Liskov,tim.liskov3300@example.com,Sales,DevOps Engineer,Tokyo,JP,106297,5.4,true
EMP13301,Barbara Kowalski,barbara.kowalski3301@example.com,Marketing,DevOps Engineer,São Paulo,BR,76410,11.4,false
EMP13302,Omar Hamilton,omar.hamilton3302@example.com,Design,QA Engineer,Nairobi,KE,133949,4.4,false
EMP13303,Maya Kowalski,maya.kowalski3303@example.com,Design,Marketing Lead,Toronto,CA,90790,6.9,false
EMP13304,Sophie Müller,sophie.müller3304@example.com,Operations,Sales Rep,Paris,FR,146375,10.6,false
EMP13305,Katherine Torvalds,katherine.torvalds3305@example.com,Engineering,Customer Success,London,UK,149937,9.2,false
EMP13306,Alan Hopper,alan.hopper3306@example.com,Design,UX Designer,Dublin,IE,89011,9.2,true
EMP13307,Omar Rossi,omar.rossi3307@example.com,Product,Customer Success,Tokyo,JP,69095,8.1,false
EMP13308,Nina Liskov,nina.liskov3308@example.com,Marketing,Finance Analyst,Dublin,IE,87234,10.1,false
EMP13309,Leo Nakamura,leo.nakamura3309@example.com,Customer Success,Sales Rep,Nairobi,KE,136491,5.0,true
EMP13310,Yuki Lovelace,yuki.lovelace3310@example.com,Finance,Product Manager,Amsterdam,NL,81661,9.6,false
EMP13311,Alan Torvalds,alan.torvalds3311@example.com,Engineering,Finance Analyst,São Paulo,BR,98498,1.3,true
EMP13312,Lucas Torvalds,lucas.torvalds3312@example.com,Customer Success,Marketing Lead,Toronto,CA,150553,7.2,false
EMP13313,Amara Cerf,amara.cerf3313@example.com,Marketing,DevOps Engineer,New York,US,66736,5.2,false
EMP13314,Chen Chen,chen.chen3314@example.com,Operations,Software Engineer,Tokyo,JP,93253,5.7,false
EMP13315,Barbara Müller,barbara.müller3315@example.com,Product,QA Engineer,Toronto,CA,112140,5.5,false
EMP13316,Amara Johnson,amara.johnson3316@example.com,Engineering,Product Manager,Sydney,AU,63432,1.9,false
EMP13317,Alan Kowalski,alan.kowalski3317@example.com,Customer Success,Customer Success,São Paulo,BR,123329,5.3,false
EMP13318,Noah Turing,noah.turing3318@example.com,Finance,QA Engineer,New York,US,91085,0.1,true
EMP13319,Vint Müller,vint.müller3319@example.com,Operations,Sales Rep,London,UK,124322,6.8,false
EMP13320,Lucas Liskov,lucas.liskov3320@example.com,Engineering,Software Engineer,Paris,FR,84607,8.8,false
EMP13321,Aisha Rossi,aisha.rossi3321@example.com,Engineering,Product Manager,London,UK,94398,9.8,true
EMP13322,Tim Liskov,tim.liskov3322@example.com,Engineering,Finance Analyst,Singapore,SG,146900,11.9,false
EMP13323,Margaret Silva,margaret.silva3323@example.com,Operations,Customer Success,Toronto,CA,83749,5.5,true
EMP13324,Tim Andersson,tim.andersson3324@example.com,Customer Success,QA Engineer,New York,US,55145,3.8,true
EMP13325,Theo Cerf,theo.cerf3325@example.com,Sales,Marketing Lead,Singapore,SG,63307,7.1,false
EMP13326,Maya Hamilton,maya.hamilton3326@example.com,Marketing,UX Designer,London,UK,49474,1.1,true
EMP13327,Vint Hamilton,vint.hamilton3327@example.com,Sales,Marketing Lead,Dublin,IE,93522,7.5,false
EMP13328,Carlos Berners-Lee,carlos.berners-lee3328@example.com,Marketing,Sales Rep,Singapore,SG,127296,6.2,false
EMP13329,Noah Chen,noah.chen3329@example.com,Finance,Software Engineer,Amsterdam,NL,93626,0.2,false
EMP13330,Elena Okafor,elena.okafor3330@example.com,Operations,QA Engineer,Singapore,SG,138228,2.4,true
EMP13331,Theo Rossi,theo.rossi3331@example.com,Product,Customer Success,Nairobi,KE,114261,9.2,true
EMP13332,Amara Liskov,amara.liskov3332@example.com,Customer Success,DevOps Engineer,London,UK,110633,11.9,false
EMP13333,Priya Okafor,priya.okafor3333@example.com,Product,Customer Success,Berlin,DE,121708,11.9,false
EMP13334,Noah Hopper,noah.hopper3334@example.com,Sales,Software Engineer,Sydney,AU,103178,4.6,true
EMP13335,Yuki Lovelace,yuki.lovelace3335@example.com,Marketing,Product Manager,Sydney,AU,97224,0.3,false
EMP13336,Barbara Hamilton,barbara.hamilton3336@example.com,Product,Data Analyst,São Paulo,BR,108390,8.6,false
EMP13337,Amara Nakamura,amara.nakamura3337@example.com,Operations,DevOps Engineer,Berlin,DE,77675,8.6,false
EMP13338,Fatima Cerf,fatima.cerf3338@example.com,Customer Success,Software Engineer,Paris,FR,103032,0.3,true
EMP13339,Carlos Cerf,carlos.cerf3339@example.com,Design,UX Designer,Berlin,DE,87508,8.7,true
EMP13340,Barbara Cerf,barbara.cerf3340@example.com,Engineering,QA Engineer,São Paulo,BR,110515,8.7,true
EMP13341,Grace Singh,grace.singh3341@example.com,Engineering,Customer Success,Berlin,DE,160796,7.7,true
EMP13342,Ada Johnson,ada.johnson3342@example.com,Product,Software Engineer,Nairobi,KE,78647,1.1,false
EMP13343,Noah Andersson,noah.andersson3343@example.com,Engineering,DevOps Engineer,Dublin,IE,123326,7.9,true
EMP13344,Margaret Berners-Lee,margaret.berners-lee3344@example.com,Engineering,Finance Analyst,Sydney,AU,66904,11.4,true
EMP13345,Katherine Johnson,katherine.johnson3345@example.com,Customer Success,QA Engineer,Singapore,SG,66438,4.7,false
EMP13346,Margaret Andersson,margaret.andersson3346@example.com,Design,Marketing Lead,São Paulo,BR,50269,1.5,false
EMP13347,Katherine Hamilton,katherine.hamilton3347@example.com,Design,Marketing Lead,Sydney,AU,121091,5.9,false
EMP13348,Aisha Lovelace,aisha.lovelace3348@example.com,Engineering,Product Manager,Toronto,CA,104118,1.3,true
EMP13349,Sam Lovelace,sam.lovelace3349@example.com,Engineering,Software Engineer,New York,US,112580,8.0,false
EMP13350,Chen Okafor,chen.okafor3350@example.com,Customer Success,DevOps Engineer,Berlin,DE,50098,10.4,true
EMP13351,Sophie Johnson,sophie.johnson3351@example.com,Sales,DevOps Engineer,Nairobi,KE,142940,3.8,false
EMP13352,Theo Cerf,theo.cerf3352@example.com,Marketing,Marketing Lead,Singapore,SG,111276,7.9,false
EMP13353,Amara Hamilton,amara.hamilton3353@example.com,Product,Data Analyst,Dublin,IE,98117,7.8,true
EMP13354,Priya Liskov,priya.liskov3354@example.com,Finance,Sales Rep,Dublin,IE,132877,7.5,true
EMP13355,Priya Singh,priya.singh3355@example.com,Product,Customer Success,Tokyo,JP,116156,1.6,false
EMP13356,Noah Petrov,noah.petrov3356@example.com,Design,DevOps Engineer,Dublin,IE,93558,6.2,false
EMP13357,Noah Chen,noah.chen3357@example.com,Finance,Sales Rep,New York,US,161396,2.2,false
EMP13358,Linus Chen,linus.chen3358@example.com,Customer Success,DevOps Engineer,Amsterdam,NL,135738,6.1,false
EMP13359,James Berners-Lee,james.berners-lee3359@example.com,Engineering,QA Engineer,Toronto,CA,79818,9.4,false
EMP13360,Fatima Perlman,fatima.perlman3360@example.com,Product,DevOps Engineer,Tokyo,JP,68300,1.4,false
EMP13361,Lucas Berners-Lee,lucas.berners-lee3361@example.com,Sales,Customer Success,Nairobi,KE,49235,10.4,true
EMP13362,Lucas Hopper,lucas.hopper3362@example.com,Customer Success,DevOps Engineer,Sydney,AU,81528,0.1,false
EMP13363,Vint Turing,vint.turing3363@example.com,Marketing,UX Designer,Berlin,DE,65427,11.9,false
EMP13364,Noah Rossi,noah.rossi3364@example.com,Design,Software Engineer,Nairobi,KE,139221,9.0,true
EMP13365,Ivan Liskov,ivan.liskov3365@example.com,Design,Sales Rep,Nairobi,KE,152770,10.2,false
EMP13366,Katherine Torvalds,katherine.torvalds3366@example.com,Operations,Sales Rep,Dublin,IE,70391,3.7,false
EMP13367,Margaret Kowalski,margaret.kowalski3367@example.com,Design,Finance Analyst,Sydney,AU,86224,10.4,true
EMP13368,Radia Johnson,radia.johnson3368@example.com,Engineering,Data Analyst,Berlin,DE,74759,8.9,true
EMP13369,Nina Silva,nina.silva3369@example.com,Finance,Customer Success,São Paulo,BR,89340,4.4,false
EMP13370,James Berners-Lee,james.berners-lee3370@example.com,Product,Marketing Lead,New York,US,109250,10.5,true
EMP13371,Ada Berners-Lee,ada.berners-lee3371@example.com,Product,Software Engineer,Paris,FR,86966,11.7,true
EMP13372,Amara Lovelace,amara.lovelace3372@example.com,Engineering,Sales Rep,Tokyo,JP,85871,9.6,true
EMP13373,Omar Silva,omar.silva3373@example.com,Engineering,Product Manager,Nairobi,KE,142961,1.0,true
EMP13374,Maya Müller,maya.müller3374@example.com,Operations,Customer Success,London,UK,162356,2.3,true
EMP13375,Katherine Lovelace,katherine.lovelace3375@example.com,Operations,Product Manager,Amsterdam,NL,90954,8.1,true
EMP13376,Katherine Hopper,katherine.hopper3376@example.com,Customer Success,Finance Analyst,Singapore,SG,73470,0.7,false
EMP13377,Carlos Lovelace,carlos.lovelace3377@example.com,Marketing,UX Designer,Paris,FR,111568,7.6,true
EMP13378,Linus Okafor,linus.okafor3378@example.com,Marketing,Data Analyst,Tokyo,JP,134695,7.8,true
EMP13379,Noah Silva,noah.silva3379@example.com,Operations,DevOps Engineer,Berlin,DE,67803,11.9,true
EMP13380,Linus Turing,linus.turing3380@example.com,Customer Success,Sales Rep,Amsterdam,NL,151777,0.8,false
EMP13381,Radia Johnson,radia.johnson3381@example.com,Customer Success,Finance Analyst,New York,US,94907,7.8,false
EMP13382,Ivan Okafor,ivan.okafor3382@example.com,Product,Marketing Lead,Toronto,CA,117102,0.7,false
EMP13383,Aisha Chen,aisha.chen3383@example.com,Finance,UX Designer,Amsterdam,NL,79304,1.5,false
EMP13384,Tim Okafor,tim.okafor3384@example.com,Product,Sales Rep,Tokyo,JP,79854,0.3,true
EMP13385,Carlos Perlman,carlos.perlman3385@example.com,Sales,Finance Analyst,Amsterdam,NL,73495,11.5,true
EMP13386,Nina Liskov,nina.liskov3386@example.com,Operations,DevOps Engineer,Sydney,AU,57716,8.1,false
EMP13387,Ada Torvalds,ada.torvalds3387@example.com,Operations,Finance Analyst,Amsterdam,NL,144093,0.3,false
EMP13388,Barbara Hamilton,barbara.hamilton3388@example.com,Sales,Data Analyst,Sydney,AU,107411,7.6,true
EMP13389,Elena Petrov,elena.petrov3389@example.com,Design,Data Analyst,Amsterdam,NL,153461,7.6,false
EMP13390,Yuki Andersson,yuki.andersson3390@example.com,Operations,Product Manager,Paris,FR,115771,9.3,true
EMP13391,Sam Nakamura,sam.nakamura3391@example.com,Engineering,Software Engineer,Sydney,AU,157528,7.5,true
EMP13392,Nina Berners-Lee,nina.berners-lee3392@example.com,Customer Success,DevOps Engineer,Tokyo,JP,112254,11.8,true
EMP13393,Priya Singh,priya.singh3393@example.com,Customer Success,UX Designer,Berlin,DE,125962,4.5,true
EMP13394,Fatima Perlman,fatima.perlman3394@example.com,Sales,Finance Analyst,Berlin,DE,88014,2.4,true
EMP13395,Alan Chen,alan.chen3395@example.com,Customer Success,Product Manager,Sydney,AU,65465,2.6,true
EMP13396,Katherine Chen,katherine.chen3396@example.com,Product,Software Engineer,Singapore,SG,91804,8.4,false
EMP13397,Grace Silva,grace.silva3397@example.com,Operations,Product Manager,Singapore,SG,66487,6.1,true
EMP13398,Grace Kowalski,grace.kowalski3398@example.com,Product,Customer Success,Singapore,SG,135997,6.1,true
EMP13399,Leo Andersson,leo.andersson3399@example.com,Customer Success,Software Engineer,Singapore,SG,50456,11.0,true
EMP13400,Noah Kowalski,noah.kowalski3400@example.com,Product,Data Analyst,Nairobi,KE,142551,11.9,true
EMP13401,Leo Hopper,leo.hopper3401@example.com,Finance,Software Engineer,Tokyo,JP,118752,4.7,true
EMP13402,Linus Silva,linus.silva3402@example.com,Finance,Data Analyst,Toronto,CA,67098,4.8,true
EMP13403,Lucas Hamilton,lucas.hamilton3403@example.com,Engineering,Marketing Lead,São Paulo,BR,124110,3.0,false
EMP13404,Theo Cerf,theo.cerf3404@example.com,Finance,Finance Analyst,Dublin,IE,45288,7.7,true
EMP13405,Grace Berners-Lee,grace.berners-lee3405@example.com,Product,Finance Analyst,Tokyo,JP,144999,2.9,true
EMP13406,Barbara Liskov,barbara.liskov3406@example.com,Engineering,Software Engineer,Dublin,IE,109732,11.8,true
EMP13407,Leo Müller,leo.müller3407@example.com,Design,UX Designer,Toronto,CA,88298,7.4,true
EMP13408,Grace Berners-Lee,grace.berners-lee3408@example.com,Sales,Software Engineer,Amsterdam,NL,148547,3.7,false
EMP13409,Noah Hopper,noah.hopper3409@example.com,Customer Success,Software Engineer,Sydney,AU,58960,3.6,false
EMP13410,Linus Lovelace,linus.lovelace3410@example.com,Product,Data Analyst,New York,US,127089,10.5,false
EMP13411,Ada Okafor,ada.okafor3411@example.com,Design,Data Analyst,New York,US,52496,5.7,true
EMP13412,James Perlman,james.perlman3412@example.com,Marketing,Product Manager,Sydney,AU,142570,3.0,false
EMP13413,Yuki Perlman,yuki.perlman3413@example.com,Customer Success,QA Engineer,Amsterdam,NL,114788,3.2,true
EMP13414,Margaret Kowalski,margaret.kowalski3414@example.com,Finance,DevOps Engineer,Berlin,DE,69055,3.7,true
EMP13415,Barbara Andersson,barbara.andersson3415@example.com,Finance,Data Analyst,Sydney,AU,111479,7.4,false
EMP13416,James Kowalski,james.kowalski3416@example.com,Marketing,Marketing Lead,Sydney,AU,74223,9.9,true
EMP13417,Ivan Lovelace,ivan.lovelace3417@example.com,Finance,Data Analyst,New York,US,68402,11.5,true
EMP13418,Vint Berners-Lee,vint.berners-lee3418@example.com,Design,Customer Success,Dublin,IE,156525,1.0,false
EMP13419,Theo Lovelace,theo.lovelace3419@example.com,Product,Sales Rep,Amsterdam,NL,114673,6.8,true
EMP13420,Radia Hamilton,radia.hamilton3420@example.com,Operations,Data Analyst,New York,US,56063,3.3,false
EMP13421,James Perlman,james.perlman3421@example.com,Product,QA Engineer,London,UK,147038,5.8,false
EMP13422,Sophie Petrov,sophie.petrov3422@example.com,Engineering,Data Analyst,São Paulo,BR,81083,2.9,true
EMP13423,Margaret Petrov,margaret.petrov3423@example.com,Finance,Marketing Lead,São Paulo,BR,130716,7.4,true
EMP13424,Yuki Andersson,yuki.andersson3424@example.com,Marketing,DevOps Engineer,Berlin,DE,46051,3.4,true
EMP13425,Nina Kowalski,nina.kowalski3425@example.com,Design,DevOps Engineer,Tokyo,JP,67161,11.8,true
EMP13426,Amara Chen,amara.chen3426@example.com,Product,Software Engineer,Toronto,CA,111585,9.6,false
EMP13427,Margaret Müller,margaret.müller3427@example.com,Finance,Marketing Lead,Amsterdam,NL,96359,3.6,false
EMP13428,Linus Torvalds,linus.torvalds3428@example.com,Sales,Data Analyst,São Paulo,BR,71526,1.9,false
EMP13429,Theo Berners-Lee,theo.berners-lee3429@example.com,Design,Marketing Lead,New York,US,80995,1.0,false
EMP13430,Ada Chen,ada.chen3430@example.com,Product,Sales Rep,Sydney,AU,132656,9.3,false
EMP13431,Lucas Hamilton,lucas.hamilton3431@example.com,Product,Sales Rep,Singapore,SG,61214,8.1,false
EMP13432,Chen Torvalds,chen.torvalds3432@example.com,Finance,Data Analyst,Toronto,CA,105394,10.5,false
EMP13433,Barbara Kowalski,barbara.kowalski3433@example.com,Design,Software Engineer,Amsterdam,NL,106937,10.1,false
EMP13434,Nina Hamilton,nina.hamilton3434@example.com,Operations,QA Engineer,London,UK,106923,0.2,false
EMP13435,Barbara Kowalski,barbara.kowalski3435@example.com,Sales,Marketing Lead,Nairobi,KE,55535,10.8,true
EMP13436,Sam Hopper,sam.hopper3436@example.com,Operations,Sales Rep,Tokyo,JP,69936,8.2,false
EMP13437,Barbara Andersson,barbara.andersson3437@example.com,Finance,Marketing Lead,New York,US,78099,2.7,true
EMP13438,Katherine Kowalski,katherine.kowalski3438@example.com,Operations,Product Manager,Berlin,DE,90774,6.8,false
EMP13439,Lucas Torvalds,lucas.torvalds3439@example.com,Operations,QA Engineer,Toronto,CA,158782,2.3,true
EMP13440,Elena Kowalski,elena.kowalski3440@example.com,Product,Sales Rep,Toronto,CA,130630,11.9,false
EMP13441,Leo Chen,leo.chen3441@example.com,Finance,Software Engineer,São Paulo,BR,154935,11.6,true
EMP13442,James Petrov,james.petrov3442@example.com,Customer Success,DevOps Engineer,São Paulo,BR,58707,4.5,false
EMP13443,Katherine Liskov,katherine.liskov3443@example.com,Design,UX Designer,Berlin,DE,81042,1.7,true
EMP13444,Grace Müller,grace.müller3444@example.com,Finance,Product Manager,Amsterdam,NL,65186,3.0,false
EMP13445,Zara Torvalds,zara.torvalds3445@example.com,Design,Product Manager,Toronto,CA,60635,2.7,true
EMP13446,Carlos Kowalski,carlos.kowalski3446@example.com,Operations,Finance Analyst,Dublin,IE,131460,10.8,true
EMP13447,Tim Chen,tim.chen3447@example.com,Finance,Software Engineer,Singapore,SG,125017,6.9,true
EMP13448,Zara Müller,zara.müller3448@example.com,Operations,QA Engineer,Toronto,CA,116667,4.5,true
EMP13449,Vint Liskov,vint.liskov3449@example.com,Design,Customer Success,Tokyo,JP,50726,9.2,true
EMP13450,Amara Liskov,amara.liskov3450@example.com,Engineering,Finance Analyst,Nairobi,KE,82012,4.4,false
EMP13451,Lucas Rossi,lucas.rossi3451@example.com,Product,Marketing Lead,London,UK,54747,4.2,false
EMP13452,Theo Andersson,theo.andersson3452@example.com,Marketing,Finance Analyst,Singapore,SG,156930,8.8,true
EMP13453,Sophie Torvalds,sophie.torvalds3453@example.com,Finance,Product Manager,Nairobi,KE,76302,5.2,true
EMP13454,Lucas Singh,lucas.singh3454@example.com,Design,Sales Rep,Paris,FR,74877,5.3,true
EMP13455,Omar Andersson,omar.andersson3455@example.com,Customer Success,Finance Analyst,São Paulo,BR,102279,3.0,false
EMP13456,Maya Hamilton,maya.hamilton3456@example.com,Customer Success,Marketing Lead,New York,US,160316,1.8,false
EMP13457,Omar Nakamura,omar.nakamura3457@example.com,Marketing,Sales Rep,Sydney,AU,81885,2.6,false
EMP13458,Yuki Müller,yuki.müller3458@example.com,Engineering,Marketing Lead,Tokyo,JP,45605,10.5,false
EMP13459,Omar Singh,omar.singh3459@example.com,Engineering,QA Engineer,Dublin,IE,134339,2.0,false
EMP13460,Nina Johnson,nina.johnson3460@example.com,Marketing,Marketing Lead,Berlin,DE,59595,2.3,true
EMP13461,James Berners-Lee,james.berners-lee3461@example.com,Finance,DevOps Engineer,London,UK,138030,0.3,true
EMP13462,Amara Turing,amara.turing3462@example.com,Operations,Software Engineer,São Paulo,BR,97213,5.2,true
EMP13463,James Cerf,james.cerf3463@example.com,Product,Software Engineer,Paris,FR,158393,1.9,true
EMP13464,Zara Johnson,zara.johnson3464@example.com,Engineering,Finance Analyst,Toronto,CA,56295,3.8,true
EMP13465,Omar Silva,omar.silva3465@example.com,Sales,UX Designer,Tokyo,JP,123812,8.3,false
EMP13466,Ada Cerf,ada.cerf3466@example.com,Sales,QA Engineer,Singapore,SG,98438,10.2,true
EMP13467,Tim Silva,tim.silva3467@example.com,Engineering,UX Designer,Amsterdam,NL,98173,0.8,true
EMP13468,Margaret Andersson,margaret.andersson3468@example.com,Operations,QA Engineer,Paris,FR,160560,1.6,false
EMP13469,Priya Kowalski,priya.kowalski3469@example.com,Customer Success,Product Manager,Amsterdam,NL,98187,3.2,false
EMP13470,Aisha Müller,aisha.müller3470@example.com,Operations,Finance Analyst,Nairobi,KE,109448,8.8,true
EMP13471,James Cerf,james.cerf3471@example.com,Product,Marketing Lead,Berlin,DE,56842,9.2,true
EMP13472,Priya Andersson,priya.andersson3472@example.com,Customer Success,Finance Analyst,Toronto,CA,117977,11.1,false
EMP13473,Radia Cerf,radia.cerf3473@example.com,Marketing,QA Engineer,São Paulo,BR,151948,7.4,true
EMP13474,James Perlman,james.perlman3474@example.com,Customer Success,DevOps Engineer,Amsterdam,NL,118776,7.3,false
EMP13475,Amara Chen,amara.chen3475@example.com,Product,Data Analyst,São Paulo,BR,138122,3.1,true
EMP13476,Alan Lovelace,alan.lovelace3476@example.com,Operations,Product Manager,Paris,FR,94273,6.9,true
EMP13477,Sophie Müller,sophie.müller3477@example.com,Operations,Data Analyst,Toronto,CA,71264,5.9,true
EMP13478,Zara Nakamura,zara.nakamura3478@example.com,Finance,Sales Rep,São Paulo,BR,122178,4.5,true
EMP13479,Ivan Andersson,ivan.andersson3479@example.com,Operations,Software Engineer,Tokyo,JP,69995,7.0,false
EMP13480,Nina Torvalds,nina.torvalds3480@example.com,Product,Product Manager,São Paulo,BR,143500,9.5,false
EMP13481,Theo Liskov,theo.liskov3481@example.com,Operations,Software Engineer,Singapore,SG,109958,4.2,false
EMP13482,Chen Silva,chen.silva3482@example.com,Operations,DevOps Engineer,Dublin,IE,52869,0.7,true
EMP13483,Fatima Nakamura,fatima.nakamura3483@example.com,Marketing,Data Analyst,Amsterdam,NL,99421,9.5,false
EMP13484,Linus Turing,linus.turing3484@example.com,Customer Success,Software Engineer,Singapore,SG,154503,3.2,false
EMP13485,Fatima Kowalski,fatima.kowalski3485@example.com,Customer Success,QA Engineer,Berlin,DE,95521,8.2,true
EMP13486,Tim Kowalski,tim.kowalski3486@example.com,Design,DevOps Engineer,Nairobi,KE,51443,10.1,true
EMP13487,Fatima Petrov,fatima.petrov3487@example.com,Design,Marketing Lead,São Paulo,BR,128705,9.1,true
EMP13488,Omar Cerf,omar.cerf3488@example.com,Engineering,Customer Success,Amsterdam,NL,113948,5.3,false
EMP13489,Vint Rossi,vint.rossi3489@example.com,Finance,Software Engineer,New York,US,108179,8.4,true
EMP13490,Maya Hamilton,maya.hamilton3490@example.com,Customer Success,Customer Success,Amsterdam,NL,110128,7.0,true
EMP13491,Leo Hamilton,leo.hamilton3491@example.com,Engineering,QA Engineer,São Paulo,BR,51084,0.4,true
EMP13492,Sam Müller,sam.müller3492@example.com,Marketing,UX Designer,Nairobi,KE,96054,4.0,false
EMP13493,Nina Lovelace,nina.lovelace3493@example.com,Customer Success,DevOps Engineer,Amsterdam,NL,147877,9.8,false
EMP13494,Barbara Berners-Lee,barbara.berners-lee3494@example.com,Sales,UX Designer,Berlin,DE,157727,5.2,false
EMP13495,Sam Rossi,sam.rossi3495@example.com,Sales,DevOps Engineer,Toronto,CA,103119,1.6,false
EMP13496,Chen Torvalds,chen.torvalds3496@example.com,Product,QA Engineer,Berlin,DE,62022,6.9,false
EMP13497,Chen Nakamura,chen.nakamura3497@example.com,Operations,Software Engineer,New York,US,111651,6.3,false
EMP13498,Fatima Johnson,fatima.johnson3498@example.com,Design,Sales Rep,Paris,FR,79955,7.2,true
EMP13499,Aisha Rossi,aisha.rossi3499@example.com,Product,Product Manager,Toronto,CA,93634,10.7,false
EMP13500,Margaret Cerf,margaret.cerf3500@example.com,Sales,UX Designer,Dublin,IE,49393,9.1,false
EMP13501,James Kowalski,james.kowalski3501@example.com,Marketing,Software Engineer,São Paulo,BR,121937,7.9,false
EMP13502,Radia Hopper,radia.hopper3502@example.com,Marketing,UX Designer,Paris,FR,128860,9.0,false
EMP13503,Priya Cerf,priya.cerf3503@example.com,Engineering,QA Engineer,Amsterdam,NL,85579,8.2,true
EMP13504,Maya Rossi,maya.rossi3504@example.com,Finance,Data Analyst,Singapore,SG,74477,9.0,true
EMP13505,Priya Müller,priya.müller3505@example.com,Operations,Software Engineer,Sydney,AU,106776,1.5,true
EMP13506,Nina Andersson,nina.andersson3506@example.com,Design,Customer Success,London,UK,107741,6.4,true
EMP13507,Elena Hamilton,elena.hamilton3507@example.com,Marketing,DevOps Engineer,São Paulo,BR,49094,10.1,false
EMP13508,Radia Okafor,radia.okafor3508@example.com,Product,Marketing Lead,São Paulo,BR,55518,5.6,true
EMP13509,Fatima Andersson,fatima.andersson3509@example.com,Design,Data Analyst,Berlin,DE,77486,11.6,true
EMP13510,Lucas Hamilton,lucas.hamilton3510@example.com,Finance,Data Analyst,Tokyo,JP,71764,1.5,true
EMP13511,Ada Hopper,ada.hopper3511@example.com,Customer Success,Finance Analyst,New York,US,160243,11.5,true
EMP13512,Noah Silva,noah.silva3512@example.com,Customer Success,Software Engineer,Toronto,CA,73557,2.4,false
EMP13513,Lucas Lovelace,lucas.lovelace3513@example.com,Operations,Marketing Lead,Sydney,AU,71415,4.7,false
EMP13514,Katherine Cerf,katherine.cerf3514@example.com,Design,Product Manager,London,UK,95839,7.2,false
EMP13515,Maya Berners-Lee,maya.berners-lee3515@example.com,Engineering,Finance Analyst,São Paulo,BR,80605,12.0,false
EMP13516,Carlos Nakamura,carlos.nakamura3516@example.com,Engineering,Product Manager,New York,US,113969,6.1,true
EMP13517,Chen Andersson,chen.andersson3517@example.com,Marketing,UX Designer,Paris,FR,107293,5.6,true
EMP13518,Katherine Turing,katherine.turing3518@example.com,Sales,Data Analyst,Paris,FR,117729,11.7,false
EMP13519,Leo Turing,leo.turing3519@example.com,Operations,QA Engineer,São Paulo,BR,130695,2.9,false
EMP13520,Tim Lovelace,tim.lovelace3520@example.com,Finance,Customer Success,Toronto,CA,57856,6.6,true
EMP13521,Sam Liskov,sam.liskov3521@example.com,Design,Finance Analyst,New York,US,141474,9.9,false
EMP13522,Grace Singh,grace.singh3522@example.com,Sales,Product Manager,Singapore,SG,53381,11.1,false
EMP13523,Carlos Liskov,carlos.liskov3523@example.com,Finance,Customer Success,Sydney,AU,128999,9.2,true
EMP13524,Alan Cerf,alan.cerf3524@example.com,Operations,Software Engineer,Dublin,IE,81177,8.9,true
EMP13525,Maya Johnson,maya.johnson3525@example.com,Product,Sales Rep,Sydney,AU,137533,5.0,false
EMP13526,James Perlman,james.perlman3526@example.com,Design,Data Analyst,Singapore,SG,115163,1.2,true
EMP13527,Yuki Hamilton,yuki.hamilton3527@example.com,Finance,DevOps Engineer,Toronto,CA,131113,6.3,true
EMP13528,Lucas Kowalski,lucas.kowalski3528@example.com,Engineering,Marketing Lead,Paris,FR,52009,9.5,false
EMP13529,Linus Lovelace,linus.lovelace3529@example.com,Sales,Finance Analyst,Singapore,SG,66822,11.1,true
EMP13530,Tim Andersson,tim.andersson3530@example.com,Product,Software Engineer,Berlin,DE,63099,1.4,false
EMP13531,Aisha Hamilton,aisha.hamilton3531@example.com,Marketing,Customer Success,Tokyo,JP,84939,10.5,false
EMP13532,Carlos Johnson,carlos.johnson3532@example.com,Sales,Product Manager,Singapore,SG,160509,10.4,false
EMP13533,Lucas Turing,lucas.turing3533@example.com,Operations,Finance Analyst,Amsterdam,NL,57166,6.2,true
EMP13534,Omar Cerf,omar.cerf3534@example.com,Operations,Marketing Lead,New York,US,74516,1.6,true
EMP13535,Omar Lovelace,omar.lovelace3535@example.com,Product,DevOps Engineer,Amsterdam,NL,120789,8.5,false
EMP13536,Grace Perlman,grace.perlman3536@example.com,Marketing,DevOps Engineer,Amsterdam,NL,93961,5.7,false
EMP13537,Yuki Petrov,yuki.petrov3537@example.com,Sales,Data Analyst,Dublin,IE,143094,3.4,true
EMP13538,Yuki Johnson,yuki.johnson3538@example.com,Design,Finance Analyst,São Paulo,BR,124281,9.5,true
EMP13539,Tim Torvalds,tim.torvalds3539@example.com,Marketing,Marketing Lead,Singapore,SG,147134,8.0,true
EMP13540,Theo Hopper,theo.hopper3540@example.com,Customer Success,Software Engineer,London,UK,164975,9.2,false
EMP13541,Katherine Okafor,katherine.okafor3541@example.com,Finance,UX Designer,Dublin,IE,95408,6.4,false
EMP13542,Priya Andersson,priya.andersson3542@example.com,Engineering,Data Analyst,Paris,FR,49639,6.9,false
EMP13543,Sam Perlman,sam.perlman3543@example.com,Design,Finance Analyst,Toronto,CA,51216,11.7,false
EMP13544,Ada Okafor,ada.okafor3544@example.com,Sales,Product Manager,Amsterdam,NL,141772,4.9,false
EMP13545,Radia Hopper,radia.hopper3545@example.com,Finance,Product Manager,Sydney,AU,134771,4.3,false
EMP13546,Margaret Hamilton,margaret.hamilton3546@example.com,Operations,Software Engineer,Tokyo,JP,121034,9.3,false
EMP13547,Vint Berners-Lee,vint.berners-lee3547@example.com,Marketing,QA Engineer,Nairobi,KE,153190,6.5,true
EMP13548,Alan Singh,alan.singh3548@example.com,Marketing,Finance Analyst,London,UK,95839,9.1,true
EMP13549,Amara Johnson,amara.johnson3549@example.com,Sales,Software Engineer,Tokyo,JP,161291,10.6,false
EMP13550,Tim Nakamura,tim.nakamura3550@example.com,Design,Finance Analyst,São Paulo,BR,64253,6.1,false
EMP13551,Grace Cerf,grace.cerf3551@example.com,Sales,Product Manager,Sydney,AU,162518,10.8,true
EMP13552,Theo Cerf,theo.cerf3552@example.com,Customer Success,Customer Success,Paris,FR,53084,1.7,false
EMP13553,Lucas Nakamura,lucas.nakamura3553@example.com,Customer Success,Customer Success,Singapore,SG,121697,2.3,false
EMP13554,Margaret Okafor,margaret.okafor3554@example.com,Engineering,Customer Success,New York,US,123383,5.1,false
EMP13555,Alan Petrov,alan.petrov3555@example.com,Customer Success,QA Engineer,Berlin,DE,163563,1.1,false
EMP13556,Ivan Chen,ivan.chen3556@example.com,Marketing,QA Engineer,Tokyo,JP,71605,3.3,true
EMP13557,Radia Andersson,radia.andersson3557@example.com,Customer Success,Product Manager,São Paulo,BR,59403,3.5,true
EMP13558,Alan Turing,alan.turing3558@example.com,Customer Success,QA Engineer,London,UK,122954,8.6,false
EMP13559,Tim Berners-Lee,tim.berners-lee3559@example.com,Sales,DevOps Engineer,São Paulo,BR,58670,3.0,false
EMP13560,Tim Singh,tim.singh3560@example.com,Design,Customer Success,São Paulo,BR,125575,8.8,true
EMP13561,Omar Chen,omar.chen3561@example.com,Customer Success,Sales Rep,New York,US,87316,8.6,false
EMP13562,Carlos Singh,carlos.singh3562@example.com,Sales,QA Engineer,London,UK,97946,4.6,false
EMP13563,Radia Rossi,radia.rossi3563@example.com,Finance,DevOps Engineer,São Paulo,BR,53431,5.7,false
EMP13564,Yuki Chen,yuki.chen3564@example.com,Engineering,Marketing Lead,Amsterdam,NL,103864,11.6,false
EMP13565,Chen Johnson,chen.johnson3565@example.com,Engineering,Software Engineer,Berlin,DE,69935,1.6,false
EMP13566,Omar Perlman,omar.perlman3566@example.com,Engineering,Product Manager,Amsterdam,NL,55406,4.9,false
EMP13567,Ada Rossi,ada.rossi3567@example.com,Design,Sales Rep,New York,US,99723,8.4,true
EMP13568,Aisha Silva,aisha.silva3568@example.com,Design,UX Designer,Tokyo,JP,71883,5.7,false
EMP13569,Katherine Perlman,katherine.perlman3569@example.com,Design,Marketing Lead,London,UK,54282,8.0,true
EMP13570,Radia Perlman,radia.perlman3570@example.com,Finance,Finance Analyst,Berlin,DE,50243,1.1,false
EMP13571,Aisha Perlman,aisha.perlman3571@example.com,Sales,Marketing Lead,Dublin,IE,94156,9.9,false
EMP13572,Sam Cerf,sam.cerf3572@example.com,Engineering,Customer Success,Berlin,DE,142082,4.8,true
EMP13573,Tim Johnson,tim.johnson3573@example.com,Product,Product Manager,Singapore,SG,134460,3.6,true
EMP13574,Omar Cerf,omar.cerf3574@example.com,Operations,Finance Analyst,Toronto,CA,98537,10.4,true
EMP13575,Barbara Kowalski,barbara.kowalski3575@example.com,Sales,Product Manager,Singapore,SG,70801,7.6,false
EMP13576,Ivan Liskov,ivan.liskov3576@example.com,Marketing,Customer Success,Paris,FR,106685,8.7,true
EMP13577,Sophie Hamilton,sophie.hamilton3577@example.com,Sales,Data Analyst,London,UK,84197,5.6,false
EMP13578,Yuki Andersson,yuki.andersson3578@example.com,Engineering,Sales Rep,São Paulo,BR,56173,11.9,false
EMP13579,Vint Silva,vint.silva3579@example.com,Sales,Sales Rep,Tokyo,JP,147759,5.1,false
EMP13580,Elena Johnson,elena.johnson3580@example.com,Sales,DevOps Engineer,Paris,FR,81815,7.4,false
EMP13581,Omar Cerf,omar.cerf3581@example.com,Design,QA Engineer,Amsterdam,NL,93115,3.0,false
EMP13582,James Okafor,james.okafor3582@example.com,Finance,Software Engineer,Sydney,AU,156300,4.1,true
EMP13583,Radia Perlman,radia.perlman3583@example.com,Design,QA Engineer,Paris,FR,59084,5.0,true
EMP13584,Zara Torvalds,zara.torvalds3584@example.com,Engineering,Sales Rep,São Paulo,BR,116097,11.7,true
EMP13585,Katherine Berners-Lee,katherine.berners-lee3585@example.com,Design,Customer Success,Singapore,SG,89896,0.4,false
EMP13586,Theo Turing,theo.turing3586@example.com,Customer Success,Finance Analyst,Tokyo,JP,49802,6.0,true
EMP13587,Zara Nakamura,zara.nakamura3587@example.com,Product,QA Engineer,Amsterdam,NL,56449,3.8,false
EMP13588,Maya Kowalski,maya.kowalski3588@example.com,Finance,Product Manager,São Paulo,BR,59835,10.4,true
EMP13589,Ada Andersson,ada.andersson3589@example.com,Product,UX Designer,Amsterdam,NL,141689,2.1,true
EMP13590,Katherine Johnson,katherine.johnson3590@example.com,Design,Marketing Lead,New York,US,124404,6.5,false
EMP13591,Grace Okafor,grace.okafor3591@example.com,Design,Marketing Lead,Nairobi,KE,75696,3.4,false
EMP13592,Amara Müller,amara.müller3592@example.com,Finance,QA Engineer,Paris,FR,137918,7.5,true
EMP13593,Yuki Hopper,yuki.hopper3593@example.com,Customer Success,Customer Success,Paris,FR,149066,2.2,false
EMP13594,Maya Chen,maya.chen3594@example.com,Sales,Data Analyst,London,UK,101551,9.5,true
EMP13595,Elena Torvalds,elena.torvalds3595@example.com,Customer Success,Finance Analyst,Tokyo,JP,142584,7.0,false
EMP13596,Lucas Okafor,lucas.okafor3596@example.com,Design,Product Manager,New York,US,139383,11.7,true
EMP13597,Elena Singh,elena.singh3597@example.com,Marketing,Customer Success,Nairobi,KE,63730,10.7,true
EMP13598,Yuki Liskov,yuki.liskov3598@example.com,Engineering,DevOps Engineer,New York,US,157599,1.6,false
EMP13599,Alan Hopper,alan.hopper3599@example.com,Customer Success,Sales Rep,New York,US,74053,2.7,true
EMP13600,Noah Hopper,noah.hopper3600@example.com,Operations,QA Engineer,Nairobi,KE,136869,7.5,false
EMP13601,Ivan Liskov,ivan.liskov3601@example.com,Sales,Product Manager,Toronto,CA,64154,10.3,true
EMP13602,Radia Hopper,radia.hopper3602@example.com,Operations,DevOps Engineer,Nairobi,KE,66293,10.7,true
EMP13603,Fatima Müller,fatima.müller3603@example.com,Product,Software Engineer,Tokyo,JP,85710,6.9,true
EMP13604,Priya Rossi,priya.rossi3604@example.com,Marketing,Software Engineer,Toronto,CA,98384,11.5,false
EMP13605,Margaret Turing,margaret.turing3605@example.com,Sales,Sales Rep,Nairobi,KE,101399,9.2,true
EMP13606,Nina Okafor,nina.okafor3606@example.com,Design,Customer Success,Singapore,SG,66292,2.2,false
EMP13607,Linus Andersson,linus.andersson3607@example.com,Customer Success,Sales Rep,Berlin,DE,123629,5.3,false
EMP13608,Amara Müller,amara.müller3608@example.com,Operations,QA Engineer,New York,US,93157,8.0,true
EMP13609,Linus Perlman,linus.perlman3609@example.com,Product,QA Engineer,London,UK,133628,0.8,true
EMP13610,Ada Hopper,ada.hopper3610@example.com,Engineering,QA Engineer,New York,US,117335,7.5,true
EMP13611,Katherine Liskov,katherine.liskov3611@example.com,Sales,DevOps Engineer,Toronto,CA,144161,9.5,true
EMP13612,Barbara Rossi,barbara.rossi3612@example.com,Marketing,Data Analyst,Nairobi,KE,89208,8.8,true
EMP13613,Radia Okafor,radia.okafor3613@example.com,Finance,Sales Rep,Toronto,CA,70823,6.8,false
EMP13614,Radia Andersson,radia.andersson3614@example.com,Customer Success,Sales Rep,Amsterdam,NL,86106,8.1,true
EMP13615,Theo Rossi,theo.rossi3615@example.com,Product,Product Manager,New York,US,124523,3.5,true
EMP13616,Vint Hopper,vint.hopper3616@example.com,Design,Marketing Lead,New York,US,62990,11.5,false
EMP13617,Yuki Johnson,yuki.johnson3617@example.com,Operations,QA Engineer,Singapore,SG,48890,1.8,false
EMP13618,Radia Torvalds,radia.torvalds3618@example.com,Product,Marketing Lead,Paris,FR,79334,4.2,false
EMP13619,Priya Berners-Lee,priya.berners-lee3619@example.com,Customer Success,Marketing Lead,Amsterdam,NL,107161,11.7,false
EMP13620,Fatima Perlman,fatima.perlman3620@example.com,Product,Customer Success,Berlin,DE,142515,4.6,true
EMP13621,Radia Petrov,radia.petrov3621@example.com,Finance,QA Engineer,Berlin,DE,162820,5.2,true
EMP13622,Lucas Berners-Lee,lucas.berners-lee3622@example.com,Engineering,DevOps Engineer,London,UK,86236,0.8,false
EMP13623,Sam Okafor,sam.okafor3623@example.com,Product,QA Engineer,Sydney,AU,54086,5.6,true
EMP13624,Lucas Torvalds,lucas.torvalds3624@example.com,Customer Success,Software Engineer,Tokyo,JP,69571,1.4,true
EMP13625,Katherine Silva,katherine.silva3625@example.com,Product,Finance Analyst,Berlin,DE,122904,6.3,true
EMP13626,Linus Petrov,linus.petrov3626@example.com,Design,DevOps Engineer,Berlin,DE,62328,6.1,true
EMP13627,Vint Liskov,vint.liskov3627@example.com,Design,Finance Analyst,São Paulo,BR,134235,0.7,false
EMP13628,Katherine Berners-Lee,katherine.berners-lee3628@example.com,Sales,Software Engineer,Berlin,DE,65592,9.4,true
EMP13629,Yuki Lovelace,yuki.lovelace3629@example.com,Operations,Product Manager,London,UK,74476,9.7,false
EMP13630,Zara Kowalski,zara.kowalski3630@example.com,Marketing,DevOps Engineer,Nairobi,KE,160716,3.1,true
EMP13631,Aisha Chen,aisha.chen3631@example.com,Sales,Marketing Lead,New York,US,159055,3.4,false
EMP13632,Grace Okafor,grace.okafor3632@example.com,Marketing,Customer Success,Sydney,AU,46573,0.5,false
EMP13633,Nina Berners-Lee,nina.berners-lee3633@example.com,Design,Finance Analyst,Sydney,AU,130050,10.2,false
EMP13634,Amara Torvalds,amara.torvalds3634@example.com,Design,UX Designer,London,UK,70810,10.0,true
EMP13635,Leo Turing,leo.turing3635@example.com,Sales,Product Manager,Sydney,AU,112894,10.4,true
EMP13636,Sam Perlman,sam.perlman3636@example.com,Design,Software Engineer,Tokyo,JP,56066,6.1,true
EMP13637,Sam Nakamura,sam.nakamura3637@example.com,Finance,DevOps Engineer,Berlin,DE,91018,11.9,true
EMP13638,Chen Andersson,chen.andersson3638@example.com,Operations,Customer Success,London,UK,102826,1.5,true
EMP13639,Alan Torvalds,alan.torvalds3639@example.com,Marketing,Marketing Lead,Nairobi,KE,128160,10.1,false
EMP13640,Grace Berners-Lee,grace.berners-lee3640@example.com,Operations,DevOps Engineer,Berlin,DE,161623,7.4,true
EMP13641,Yuki Hopper,yuki.hopper3641@example.com,Sales,Customer Success,São Paulo,BR,132087,2.0,false
EMP13642,Leo Okafor,leo.okafor3642@example.com,Finance,UX Designer,Tokyo,JP,55434,4.2,false
EMP13643,Ivan Torvalds,ivan.torvalds3643@example.com,Engineering,UX Designer,Amsterdam,NL,117856,8.6,false
EMP13644,Lucas Petrov,lucas.petrov3644@example.com,Finance,Software Engineer,Berlin,DE,145800,2.4,true
EMP13645,Theo Nakamura,theo.nakamura3645@example.com,Finance,UX Designer,London,UK,90194,6.9,true
EMP13646,Maya Nakamura,maya.nakamura3646@example.com,Engineering,Product Manager,Amsterdam,NL,73917,9.0,false
EMP13647,Sam Chen,sam.chen3647@example.com,Product,Software Engineer,London,UK,87017,2.9,true
EMP13648,Zara Johnson,zara.johnson3648@example.com,Design,Product Manager,Dublin,IE,120556,4.9,true
EMP13649,Tim Johnson,tim.johnson3649@example.com,Finance,DevOps Engineer,New York,US,141311,3.3,true
EMP13650,Radia Torvalds,radia.torvalds3650@example.com,Product,Customer Success,Toronto,CA,59293,1.9,true
EMP13651,Carlos Nakamura,carlos.nakamura3651@example.com,Finance,Software Engineer,Paris,FR,94595,2.2,true
EMP13652,Priya Turing,priya.turing3652@example.com,Product,Customer Success,Tokyo,JP,80429,6.2,false
EMP13653,Elena Silva,elena.silva3653@example.com,Product,Data Analyst,Amsterdam,NL,48959,10.5,true
EMP13654,Yuki Rossi,yuki.rossi3654@example.com,Sales,Product Manager,Tokyo,JP,46391,11.4,false
EMP13655,Ivan Nakamura,ivan.nakamura3655@example.com,Customer Success,Marketing Lead,Berlin,DE,72906,1.0,false
EMP13656,Priya Hamilton,priya.hamilton3656@example.com,Customer Success,Finance Analyst,Paris,FR,131551,8.3,false
EMP13657,Amara Turing,amara.turing3657@example.com,Design,Software Engineer,Sydney,AU,126323,1.1,true
EMP13658,Linus Singh,linus.singh3658@example.com,Operations,QA Engineer,Dublin,IE,115316,0.5,true
EMP13659,Aisha Silva,aisha.silva3659@example.com,Sales,Marketing Lead,Tokyo,JP,104704,7.1,false
EMP13660,Sam Müller,sam.müller3660@example.com,Sales,Data Analyst,São Paulo,BR,137212,4.2,true
EMP13661,Omar Chen,omar.chen3661@example.com,Marketing,Customer Success,Amsterdam,NL,89099,6.2,false
EMP13662,Fatima Silva,fatima.silva3662@example.com,Sales,Product Manager,São Paulo,BR,92886,5.7,false
EMP13663,Linus Torvalds,linus.torvalds3663@example.com,Operations,Product Manager,Paris,FR,164877,2.3,true
EMP13664,Sam Liskov,sam.liskov3664@example.com,Sales,Finance Analyst,Berlin,DE,125439,8.0,true
EMP13665,Alan Rossi,alan.rossi3665@example.com,Finance,Customer Success,São Paulo,BR,138681,5.0,true
EMP13666,Katherine Torvalds,katherine.torvalds3666@example.com,Customer Success,Finance Analyst,Amsterdam,NL,101160,3.4,false
EMP13667,Nina Berners-Lee,nina.berners-lee3667@example.com,Finance,Marketing Lead,London,UK,124532,10.5,true
EMP13668,Radia Kowalski,radia.kowalski3668@example.com,Design,Customer Success,Toronto,CA,145946,1.0,true
EMP13669,Omar Rossi,omar.rossi3669@example.com,Customer Success,DevOps Engineer,Nairobi,KE,121144,11.4,true
EMP13670,Alan Lovelace,alan.lovelace3670@example.com,Engineering,Data Analyst,Tokyo,JP,68523,1.1,true
EMP13671,Leo Liskov,leo.liskov3671@example.com,Marketing,Sales Rep,Nairobi,KE,143108,2.5,true
EMP13672,Tim Rossi,tim.rossi3672@example.com,Sales,Finance Analyst,Amsterdam,NL,149100,7.0,true
EMP13673,Maya Silva,maya.silva3673@example.com,Marketing,Software Engineer,São Paulo,BR,164394,2.4,true
EMP13674,Sam Turing,sam.turing3674@example.com,Design,Customer Success,Tokyo,JP,72272,10.0,true
EMP13675,Priya Kowalski,priya.kowalski3675@example.com,Engineering,Software Engineer,Toronto,CA,143306,3.8,false
EMP13676,Omar Perlman,omar.perlman3676@example.com,Sales,QA Engineer,Singapore,SG,61279,9.8,true
EMP13677,Linus Müller,linus.müller3677@example.com,Marketing,Finance Analyst,Singapore,SG,63185,8.8,true
EMP13678,Radia Perlman,radia.perlman3678@example.com,Engineering,UX Designer,Nairobi,KE,149327,11.3,true
EMP13679,Tim Kowalski,tim.kowalski3679@example.com,Customer Success,Data Analyst,Singapore,SG,117527,7.9,true
EMP13680,Theo Cerf,theo.cerf3680@example.com,Design,QA Engineer,Tokyo,JP,159018,11.6,false
EMP13681,Ada Rossi,ada.rossi3681@example.com,Marketing,Sales Rep,Toronto,CA,136742,8.0,false
EMP13682,Sophie Singh,sophie.singh3682@example.com,Engineering,UX Designer,Singapore,SG,163236,2.3,false
EMP13683,Barbara Chen,barbara.chen3683@example.com,Product,QA Engineer,Tokyo,JP,107654,3.7,false
EMP13684,Lucas Rossi,lucas.rossi3684@example.com,Customer Success,Sales Rep,Amsterdam,NL,83561,7.6,true
EMP13685,Elena Perlman,elena.perlman3685@example.com,Design,Finance Analyst,Tokyo,JP,125866,7.2,false
EMP13686,Grace Liskov,grace.liskov3686@example.com,Design,Software Engineer,Tokyo,JP,129899,5.1,true
EMP13687,Margaret Johnson,margaret.johnson3687@example.com,Engineering,DevOps Engineer,Amsterdam,NL,144897,2.6,false
EMP13688,Sam Okafor,sam.okafor3688@example.com,Marketing,UX Designer,London,UK,69784,9.3,true
EMP13689,Barbara Johnson,barbara.johnson3689@example.com,Operations,DevOps Engineer,Nairobi,KE,122080,0.5,false
EMP13690,Fatima Berners-Lee,fatima.berners-lee3690@example.com,Finance,Finance Analyst,Amsterdam,NL,116298,1.2,false
EMP13691,Yuki Johnson,yuki.johnson3691@example.com,Finance,DevOps Engineer,Nairobi,KE,64008,0.7,false
EMP13692,Barbara Torvalds,barbara.torvalds3692@example.com,Customer Success,Data Analyst,Amsterdam,NL,132947,5.5,false
EMP13693,Elena Andersson,elena.andersson3693@example.com,Design,QA Engineer,Toronto,CA,60416,0.5,true
EMP13694,Priya Chen,priya.chen3694@example.com,Operations,Customer Success,Nairobi,KE,103291,0.9,false
EMP13695,Leo Silva,leo.silva3695@example.com,Operations,Marketing Lead,Toronto,CA,89698,10.0,true
EMP13696,Omar Hamilton,omar.hamilton3696@example.com,Operations,Finance Analyst,Nairobi,KE,107969,0.5,false
EMP13697,Zara Rossi,zara.rossi3697@example.com,Customer Success,QA Engineer,Singapore,SG,56010,4.0,false
EMP13698,Grace Torvalds,grace.torvalds3698@example.com,Design,Sales Rep,Berlin,DE,64626,3.5,false
EMP13699,Linus Singh,linus.singh3699@example.com,Finance,Customer Success,Dublin,IE,133834,11.5,true
EMP13700,Fatima Müller,fatima.müller3700@example.com,Finance,Data Analyst,Toronto,CA,135841,3.5,false
EMP13701,James Liskov,james.liskov3701@example.com,Product,Data Analyst,Sydney,AU,150845,8.8,false
EMP13702,James Rossi,james.rossi3702@example.com,Sales,Finance Analyst,Sydney,AU,132277,10.9,true
EMP13703,Alan Okafor,alan.okafor3703@example.com,Engineering,Finance Analyst,Amsterdam,NL,163625,4.3,false
EMP13704,Vint Nakamura,vint.nakamura3704@example.com,Customer Success,Sales Rep,Berlin,DE,102579,2.2,true
EMP13705,Noah Chen,noah.chen3705@example.com,Marketing,DevOps Engineer,Sydney,AU,73874,8.8,false
EMP13706,Barbara Rossi,barbara.rossi3706@example.com,Operations,DevOps Engineer,Tokyo,JP,144844,9.5,false
EMP13707,Chen Lovelace,chen.lovelace3707@example.com,Operations,Sales Rep,São Paulo,BR,115900,6.6,true
EMP13708,Noah Liskov,noah.liskov3708@example.com,Product,Sales Rep,Singapore,SG,121139,5.8,false
EMP13709,Lucas Nakamura,lucas.nakamura3709@example.com,Design,Customer Success,São Paulo,BR,122353,3.6,true
EMP13710,Omar Torvalds,omar.torvalds3710@example.com,Sales,QA Engineer,São Paulo,BR,140285,11.9,true
EMP13711,Maya Andersson,maya.andersson3711@example.com,Design,Sales Rep,Dublin,IE,147860,3.1,false
EMP13712,Theo Kowalski,theo.kowalski3712@example.com,Engineering,Finance Analyst,Paris,FR,71891,8.5,false
EMP13713,Maya Petrov,maya.petrov3713@example.com,Finance,Data Analyst,Dublin,IE,104922,5.5,true
EMP13714,Ivan Lovelace,ivan.lovelace3714@example.com,Sales,Data Analyst,Berlin,DE,125958,2.8,true
EMP13715,Tim Hopper,tim.hopper3715@example.com,Product,DevOps Engineer,London,UK,86458,0.4,false
EMP13716,Margaret Cerf,margaret.cerf3716@example.com,Marketing,Software Engineer,Toronto,CA,149592,0.3,true
EMP13717,Linus Petrov,linus.petrov3717@example.com,Design,DevOps Engineer,Berlin,DE,105078,1.9,true
EMP13718,Theo Cerf,theo.cerf3718@example.com,Engineering,QA Engineer,Tokyo,JP,97435,10.7,false
EMP13719,Yuki Lovelace,yuki.lovelace3719@example.com,Engineering,Customer Success,Sydney,AU,63686,9.7,true
EMP13720,Ada Nakamura,ada.nakamura3720@example.com,Design,Customer Success,Amsterdam,NL,82384,4.7,false
EMP13721,Aisha Chen,aisha.chen3721@example.com,Finance,DevOps Engineer,Sydney,AU,153217,2.1,false
EMP13722,Ada Kowalski,ada.kowalski3722@example.com,Operations,QA Engineer,New York,US,123786,5.5,true
EMP13723,Katherine Turing,katherine.turing3723@example.com,Engineering,Customer Success,Singapore,SG,50523,10.1,false
EMP13724,Lucas Müller,lucas.müller3724@example.com,Marketing,Finance Analyst,São Paulo,BR,145512,7.7,false
EMP13725,Alan Okafor,alan.okafor3725@example.com,Marketing,Customer Success,Paris,FR,163893,6.3,true
EMP13726,Leo Okafor,leo.okafor3726@example.com,Product,Product Manager,Paris,FR,145605,9.0,true
EMP13727,Lucas Berners-Lee,lucas.berners-lee3727@example.com,Product,Data Analyst,Sydney,AU,81236,1.3,false
EMP13728,Grace Nakamura,grace.nakamura3728@example.com,Operations,UX Designer,Sydney,AU,159102,1.3,true
EMP13729,Fatima Chen,fatima.chen3729@example.com,Customer Success,QA Engineer,New York,US,63137,6.8,false
EMP13730,Ivan Hamilton,ivan.hamilton3730@example.com,Finance,Sales Rep,Paris,FR,107287,5.6,true
EMP13731,Tim Perlman,tim.perlman3731@example.com,Finance,Customer Success,Tokyo,JP,64520,6.6,false
EMP13732,Noah Hopper,noah.hopper3732@example.com,Operations,Software Engineer,Paris,FR,110248,7.6,false
EMP13733,Elena Berners-Lee,elena.berners-lee3733@example.com,Customer Success,Product Manager,London,UK,122796,1.1,false
EMP13734,Lucas Okafor,lucas.okafor3734@example.com,Engineering,Customer Success,Nairobi,KE,95596,2.8,true
EMP13735,Elena Petrov,elena.petrov3735@example.com,Finance,Finance Analyst,São Paulo,BR,148740,9.8,false
EMP13736,Maya Perlman,maya.perlman3736@example.com,Product,Product Manager,New York,US,82621,7.6,false
EMP13737,Maya Lovelace,maya.lovelace3737@example.com,Marketing,UX Designer,Nairobi,KE,97290,5.0,false
EMP13738,Elena Lovelace,elena.lovelace3738@example.com,Product,Data Analyst,Toronto,CA,112686,4.4,false
EMP13739,Priya Liskov,priya.liskov3739@example.com,Sales,Data Analyst,Berlin,DE,154440,4.7,false
EMP13740,Tim Johnson,tim.johnson3740@example.com,Finance,UX Designer,Singapore,SG,145803,3.7,true
EMP13741,Sam Lovelace,sam.lovelace3741@example.com,Operations,QA Engineer,Nairobi,KE,134885,6.8,false
EMP13742,Ada Petrov,ada.petrov3742@example.com,Finance,UX Designer,Paris,FR,116130,9.7,true
EMP13743,Vint Hopper,vint.hopper3743@example.com,Operations,Finance Analyst,Sydney,AU,65080,10.4,true
EMP13744,Carlos Liskov,carlos.liskov3744@example.com,Sales,Marketing Lead,Paris,FR,148395,4.0,false
EMP13745,Grace Nakamura,grace.nakamura3745@example.com,Product,DevOps Engineer,São Paulo,BR,51069,10.4,true
EMP13746,Zara Chen,zara.chen3746@example.com,Customer Success,Marketing Lead,New York,US,74075,0.5,false
EMP13747,Vint Singh,vint.singh3747@example.com,Design,DevOps Engineer,Sydney,AU,113196,2.8,true
EMP13748,Leo Turing,leo.turing3748@example.com,Marketing,QA Engineer,New York,US,47177,11.7,false
EMP13749,James Torvalds,james.torvalds3749@example.com,Marketing,Finance Analyst,Tokyo,JP,139317,10.9,false
EMP13750,Chen Hamilton,chen.hamilton3750@example.com,Engineering,Data Analyst,Toronto,CA,74550,6.2,false
EMP13751,Amara Kowalski,amara.kowalski3751@example.com,Marketing,Sales Rep,Dublin,IE,114175,10.8,false
EMP13752,Noah Lovelace,noah.lovelace3752@example.com,Customer Success,Product Manager,São Paulo,BR,153545,1.9,true
EMP13753,Vint Andersson,vint.andersson3753@example.com,Marketing,UX Designer,Amsterdam,NL,63639,2.7,true
EMP13754,Ivan Müller,ivan.müller3754@example.com,Design,QA Engineer,Paris,FR,123138,7.5,false
EMP13755,Alan Johnson,alan.johnson3755@example.com,Engineering,Sales Rep,Toronto,CA,113439,8.7,false
EMP13756,Sam Hopper,sam.hopper3756@example.com,Engineering,Sales Rep,London,UK,107117,7.2,false
EMP13757,Carlos Johnson,carlos.johnson3757@example.com,Product,Product Manager,Singapore,SG,49606,9.9,true
EMP13758,Alan Johnson,alan.johnson3758@example.com,Design,Customer Success,Dublin,IE,69497,10.4,true
EMP13759,Nina Okafor,nina.okafor3759@example.com,Finance,DevOps Engineer,Sydney,AU,60190,10.5,true
EMP13760,Ivan Torvalds,ivan.torvalds3760@example.com,Operations,Software Engineer,Singapore,SG,142003,8.9,false
EMP13761,Nina Hopper,nina.hopper3761@example.com,Design,Product Manager,Toronto,CA,57359,0.2,false
EMP13762,Priya Turing,priya.turing3762@example.com,Design,Data Analyst,Nairobi,KE,123207,8.1,false
EMP13763,Carlos Okafor,carlos.okafor3763@example.com,Customer Success,DevOps Engineer,Berlin,DE,108491,8.1,false
EMP13764,Fatima Kowalski,fatima.kowalski3764@example.com,Customer Success,Finance Analyst,Tokyo,JP,163693,11.0,false
EMP13765,Barbara Petrov,barbara.petrov3765@example.com,Customer Success,Data Analyst,Berlin,DE,164622,1.6,true
EMP13766,Zara Hamilton,zara.hamilton3766@example.com,Finance,QA Engineer,London,UK,136773,10.5,true
EMP13767,Chen Rossi,chen.rossi3767@example.com,Operations,Software Engineer,London,UK,58668,7.4,true
EMP13768,Ada Okafor,ada.okafor3768@example.com,Marketing,Marketing Lead,Nairobi,KE,56010,4.8,false
EMP13769,Barbara Johnson,barbara.johnson3769@example.com,Product,UX Designer,Sydney,AU,95907,9.6,true
EMP13770,Nina Cerf,nina.cerf3770@example.com,Sales,Sales Rep,London,UK,48418,1.5,true
EMP13771,Elena Andersson,elena.andersson3771@example.com,Operations,Software Engineer,Berlin,DE,123382,11.2,false
EMP13772,Priya Hopper,priya.hopper3772@example.com,Marketing,Software Engineer,Berlin,DE,62187,8.3,true
EMP13773,Theo Chen,theo.chen3773@example.com,Operations,Finance Analyst,Dublin,IE,148460,4.5,true
EMP13774,Chen Rossi,chen.rossi3774@example.com,Engineering,Software Engineer,New York,US,152351,4.8,true
EMP13775,Priya Müller,priya.müller3775@example.com,Operations,Software Engineer,Dublin,IE,114687,2.3,true
EMP13776,Fatima Petrov,fatima.petrov3776@example.com,Design,QA Engineer,Paris,FR,45882,6.6,false
EMP13777,Grace Hopper,grace.hopper3777@example.com,Operations,Software Engineer,New York,US,85580,5.4,false
EMP13778,Grace Lovelace,grace.lovelace3778@example.com,Product,Sales Rep,Tokyo,JP,51367,4.5,true
EMP13779,Margaret Singh,margaret.singh3779@example.com,Design,DevOps Engineer,New York,US,79177,2.3,false
EMP13780,Vint Rossi,vint.rossi3780@example.com,Finance,Customer Success,Sydney,AU,112519,9.6,false
EMP13781,Aisha Andersson,aisha.andersson3781@example.com,Operations,UX Designer,Berlin,DE,78326,5.8,false
EMP13782,Margaret Cerf,margaret.cerf3782@example.com,Design,QA Engineer,Dublin,IE,126532,7.2,false
EMP13783,Chen Andersson,chen.andersson3783@example.com,Finance,Customer Success,Singapore,SG,148180,5.0,true
EMP13784,James Chen,james.chen3784@example.com,Finance,Marketing Lead,London,UK,63352,6.1,true
EMP13785,Omar Lovelace,omar.lovelace3785@example.com,Sales,QA Engineer,Paris,FR,67475,2.3,true
EMP13786,Chen Turing,chen.turing3786@example.com,Finance,Product Manager,Singapore,SG,164547,11.6,false
EMP13787,Carlos Silva,carlos.silva3787@example.com,Engineering,Product Manager,São Paulo,BR,117871,5.9,true
EMP13788,Fatima Berners-Lee,fatima.berners-lee3788@example.com,Product,UX Designer,Tokyo,JP,55385,11.8,false
EMP13789,Leo Rossi,leo.rossi3789@example.com,Product,Product Manager,Singapore,SG,76509,0.7,false
EMP13790,Carlos Okafor,carlos.okafor3790@example.com,Sales,QA Engineer,Tokyo,JP,58791,5.4,false
EMP13791,Chen Nakamura,chen.nakamura3791@example.com,Marketing,Sales Rep,São Paulo,BR,116037,3.7,false
EMP13792,Elena Johnson,elena.johnson3792@example.com,Marketing,Marketing Lead,São Paulo,BR,160640,1.2,true
EMP13793,Yuki Müller,yuki.müller3793@example.com,Product,Sales Rep,Sydney,AU,60201,7.8,false
EMP13794,Tim Liskov,tim.liskov3794@example.com,Customer Success,UX Designer,London,UK,120636,3.0,false
EMP13795,Margaret Perlman,margaret.perlman3795@example.com,Sales,UX Designer,New York,US,138699,9.3,false
EMP13796,Katherine Cerf,katherine.cerf3796@example.com,Marketing,QA Engineer,Tokyo,JP,101314,10.9,false
EMP13797,Elena Turing,elena.turing3797@example.com,Product,QA Engineer,Nairobi,KE,69587,7.1,false
EMP13798,Linus Lovelace,linus.lovelace3798@example.com,Sales,DevOps Engineer,Tokyo,JP,162397,11.6,false
EMP13799,Ada Cerf,ada.cerf3799@example.com,Design,Finance Analyst,Dublin,IE,51636,7.6,true
EMP13800,Amara Chen,amara.chen3800@example.com,Product,DevOps Engineer,London,UK,63279,5.7,false
EMP13801,Ivan Berners-Lee,ivan.berners-lee3801@example.com,Sales,QA Engineer,Dublin,IE,79200,0.6,false
EMP13802,Elena Lovelace,elena.lovelace3802@example.com,Sales,Sales Rep,New York,US,77572,2.0,false
EMP13803,Amara Torvalds,amara.torvalds3803@example.com,Marketing,QA Engineer,Paris,FR,105608,1.0,false
EMP13804,Sam Singh,sam.singh3804@example.com,Product,DevOps Engineer,São Paulo,BR,121909,6.6,false
EMP13805,Grace Liskov,grace.liskov3805@example.com,Product,Sales Rep,Dublin,IE,58896,5.7,true
EMP13806,Tim Silva,tim.silva3806@example.com,Marketing,Marketing Lead,New York,US,59153,1.0,false
EMP13807,Omar Torvalds,omar.torvalds3807@example.com,Engineering,Sales Rep,São Paulo,BR,118741,11.4,false
EMP13808,Yuki Singh,yuki.singh3808@example.com,Product,UX Designer,Nairobi,KE,57629,2.2,true
EMP13809,Zara Rossi,zara.rossi3809@example.com,Operations,DevOps Engineer,Paris,FR,99780,7.6,true
EMP13810,James Johnson,james.johnson3810@example.com,Finance,Data Analyst,São Paulo,BR,62520,8.7,true
EMP13811,Vint Singh,vint.singh3811@example.com,Product,Data Analyst,São Paulo,BR,120373,1.6,true
EMP13812,Radia Müller,radia.müller3812@example.com,Engineering,Finance Analyst,Tokyo,JP,50076,11.8,false
EMP13813,Noah Hamilton,noah.hamilton3813@example.com,Sales,Software Engineer,Berlin,DE,45841,6.9,false
EMP13814,Omar Torvalds,omar.torvalds3814@example.com,Product,Customer Success,Toronto,CA,99632,11.3,false
EMP13815,James Rossi,james.rossi3815@example.com,Finance,Data Analyst,Nairobi,KE,162025,5.2,true
EMP13816,Barbara Rossi,barbara.rossi3816@example.com,Design,Data Analyst,London,UK,67463,10.1,true
EMP13817,Nina Lovelace,nina.lovelace3817@example.com,Design,Marketing Lead,Paris,FR,73543,8.7,false
EMP13818,Theo Perlman,theo.perlman3818@example.com,Finance,QA Engineer,Nairobi,KE,99181,5.7,false
EMP13819,Omar Rossi,omar.rossi3819@example.com,Customer Success,DevOps Engineer,Dublin,IE,68588,0.4,false
EMP13820,Fatima Hamilton,fatima.hamilton3820@example.com,Operations,QA Engineer,Berlin,DE,45983,10.8,false
EMP13821,Vint Singh,vint.singh3821@example.com,Finance,Marketing Lead,Sydney,AU,49405,1.3,false
EMP13822,Sam Hamilton,sam.hamilton3822@example.com,Customer Success,Customer Success,Nairobi,KE,84889,7.4,true
EMP13823,Omar Okafor,omar.okafor3823@example.com,Marketing,Finance Analyst,Paris,FR,53255,10.6,false
EMP13824,Katherine Nakamura,katherine.nakamura3824@example.com,Finance,Software Engineer,Paris,FR,90417,2.2,false
EMP13825,Linus Liskov,linus.liskov3825@example.com,Customer Success,Software Engineer,Singapore,SG,73250,0.5,true
EMP13826,Noah Müller,noah.müller3826@example.com,Marketing,DevOps Engineer,Berlin,DE,151872,8.5,true
EMP13827,Ada Müller,ada.müller3827@example.com,Customer Success,DevOps Engineer,New York,US,65480,2.0,false
EMP13828,Radia Berners-Lee,radia.berners-lee3828@example.com,Engineering,Marketing Lead,Tokyo,JP,81072,10.6,false
EMP13829,Vint Okafor,vint.okafor3829@example.com,Marketing,Software Engineer,Tokyo,JP,61151,0.7,false
EMP13830,Ivan Cerf,ivan.cerf3830@example.com,Engineering,Product Manager,Singapore,SG,141366,7.7,false
EMP13831,Radia Okafor,radia.okafor3831@example.com,Operations,Product Manager,Singapore,SG,115891,9.7,false
EMP13832,Leo Nakamura,leo.nakamura3832@example.com,Operations,DevOps Engineer,Dublin,IE,99548,9.8,true
EMP13833,Margaret Okafor,margaret.okafor3833@example.com,Finance,DevOps Engineer,New York,US,149572,7.1,false
EMP13834,Barbara Berners-Lee,barbara.berners-lee3834@example.com,Engineering,Data Analyst,Amsterdam,NL,136759,6.1,false
EMP13835,Nina Berners-Lee,nina.berners-lee3835@example.com,Customer Success,Customer Success,Tokyo,JP,104765,6.8,true
EMP13836,Omar Singh,omar.singh3836@example.com,Customer Success,QA Engineer,Dublin,IE,64281,3.2,false
EMP13837,Linus Hopper,linus.hopper3837@example.com,Marketing,Sales Rep,Tokyo,JP,117237,10.2,false
EMP13838,Radia Lovelace,radia.lovelace3838@example.com,Engineering,Software Engineer,Toronto,CA,51813,7.5,true
EMP13839,Omar Okafor,omar.okafor3839@example.com,Finance,Marketing Lead,Nairobi,KE,71126,6.0,true
EMP13840,Priya Andersson,priya.andersson3840@example.com,Finance,Data Analyst,Amsterdam,NL,139201,11.4,false
EMP13841,Barbara Johnson,barbara.johnson3841@example.com,Design,QA Engineer,Toronto,CA,75241,7.8,false
EMP13842,Ada Berners-Lee,ada.berners-lee3842@example.com,Finance,Finance Analyst,Paris,FR,48036,8.6,false
EMP13843,Elena Chen,elena.chen3843@example.com,Operations,UX Designer,Amsterdam,NL,93960,7.1,false
EMP13844,Maya Cerf,maya.cerf3844@example.com,Sales,DevOps Engineer,Dublin,IE,67836,6.0,false
EMP13845,Aisha Torvalds,aisha.torvalds3845@example.com,Operations,DevOps Engineer,Sydney,AU,147400,9.2,true
EMP13846,Grace Singh,grace.singh3846@example.com,Customer Success,Product Manager,Dublin,IE,109246,2.7,false
EMP13847,James Okafor,james.okafor3847@example.com,Engineering,Software Engineer,Berlin,DE,55460,10.7,false
EMP13848,Chen Nakamura,chen.nakamura3848@example.com,Finance,Marketing Lead,Dublin,IE,137973,10.3,false
EMP13849,Priya Perlman,priya.perlman3849@example.com,Operations,QA Engineer,London,UK,120149,1.7,false
EMP13850,Aisha Müller,aisha.müller3850@example.com,Operations,Sales Rep,Amsterdam,NL,94897,10.1,true
EMP13851,Sam Hopper,sam.hopper3851@example.com,Design,Marketing Lead,London,UK,72236,9.3,true
EMP13852,Linus Petrov,linus.petrov3852@example.com,Finance,QA Engineer,Berlin,DE,54224,11.7,false
EMP13853,James Kowalski,james.kowalski3853@example.com,Operations,Finance Analyst,Sydney,AU,120822,1.7,false
EMP13854,Aisha Hamilton,aisha.hamilton3854@example.com,Marketing,Software Engineer,Tokyo,JP,68777,9.9,true
EMP13855,Katherine Müller,katherine.müller3855@example.com,Engineering,Sales Rep,Singapore,SG,82512,2.5,false
EMP13856,Amara Petrov,amara.petrov3856@example.com,Marketing,DevOps Engineer,Amsterdam,NL,155456,5.5,false
EMP13857,Vint Müller,vint.müller3857@example.com,Engineering,QA Engineer,Berlin,DE,50056,2.6,true
EMP13858,Elena Torvalds,elena.torvalds3858@example.com,Design,Data Analyst,Dublin,IE,124659,8.9,false
EMP13859,Nina Silva,nina.silva3859@example.com,Operations,Data Analyst,São Paulo,BR,148274,0.4,false
EMP13860,Omar Rossi,omar.rossi3860@example.com,Operations,Finance Analyst,Toronto,CA,77433,11.0,true
EMP13861,Margaret Kowalski,margaret.kowalski3861@example.com,Design,Marketing Lead,Tokyo,JP,154210,6.5,false
EMP13862,Noah Rossi,noah.rossi3862@example.com,Design,Marketing Lead,Sydney,AU,144030,6.2,true
EMP13863,Ivan Perlman,ivan.perlman3863@example.com,Engineering,DevOps Engineer,London,UK,90222,1.2,false
EMP13864,Maya Müller,maya.müller3864@example.com,Product,Sales Rep,Nairobi,KE,141784,11.5,true
EMP13865,Omar Turing,omar.turing3865@example.com,Operations,Software Engineer,Tokyo,JP,58421,6.0,true
EMP13866,Katherine Lovelace,katherine.lovelace3866@example.com,Operations,UX Designer,São Paulo,BR,155993,4.2,true
EMP13867,Theo Silva,theo.silva3867@example.com,Marketing,QA Engineer,Paris,FR,138066,1.4,false
EMP13868,Nina Turing,nina.turing3868@example.com,Customer Success,UX Designer,London,UK,132920,6.0,true
EMP13869,Vint Müller,vint.müller3869@example.com,Operations,Marketing Lead,Nairobi,KE,116512,7.8,false
EMP13870,Katherine Okafor,katherine.okafor3870@example.com,Operations,Finance Analyst,Dublin,IE,103136,8.2,true
EMP13871,Noah Singh,noah.singh3871@example.com,Marketing,Marketing Lead,Paris,FR,98376,1.5,false
EMP13872,Lucas Berners-Lee,lucas.berners-lee3872@example.com,Sales,DevOps Engineer,Tokyo,JP,95627,10.3,true
EMP13873,Carlos Petrov,carlos.petrov3873@example.com,Product,Marketing Lead,Paris,FR,107475,1.0,true
EMP13874,Grace Perlman,grace.perlman3874@example.com,Finance,DevOps Engineer,Amsterdam,NL,59360,11.2,false
EMP13875,Lucas Liskov,lucas.liskov3875@example.com,Product,Marketing Lead,Amsterdam,NL,118862,6.9,false
EMP13876,Noah Liskov,noah.liskov3876@example.com,Operations,Customer Success,Paris,FR,99114,9.1,true
EMP13877,Barbara Nakamura,barbara.nakamura3877@example.com,Operations,Data Analyst,Singapore,SG,127510,4.9,false
EMP13878,Sam Okafor,sam.okafor3878@example.com,Sales,Data Analyst,New York,US,66425,5.8,false
EMP13879,Radia Turing,radia.turing3879@example.com,Design,Customer Success,Sydney,AU,56300,4.3,true
EMP13880,Barbara Perlman,barbara.perlman3880@example.com,Product,Product Manager,Dublin,IE,122807,10.0,true
EMP13881,Carlos Chen,carlos.chen3881@example.com,Product,Sales Rep,São Paulo,BR,72762,7.2,false
EMP13882,James Turing,james.turing3882@example.com,Design,Customer Success,Nairobi,KE,89375,8.4,true
EMP13883,Radia Lovelace,radia.lovelace3883@example.com,Product,Marketing Lead,Paris,FR,126429,11.8,true
EMP13884,Maya Johnson,maya.johnson3884@example.com,Customer Success,Finance Analyst,São Paulo,BR,132172,6.1,true
EMP13885,Maya Liskov,maya.liskov3885@example.com,Sales,DevOps Engineer,Paris,FR,75783,11.5,true
EMP13886,Zara Singh,zara.singh3886@example.com,Marketing,Data Analyst,Amsterdam,NL,96797,11.2,true
EMP13887,Margaret Torvalds,margaret.torvalds3887@example.com,Product,UX Designer,Singapore,SG,137701,11.0,false
EMP13888,Amara Nakamura,amara.nakamura3888@example.com,Operations,Customer Success,Paris,FR,125879,7.3,true
EMP13889,Maya Liskov,maya.liskov3889@example.com,Operations,Product Manager,Tokyo,JP,85605,8.3,true
EMP13890,Priya Petrov,priya.petrov3890@example.com,Design,UX Designer,Sydney,AU,140910,8.7,false
EMP13891,Linus Petrov,linus.petrov3891@example.com,Engineering,Customer Success,New York,US,134341,6.8,false
EMP13892,Radia Perlman,radia.perlman3892@example.com,Finance,Data Analyst,Sydney,AU,147462,2.3,true
EMP13893,Fatima Chen,fatima.chen3893@example.com,Marketing,Marketing Lead,Berlin,DE,55105,6.9,true
EMP13894,Sophie Perlman,sophie.perlman3894@example.com,Operations,Marketing Lead,London,UK,146030,1.6,true
EMP13895,Noah Petrov,noah.petrov3895@example.com,Finance,UX Designer,New York,US,83284,3.8,false
EMP13896,Theo Andersson,theo.andersson3896@example.com,Sales,Finance Analyst,Toronto,CA,119342,9.6,false
EMP13897,Vint Johnson,vint.johnson3897@example.com,Customer Success,UX Designer,Tokyo,JP,61014,9.7,true
EMP13898,Radia Liskov,radia.liskov3898@example.com,Design,Finance Analyst,Dublin,IE,109282,10.5,true
EMP13899,Lucas Hopper,lucas.hopper3899@example.com,Design,DevOps Engineer,New York,US,109235,12.0,true
EMP13900,Theo Turing,theo.turing3900@example.com,Sales,Customer Success,London,UK,76696,7.8,true
EMP13901,Linus Turing,linus.turing3901@example.com,Design,Finance Analyst,New York,US,103866,10.9,false
EMP13902,Ivan Liskov,ivan.liskov3902@example.com,Customer Success,Product Manager,Toronto,CA,108643,9.8,false
EMP13903,Yuki Müller,yuki.müller3903@example.com,Finance,Product Manager,Dublin,IE,130832,11.2,true
EMP13904,Noah Berners-Lee,noah.berners-lee3904@example.com,Operations,Sales Rep,Tokyo,JP,97731,2.6,true
EMP13905,Alan Torvalds,alan.torvalds3905@example.com,Finance,Sales Rep,London,UK,108433,1.2,true
EMP13906,Carlos Silva,carlos.silva3906@example.com,Finance,Customer Success,Paris,FR,118966,3.0,true
EMP13907,Radia Kowalski,radia.kowalski3907@example.com,Finance,DevOps Engineer,Tokyo,JP,154426,8.0,false
EMP13908,Carlos Kowalski,carlos.kowalski3908@example.com,Operations,UX Designer,Berlin,DE,127847,7.2,false
EMP13909,Fatima Johnson,fatima.johnson3909@example.com,Finance,Data Analyst,Dublin,IE,81391,6.8,false
EMP13910,Theo Johnson,theo.johnson3910@example.com,Design,Finance Analyst,London,UK,101780,6.1,true
EMP13911,Amara Hamilton,amara.hamilton3911@example.com,Customer Success,Finance Analyst,Toronto,CA,52893,7.0,false
EMP13912,Margaret Johnson,margaret.johnson3912@example.com,Customer Success,Sales Rep,Sydney,AU,76068,1.7,false
EMP13913,Margaret Okafor,margaret.okafor3913@example.com,Customer Success,Customer Success,Paris,FR,62052,10.7,true
EMP13914,Yuki Cerf,yuki.cerf3914@example.com,Design,UX Designer,London,UK,110680,1.4,true
EMP13915,Maya Liskov,maya.liskov3915@example.com,Engineering,Finance Analyst,Singapore,SG,115148,5.6,true
EMP13916,Linus Perlman,linus.perlman3916@example.com,Design,QA Engineer,New York,US,99282,9.3,true
EMP13917,Chen Nakamura,chen.nakamura3917@example.com,Marketing,Customer Success,Tokyo,JP,124295,2.8,false
EMP13918,Chen Cerf,chen.cerf3918@example.com,Customer Success,Marketing Lead,Sydney,AU,45282,1.0,false
EMP13919,Tim Silva,tim.silva3919@example.com,Customer Success,UX Designer,Paris,FR,150590,6.9,false
EMP13920,Barbara Chen,barbara.chen3920@example.com,Operations,UX Designer,São Paulo,BR,155419,5.2,true
EMP13921,Barbara Müller,barbara.müller3921@example.com,Finance,DevOps Engineer,Berlin,DE,131625,0.1,true
EMP13922,Ada Turing,ada.turing3922@example.com,Design,Finance Analyst,Nairobi,KE,48577,10.6,true
EMP13923,Nina Turing,nina.turing3923@example.com,Operations,Finance Analyst,London,UK,99653,7.8,true
EMP13924,Aisha Nakamura,aisha.nakamura3924@example.com,Engineering,Product Manager,Dublin,IE,45539,4.0,true
EMP13925,Amara Perlman,amara.perlman3925@example.com,Design,Data Analyst,Berlin,DE,68195,8.5,true
EMP13926,Fatima Okafor,fatima.okafor3926@example.com,Design,Software Engineer,Sydney,AU,145261,1.6,true
EMP13927,Maya Perlman,maya.perlman3927@example.com,Design,Customer Success,Sydney,AU,130353,3.0,true
EMP13928,Fatima Chen,fatima.chen3928@example.com,Operations,Customer Success,Sydney,AU,151668,5.0,false
EMP13929,Carlos Perlman,carlos.perlman3929@example.com,Engineering,Product Manager,São Paulo,BR,75205,10.0,false
EMP13930,Chen Andersson,chen.andersson3930@example.com,Finance,Software Engineer,Paris,FR,52482,0.7,true
EMP13931,Barbara Nakamura,barbara.nakamura3931@example.com,Sales,QA Engineer,Paris,FR,63871,8.5,true
EMP13932,Ivan Chen,ivan.chen3932@example.com,Operations,Sales Rep,London,UK,92068,1.9,true
EMP13933,Nina Perlman,nina.perlman3933@example.com,Operations,Software Engineer,Sydney,AU,139307,1.3,true
EMP13934,Priya Chen,priya.chen3934@example.com,Design,Finance Analyst,London,UK,113231,10.6,true
EMP13935,Omar Okafor,omar.okafor3935@example.com,Customer Success,Product Manager,New York,US,103749,11.9,true
EMP13936,Katherine Hamilton,katherine.hamilton3936@example.com,Operations,DevOps Engineer,São Paulo,BR,45159,8.7,true
EMP13937,Aisha Müller,aisha.müller3937@example.com,Operations,Sales Rep,Dublin,IE,79871,1.6,false
EMP13938,Vint Silva,vint.silva3938@example.com,Operations,Data Analyst,Dublin,IE,121614,1.8,true
EMP13939,Theo Cerf,theo.cerf3939@example.com,Design,Product Manager,Amsterdam,NL,60545,8.8,true
EMP13940,Yuki Hamilton,yuki.hamilton3940@example.com,Engineering,Marketing Lead,Sydney,AU,98036,1.2,true
EMP13941,Chen Hamilton,chen.hamilton3941@example.com,Engineering,Sales Rep,Amsterdam,NL,132136,4.5,true
EMP13942,Ivan Nakamura,ivan.nakamura3942@example.com,Product,Product Manager,Dublin,IE,145028,8.4,true
EMP13943,Maya Hamilton,maya.hamilton3943@example.com,Operations,Finance Analyst,Tokyo,JP,65000,6.0,true
EMP13944,Barbara Andersson,barbara.andersson3944@example.com,Design,Product Manager,London,UK,144794,11.6,true
EMP13945,Nina Chen,nina.chen3945@example.com,Operations,DevOps Engineer,São Paulo,BR,104585,3.6,false
EMP13946,Katherine Hamilton,katherine.hamilton3946@example.com,Engineering,DevOps Engineer,Toronto,CA,77290,6.4,true
EMP13947,Carlos Andersson,carlos.andersson3947@example.com,Sales,UX Designer,São Paulo,BR,153701,4.2,true
EMP13948,Alan Okafor,alan.okafor3948@example.com,Design,Marketing Lead,Paris,FR,142513,0.1,false
EMP13949,Ivan Okafor,ivan.okafor3949@example.com,Customer Success,Finance Analyst,Berlin,DE,153314,2.1,false
EMP13950,Vint Singh,vint.singh3950@example.com,Sales,Product Manager,Tokyo,JP,56932,0.9,false
EMP13951,Elena Hopper,elena.hopper3951@example.com,Product,Marketing Lead,New York,US,158925,1.8,true
EMP13952,Leo Rossi,leo.rossi3952@example.com,Sales,Data Analyst,Dublin,IE,138499,10.7,true
EMP13953,Leo Johnson,leo.johnson3953@example.com,Engineering,Marketing Lead,São Paulo,BR,127934,5.2,true
EMP13954,Elena Andersson,elena.andersson3954@example.com,Customer Success,Sales Rep,Sydney,AU,105465,1.3,true
EMP13955,Ivan Hopper,ivan.hopper3955@example.com,Finance,Marketing Lead,New York,US,85208,11.2,true
EMP13956,Grace Hamilton,grace.hamilton3956@example.com,Design,Software Engineer,New York,US,154116,5.2,true
EMP13957,Tim Singh,tim.singh3957@example.com,Sales,Finance Analyst,Amsterdam,NL,93764,11.5,false
EMP13958,Noah Torvalds,noah.torvalds3958@example.com,Finance,DevOps Engineer,Berlin,DE,135520,11.6,false
EMP13959,Katherine Hamilton,katherine.hamilton3959@example.com,Finance,UX Designer,Dublin,IE,48657,4.1,false
EMP13960,Noah Torvalds,noah.torvalds3960@example.com,Design,UX Designer,Berlin,DE,73842,0.8,false
EMP13961,Elena Torvalds,elena.torvalds3961@example.com,Marketing,Finance Analyst,Dublin,IE,129100,11.2,true
EMP13962,Radia Chen,radia.chen3962@example.com,Marketing,Sales Rep,São Paulo,BR,117164,1.0,false
EMP13963,Theo Chen,theo.chen3963@example.com,Customer Success,Customer Success,Amsterdam,NL,110344,7.8,true
EMP13964,Omar Nakamura,omar.nakamura3964@example.com,Finance,Sales Rep,Paris,FR,144257,0.6,false
EMP13965,Ivan Kowalski,ivan.kowalski3965@example.com,Customer Success,Software Engineer,São Paulo,BR,108403,4.4,false
EMP13966,Radia Kowalski,radia.kowalski3966@example.com,Design,UX Designer,Dublin,IE,70579,6.4,false
EMP13967,Alan Hopper,alan.hopper3967@example.com,Product,Marketing Lead,Nairobi,KE,119854,11.2,true
EMP13968,Carlos Liskov,carlos.liskov3968@example.com,Customer Success,Sales Rep,Singapore,SG,132359,5.0,true
EMP13969,James Singh,james.singh3969@example.com,Design,UX Designer,São Paulo,BR,134077,6.6,true
EMP13970,James Chen,james.chen3970@example.com,Operations,Customer Success,Sydney,AU,56327,5.8,false
EMP13971,Leo Nakamura,leo.nakamura3971@example.com,Design,Finance Analyst,Tokyo,JP,90262,1.4,false
EMP13972,Yuki Singh,yuki.singh3972@example.com,Marketing,Marketing Lead,Amsterdam,NL,164995,0.7,true
EMP13973,Radia Petrov,radia.petrov3973@example.com,Finance,Data Analyst,Sydney,AU,126269,11.0,false
EMP13974,Tim Liskov,tim.liskov3974@example.com,Finance,Product Manager,Toronto,CA,141990,11.8,false
EMP13975,Nina Turing,nina.turing3975@example.com,Operations,DevOps Engineer,Dublin,IE,120541,5.5,false
EMP13976,Maya Kowalski,maya.kowalski3976@example.com,Finance,Software Engineer,Tokyo,JP,148260,3.2,true
EMP13977,Maya Johnson,maya.johnson3977@example.com,Design,Data Analyst,Paris,FR,155164,1.3,true
EMP13978,Vint Andersson,vint.andersson3978@example.com,Engineering,Sales Rep,Sydney,AU,58724,10.2,false
EMP13979,Chen Rossi,chen.rossi3979@example.com,Sales,DevOps Engineer,Dublin,IE,131375,10.6,false
EMP13980,Ada Singh,ada.singh3980@example.com,Engineering,Customer Success,São Paulo,BR,118493,2.1,false
EMP13981,Yuki Rossi,yuki.rossi3981@example.com,Design,Product Manager,Berlin,DE,125405,10.6,true
EMP13982,Sam Lovelace,sam.lovelace3982@example.com,Product,Marketing Lead,Nairobi,KE,119893,2.1,true
EMP13983,Carlos Müller,carlos.müller3983@example.com,Engineering,Customer Success,Tokyo,JP,91124,9.5,false
EMP13984,Zara Torvalds,zara.torvalds3984@example.com,Operations,Marketing Lead,Berlin,DE,134198,5.6,true
EMP13985,Sophie Okafor,sophie.okafor3985@example.com,Engineering,UX Designer,Nairobi,KE,105945,1.1,true
EMP13986,Sam Müller,sam.müller3986@example.com,Design,DevOps Engineer,Dublin,IE,162486,8.3,false
EMP13987,Priya Chen,priya.chen3987@example.com,Engineering,QA Engineer,São Paulo,BR,159078,10.9,true
EMP13988,Barbara Müller,barbara.müller3988@example.com,Operations,QA Engineer,Nairobi,KE,102519,3.0,false
EMP13989,Alan Hopper,alan.hopper3989@example.com,Customer Success,Finance Analyst,New York,US,118147,3.0,false
EMP13990,Sophie Liskov,sophie.liskov3990@example.com,Finance,Product Manager,Sydney,AU,73038,2.1,true
EMP13991,Lucas Rossi,lucas.rossi3991@example.com,Marketing,Software Engineer,New York,US,58584,9.9,false
EMP13992,Barbara Perlman,barbara.perlman3992@example.com,Customer Success,Marketing Lead,São Paulo,BR,54788,4.9,false
EMP13993,Ada Hamilton,ada.hamilton3993@example.com,Operations,Product Manager,Singapore,SG,110505,11.1,true
EMP13994,Theo Hamilton,theo.hamilton3994@example.com,Marketing,QA Engineer,Singapore,SG,162066,4.1,false
EMP13995,Priya Rossi,priya.rossi3995@example.com,Operations,Product Manager,São Paulo,BR,101479,1.1,true
EMP13996,Barbara Cerf,barbara.cerf3996@example.com,Sales,Finance Analyst,Paris,FR,78460,1.2,false
EMP13997,Sophie Silva,sophie.silva3997@example.com,Sales,Software Engineer,Berlin,DE,117839,7.4,true
EMP13998,Yuki Hamilton,yuki.hamilton3998@example.com,Finance,Finance Analyst,Nairobi,KE,81997,3.3,false
EMP13999,Sophie Okafor,sophie.okafor3999@example.com,Operations,UX Designer,New York,US,106911,1.6,false
EMP14000,Margaret Torvalds,margaret.torvalds4000@example.com,Design,UX Designer,Paris,FR,116493,7.3,false
